{
  "type": "FeatureCollection",
  "features": [
    {
      "type": "Feature",
      "geometry": {
        "type": "Point",
        "coordinates": [
          128.0,
          -14.3
        ]
      },
      "properties": {
        "id": 1,
        "color": "green",
        "fillColor": "green",
        "strokeColor": "green",
        "strokeWidth": 2,
        "borderColor": "green",
        "boderWidth": 2
      }
    },
    {
      "type": "Feature",
      "geometry": {
        "type": "Polygon",
        "coordinates": [
          [
            [
              126.8,
              -15.83
            ],
            [
              126.8015,
              -15.83
            ],
            [
              126.8029,
              -15.8299
            ],
            [
              126.8044,
              -15.8297
            ],
            [
              126.8059,
              -15.8294
            ],
            [
              126.8073,
              -15.8291
            ],
            [
              126.8087,
              -15.8287
            ],
            [
              126.8101,
              -15.8282
            ],
            [
              126.8115,
              -15.8277
            ],
            [
              126.8128,
              -15.8271
            ],
            [
              126.8141,
              -15.8265
            ],
            [
              126.8154,
              -15.8257
            ],
            [
              126.8167,
              -15.8249
            ],
            [
              126.8179,
              -15.8241
            ],
            [
              126.819,
              -15.8232
            ],
            [
              126.8201,
              -15.8222
            ],
            [
              126.8212,
              -15.8212
            ],
            [
              126.8222,
              -15.8201
            ],
            [
              126.8232,
              -15.819
            ],
            [
              126.8241,
              -15.8179
            ],
            [
              126.8249,
              -15.8167
            ],
            [
              126.8257,
              -15.8154
            ],
            [
              126.8265,
              -15.8141
            ],
            [
              126.8271,
              -15.8128
            ],
            [
              126.8277,
              -15.8115
            ],
            [
              126.8282,
              -15.8101
            ],
            [
              126.8287,
              -15.8087
            ],
            [
              126.8291,
              -15.8073
            ],
            [
              126.8294,
              -15.8059
            ],
            [
              126.8297,
              -15.8044
            ],
            [
              126.8299,
              -15.8029
            ],
            [
              126.83,
              -15.8015
            ],
            [
              126.83,
              -15.8
            ],
            [
              126.83,
              -15.7985
            ],
            [
              126.8299,
              -15.7971
            ],
            [
              126.8297,
              -15.7956
            ],
            [
              126.8294,
              -15.7941
            ],
            [
              126.8291,
              -15.7927
            ],
            [
              126.8287,
              -15.7913
            ],
            [
              126.8282,
              -15.7899
            ],
            [
              126.8277,
              -15.7885
            ],
            [
              126.8271,
              -15.7872
            ],
            [
              126.8265,
              -15.7859
            ],
            [
              126.8257,
              -15.7846
            ],
            [
              126.8249,
              -15.7833
            ],
            [
              126.8241,
              -15.7821
            ],
            [
              126.8232,
              -15.781
            ],
            [
              126.8222,
              -15.7799
            ],
            [
              126.8212,
              -15.7788
            ],
            [
              126.8201,
              -15.7778
            ],
            [
              126.819,
              -15.7768
            ],
            [
              126.8179,
              -15.7759
            ],
            [
              126.8167,
              -15.7751
            ],
            [
              126.8154,
              -15.7743
            ],
            [
              126.8141,
              -15.7735
            ],
            [
              126.8128,
              -15.7729
            ],
            [
              126.8115,
              -15.7723
            ],
            [
              126.8101,
              -15.7718
            ],
            [
              126.8087,
              -15.7713
            ],
            [
              126.8073,
              -15.7709
            ],
            [
              126.8059,
              -15.7706
            ],
            [
              126.8044,
              -15.7703
            ],
            [
              126.8029,
              -15.7701
            ],
            [
              126.8015,
              -15.77
            ],
            [
              126.8,
              -15.77
            ],
            [
              126.7985,
              -15.77
            ],
            [
              126.7971,
              -15.7701
            ],
            [
              126.7956,
              -15.7703
            ],
            [
              126.7941,
              -15.7706
            ],
            [
              126.7927,
              -15.7709
            ],
            [
              126.7913,
              -15.7713
            ],
            [
              126.7899,
              -15.7718
            ],
            [
              126.7885,
              -15.7723
            ],
            [
              126.7872,
              -15.7729
            ],
            [
              126.7859,
              -15.7735
            ],
            [
              126.7846,
              -15.7743
            ],
            [
              126.7833,
              -15.7751
            ],
            [
              126.7821,
              -15.7759
            ],
            [
              126.781,
              -15.7768
            ],
            [
              126.7799,
              -15.7778
            ],
            [
              126.7788,
              -15.7788
            ],
            [
              126.7778,
              -15.7799
            ],
            [
              126.7768,
              -15.781
            ],
            [
              126.7759,
              -15.7821
            ],
            [
              126.7751,
              -15.7833
            ],
            [
              126.7743,
              -15.7846
            ],
            [
              126.7735,
              -15.7859
            ],
            [
              126.7729,
              -15.7872
            ],
            [
              126.7723,
              -15.7885
            ],
            [
              126.7718,
              -15.7899
            ],
            [
              126.7713,
              -15.7913
            ],
            [
              126.7709,
              -15.7927
            ],
            [
              126.7706,
              -15.7941
            ],
            [
              126.7703,
              -15.7956
            ],
            [
              126.7701,
              -15.7971
            ],
            [
              126.77,
              -15.7985
            ],
            [
              126.77,
              -15.8
            ],
            [
              126.77,
              -15.8015
            ],
            [
              126.7701,
              -15.8029
            ],
            [
              126.7703,
              -15.8044
            ],
            [
              126.7706,
              -15.8059
            ],
            [
              126.7709,
              -15.8073
            ],
            [
              126.7713,
              -15.8087
            ],
            [
              126.7718,
              -15.8101
            ],
            [
              126.7723,
              -15.8115
            ],
            [
              126.7729,
              -15.8128
            ],
            [
              126.7735,
              -15.8141
            ],
            [
              126.7743,
              -15.8154
            ],
            [
              126.7751,
              -15.8167
            ],
            [
              126.7759,
              -15.8179
            ],
            [
              126.7768,
              -15.819
            ],
            [
              126.7778,
              -15.8201
            ],
            [
              126.7788,
              -15.8212
            ],
            [
              126.7799,
              -15.8222
            ],
            [
              126.781,
              -15.8232
            ],
            [
              126.7821,
              -15.8241
            ],
            [
              126.7833,
              -15.8249
            ],
            [
              126.7846,
              -15.8257
            ],
            [
              126.7859,
              -15.8265
            ],
            [
              126.7872,
              -15.8271
            ],
            [
              126.7885,
              -15.8277
            ],
            [
              126.7899,
              -15.8282
            ],
            [
              126.7913,
              -15.8287
            ],
            [
              126.7927,
              -15.8291
            ],
            [
              126.7941,
              -15.8294
            ],
            [
              126.7956,
              -15.8297
            ],
            [
              126.7971,
              -15.8299
            ],
            [
              126.7985,
              -15.83
            ],
            [
              126.8,
              -15.83
            ]
          ]
        ]
      },
      "properties": {
        "id": 2,
        "color": "green",
        "fillColor": "green",
        "strokeColor": "green",
        "strokeWidth": 2,
        "borderColor": "green",
        "boderWidth": 2
      }
    },
    {
      "type": "Feature",
      "geometry": {
        "type": "Polygon",
        "coordinates": [
          [
            [
              131.8,
              -11.73
            ],
            [
              131.8015,
              -11.73
            ],
            [
              131.8029,
              -11.7299
            ],
            [
              131.8044,
              -11.7297
            ],
            [
              131.8059,
              -11.7294
            ],
            [
              131.8073,
              -11.7291
            ],
            [
              131.8087,
              -11.7287
            ],
            [
              131.8101,
              -11.7282
            ],
            [
              131.8115,
              -11.7277
            ],
            [
              131.8128,
              -11.7271
            ],
            [
              131.8141,
              -11.7265
            ],
            [
              131.8154,
              -11.7257
            ],
            [
              131.8167,
              -11.7249
            ],
            [
              131.8179,
              -11.7241
            ],
            [
              131.819,
              -11.7232
            ],
            [
              131.8201,
              -11.7222
            ],
            [
              131.8212,
              -11.7212
            ],
            [
              131.8222,
              -11.7201
            ],
            [
              131.8232,
              -11.719
            ],
            [
              131.8241,
              -11.7179
            ],
            [
              131.8249,
              -11.7167
            ],
            [
              131.8257,
              -11.7154
            ],
            [
              131.8265,
              -11.7141
            ],
            [
              131.8271,
              -11.7128
            ],
            [
              131.8277,
              -11.7115
            ],
            [
              131.8282,
              -11.7101
            ],
            [
              131.8287,
              -11.7087
            ],
            [
              131.8291,
              -11.7073
            ],
            [
              131.8294,
              -11.7059
            ],
            [
              131.8297,
              -11.7044
            ],
            [
              131.8299,
              -11.7029
            ],
            [
              131.83,
              -11.7015
            ],
            [
              131.83,
              -11.7
            ],
            [
              131.83,
              -11.6985
            ],
            [
              131.8299,
              -11.6971
            ],
            [
              131.8297,
              -11.6956
            ],
            [
              131.8294,
              -11.6941
            ],
            [
              131.8291,
              -11.6927
            ],
            [
              131.8287,
              -11.6913
            ],
            [
              131.8282,
              -11.6899
            ],
            [
              131.8277,
              -11.6885
            ],
            [
              131.8271,
              -11.6872
            ],
            [
              131.8265,
              -11.6859
            ],
            [
              131.8257,
              -11.6846
            ],
            [
              131.8249,
              -11.6833
            ],
            [
              131.8241,
              -11.6821
            ],
            [
              131.8232,
              -11.681
            ],
            [
              131.8222,
              -11.6799
            ],
            [
              131.8212,
              -11.6788
            ],
            [
              131.8201,
              -11.6778
            ],
            [
              131.819,
              -11.6768
            ],
            [
              131.8179,
              -11.6759
            ],
            [
              131.8167,
              -11.6751
            ],
            [
              131.8154,
              -11.6743
            ],
            [
              131.8141,
              -11.6735
            ],
            [
              131.8128,
              -11.6729
            ],
            [
              131.8115,
              -11.6723
            ],
            [
              131.8101,
              -11.6718
            ],
            [
              131.8087,
              -11.6713
            ],
            [
              131.8073,
              -11.6709
            ],
            [
              131.8059,
              -11.6706
            ],
            [
              131.8044,
              -11.6703
            ],
            [
              131.8029,
              -11.6701
            ],
            [
              131.8015,
              -11.67
            ],
            [
              131.8,
              -11.67
            ],
            [
              131.7985,
              -11.67
            ],
            [
              131.7971,
              -11.6701
            ],
            [
              131.7956,
              -11.6703
            ],
            [
              131.7941,
              -11.6706
            ],
            [
              131.7927,
              -11.6709
            ],
            [
              131.7913,
              -11.6713
            ],
            [
              131.7899,
              -11.6718
            ],
            [
              131.7885,
              -11.6723
            ],
            [
              131.7872,
              -11.6729
            ],
            [
              131.7859,
              -11.6735
            ],
            [
              131.7846,
              -11.6743
            ],
            [
              131.7833,
              -11.6751
            ],
            [
              131.7821,
              -11.6759
            ],
            [
              131.781,
              -11.6768
            ],
            [
              131.7799,
              -11.6778
            ],
            [
              131.7788,
              -11.6788
            ],
            [
              131.7778,
              -11.6799
            ],
            [
              131.7768,
              -11.681
            ],
            [
              131.7759,
              -11.6821
            ],
            [
              131.7751,
              -11.6833
            ],
            [
              131.7743,
              -11.6846
            ],
            [
              131.7735,
              -11.6859
            ],
            [
              131.7729,
              -11.6872
            ],
            [
              131.7723,
              -11.6885
            ],
            [
              131.7718,
              -11.6899
            ],
            [
              131.7713,
              -11.6913
            ],
            [
              131.7709,
              -11.6927
            ],
            [
              131.7706,
              -11.6941
            ],
            [
              131.7703,
              -11.6956
            ],
            [
              131.7701,
              -11.6971
            ],
            [
              131.77,
              -11.6985
            ],
            [
              131.77,
              -11.7
            ],
            [
              131.77,
              -11.7015
            ],
            [
              131.7701,
              -11.7029
            ],
            [
              131.7703,
              -11.7044
            ],
            [
              131.7706,
              -11.7059
            ],
            [
              131.7709,
              -11.7073
            ],
            [
              131.7713,
              -11.7087
            ],
            [
              131.7718,
              -11.7101
            ],
            [
              131.7723,
              -11.7115
            ],
            [
              131.7729,
              -11.7128
            ],
            [
              131.7735,
              -11.7141
            ],
            [
              131.7743,
              -11.7154
            ],
            [
              131.7751,
              -11.7167
            ],
            [
              131.7759,
              -11.7179
            ],
            [
              131.7768,
              -11.719
            ],
            [
              131.7778,
              -11.7201
            ],
            [
              131.7788,
              -11.7212
            ],
            [
              131.7799,
              -11.7222
            ],
            [
              131.781,
              -11.7232
            ],
            [
              131.7821,
              -11.7241
            ],
            [
              131.7833,
              -11.7249
            ],
            [
              131.7846,
              -11.7257
            ],
            [
              131.7859,
              -11.7265
            ],
            [
              131.7872,
              -11.7271
            ],
            [
              131.7885,
              -11.7277
            ],
            [
              131.7899,
              -11.7282
            ],
            [
              131.7913,
              -11.7287
            ],
            [
              131.7927,
              -11.7291
            ],
            [
              131.7941,
              -11.7294
            ],
            [
              131.7956,
              -11.7297
            ],
            [
              131.7971,
              -11.7299
            ],
            [
              131.7985,
              -11.73
            ],
            [
              131.8,
              -11.73
            ]
          ]
        ]
      },
      "properties": {
        "id": 3,
        "color": "green",
        "fillColor": "green",
        "strokeColor": "green",
        "strokeWidth": 2,
        "borderColor": "green",
        "boderWidth": 2
      }
    },
    {
      "type": "Feature",
      "geometry": {
        "type": "Polygon",
        "coordinates": [
          [
            [
              41.1833,
              13.8
            ],
            [
              41.1833,
              13.8
            ],
            [
              41.2833,
              9.4333
            ],
            [
              66.3333,
              21.0
            ],
            [
              64.75,
              23.7333
            ],
            [
              41.1833,
              13.8
            ]
          ]
        ]
      },
      "properties": {
        "id": 4,
        "color": "green",
        "fillColor": "green",
        "strokeColor": "green",
        "strokeWidth": 2,
        "borderColor": "green",
        "boderWidth": 2
      }
    },
    {
      "type": "Feature",
      "geometry": {
        "type": "LineString",
        "coordinates": [
          [
            131.8,
            -9.8
          ],
          [
            132.4,
            -9.5
          ]
        ]
      },
      "properties": {
        "id": 5,
        "color": "green",
        "fillColor": "green",
        "strokeColor": "green",
        "strokeWidth": 2,
        "borderColor": "green",
        "boderWidth": 2
      }
    },
    {
      "type": "Feature",
      "geometry": {
        "type": "LineString",
        "coordinates": [
          [
            128.9,
            -13.6
          ],
          [
            128.5,
            -13.9
          ]
        ]
      },
      "properties": {
        "id": 6,
        "color": "green",
        "fillColor": "green",
        "strokeColor": "green",
        "strokeWidth": 2,
        "borderColor": "green",
        "boderWidth": 2
      }
    },
    {
      "type": "Feature",
      "geometry": {
        "type": "LineString",
        "coordinates": [
          [
            133.0,
            -10.4
          ],
          [
            132.5,
            -10.3
          ]
        ]
      },
      "properties": {
        "id": 7,
        "color": "green",
        "fillColor": "green",
        "strokeColor": "green",
        "strokeWidth": 2,
        "borderColor": "green",
        "boderWidth": 2
      }
    },
    {
      "type": "Feature",
      "geometry": {
        "type": "LineString",
        "coordinates": [
          [
            132.4,
            -10.7
          ],
          [
            132.2,
            -11.1
          ]
        ]
      },
      "properties": {
        "id": 8,
        "color": "green",
        "fillColor": "green",
        "strokeColor": "green",
        "strokeWidth": 2,
        "borderColor": "green",
        "boderWidth": 2
      }
    },
    {
      "type": "Feature",
      "geometry": {
        "type": "Polygon",
        "coordinates": [
          [
            [
              132.4,
              -10.73
            ],
            [
              132.4015,
              -10.73
            ],
            [
              132.4029,
              -10.7299
            ],
            [
              132.4044,
              -10.7297
            ],
            [
              132.4059,
              -10.7294
            ],
            [
              132.4073,
              -10.7291
            ],
            [
              132.4087,
              -10.7287
            ],
            [
              132.4101,
              -10.7282
            ],
            [
              132.4115,
              -10.7277
            ],
            [
              132.4128,
              -10.7271
            ],
            [
              132.4141,
              -10.7265
            ],
            [
              132.4154,
              -10.7257
            ],
            [
              132.4167,
              -10.7249
            ],
            [
              132.4179,
              -10.7241
            ],
            [
              132.419,
              -10.7232
            ],
            [
              132.4201,
              -10.7222
            ],
            [
              132.4212,
              -10.7212
            ],
            [
              132.4222,
              -10.7201
            ],
            [
              132.4232,
              -10.719
            ],
            [
              132.4241,
              -10.7179
            ],
            [
              132.4249,
              -10.7167
            ],
            [
              132.4257,
              -10.7154
            ],
            [
              132.4265,
              -10.7141
            ],
            [
              132.4271,
              -10.7128
            ],
            [
              132.4277,
              -10.7115
            ],
            [
              132.4282,
              -10.7101
            ],
            [
              132.4287,
              -10.7087
            ],
            [
              132.4291,
              -10.7073
            ],
            [
              132.4294,
              -10.7059
            ],
            [
              132.4297,
              -10.7044
            ],
            [
              132.4299,
              -10.7029
            ],
            [
              132.43,
              -10.7015
            ],
            [
              132.43,
              -10.7
            ],
            [
              132.43,
              -10.6985
            ],
            [
              132.4299,
              -10.6971
            ],
            [
              132.4297,
              -10.6956
            ],
            [
              132.4294,
              -10.6941
            ],
            [
              132.4291,
              -10.6927
            ],
            [
              132.4287,
              -10.6913
            ],
            [
              132.4282,
              -10.6899
            ],
            [
              132.4277,
              -10.6885
            ],
            [
              132.4271,
              -10.6872
            ],
            [
              132.4265,
              -10.6859
            ],
            [
              132.4257,
              -10.6846
            ],
            [
              132.4249,
              -10.6833
            ],
            [
              132.4241,
              -10.6821
            ],
            [
              132.4232,
              -10.681
            ],
            [
              132.4222,
              -10.6799
            ],
            [
              132.4212,
              -10.6788
            ],
            [
              132.4201,
              -10.6778
            ],
            [
              132.419,
              -10.6768
            ],
            [
              132.4179,
              -10.6759
            ],
            [
              132.4167,
              -10.6751
            ],
            [
              132.4154,
              -10.6743
            ],
            [
              132.4141,
              -10.6735
            ],
            [
              132.4128,
              -10.6729
            ],
            [
              132.4115,
              -10.6723
            ],
            [
              132.4101,
              -10.6718
            ],
            [
              132.4087,
              -10.6713
            ],
            [
              132.4073,
              -10.6709
            ],
            [
              132.4059,
              -10.6706
            ],
            [
              132.4044,
              -10.6703
            ],
            [
              132.4029,
              -10.6701
            ],
            [
              132.4015,
              -10.67
            ],
            [
              132.4,
              -10.67
            ],
            [
              132.3985,
              -10.67
            ],
            [
              132.3971,
              -10.6701
            ],
            [
              132.3956,
              -10.6703
            ],
            [
              132.3941,
              -10.6706
            ],
            [
              132.3927,
              -10.6709
            ],
            [
              132.3913,
              -10.6713
            ],
            [
              132.3899,
              -10.6718
            ],
            [
              132.3885,
              -10.6723
            ],
            [
              132.3872,
              -10.6729
            ],
            [
              132.3859,
              -10.6735
            ],
            [
              132.3846,
              -10.6743
            ],
            [
              132.3833,
              -10.6751
            ],
            [
              132.3821,
              -10.6759
            ],
            [
              132.381,
              -10.6768
            ],
            [
              132.3799,
              -10.6778
            ],
            [
              132.3788,
              -10.6788
            ],
            [
              132.3778,
              -10.6799
            ],
            [
              132.3768,
              -10.681
            ],
            [
              132.3759,
              -10.6821
            ],
            [
              132.3751,
              -10.6833
            ],
            [
              132.3743,
              -10.6846
            ],
            [
              132.3735,
              -10.6859
            ],
            [
              132.3729,
              -10.6872
            ],
            [
              132.3723,
              -10.6885
            ],
            [
              132.3718,
              -10.6899
            ],
            [
              132.3713,
              -10.6913
            ],
            [
              132.3709,
              -10.6927
            ],
            [
              132.3706,
              -10.6941
            ],
            [
              132.3703,
              -10.6956
            ],
            [
              132.3701,
              -10.6971
            ],
            [
              132.37,
              -10.6985
            ],
            [
              132.37,
              -10.7
            ],
            [
              132.37,
              -10.7015
            ],
            [
              132.3701,
              -10.7029
            ],
            [
              132.3703,
              -10.7044
            ],
            [
              132.3706,
              -10.7059
            ],
            [
              132.3709,
              -10.7073
            ],
            [
              132.3713,
              -10.7087
            ],
            [
              132.3718,
              -10.7101
            ],
            [
              132.3723,
              -10.7115
            ],
            [
              132.3729,
              -10.7128
            ],
            [
              132.3735,
              -10.7141
            ],
            [
              132.3743,
              -10.7154
            ],
            [
              132.3751,
              -10.7167
            ],
            [
              132.3759,
              -10.7179
            ],
            [
              132.3768,
              -10.719
            ],
            [
              132.3778,
              -10.7201
            ],
            [
              132.3788,
              -10.7212
            ],
            [
              132.3799,
              -10.7222
            ],
            [
              132.381,
              -10.7232
            ],
            [
              132.3821,
              -10.7241
            ],
            [
              132.3833,
              -10.7249
            ],
            [
              132.3846,
              -10.7257
            ],
            [
              132.3859,
              -10.7265
            ],
            [
              132.3872,
              -10.7271
            ],
            [
              132.3885,
              -10.7277
            ],
            [
              132.3899,
              -10.7282
            ],
            [
              132.3913,
              -10.7287
            ],
            [
              132.3927,
              -10.7291
            ],
            [
              132.3941,
              -10.7294
            ],
            [
              132.3956,
              -10.7297
            ],
            [
              132.3971,
              -10.7299
            ],
            [
              132.3985,
              -10.73
            ],
            [
              132.4,
              -10.73
            ]
          ]
        ]
      },
      "properties": {
        "id": 9,
        "color": "green",
        "fillColor": "green",
        "strokeColor": "green",
        "strokeWidth": 2,
        "borderColor": "green",
        "boderWidth": 2
      }
    },
    {
      "type": "Feature",
      "geometry": {
        "type": "Polygon",
        "coordinates": [
          [
            [
              127.6,
              -14.3334
            ],
            [
              127.6,
              -14.3334
            ],
            [
              127.597,
              -14.3335
            ],
            [
              127.594,
              -14.3335
            ],
            [
              127.591,
              -14.3337
            ],
            [
              127.588,
              -14.3339
            ],
            [
              127.585,
              -14.3341
            ],
            [
              127.582,
              -14.3344
            ],
            [
              127.579,
              -14.3347
            ],
            [
              127.5761,
              -14.3351
            ],
            [
              127.5731,
              -14.3355
            ],
            [
              127.5701,
              -14.336
            ],
            [
              127.5672,
              -14.3365
            ],
            [
              127.5642,
              -14.3371
            ],
            [
              127.5613,
              -14.3377
            ],
            [
              127.5584,
              -14.3384
            ],
            [
              127.5555,
              -14.3391
            ],
            [
              127.5526,
              -14.3399
            ],
            [
              127.5497,
              -14.3407
            ],
            [
              127.5468,
              -14.3416
            ],
            [
              127.544,
              -14.3425
            ],
            [
              127.5412,
              -14.3435
            ],
            [
              127.5383,
              -14.3445
            ],
            [
              127.5356,
              -14.3456
            ],
            [
              127.5328,
              -14.3467
            ],
            [
              127.53,
              -14.3478
            ],
            [
              127.5273,
              -14.3491
            ],
            [
              127.5246,
              -14.3503
            ],
            [
              127.5219,
              -14.3516
            ],
            [
              127.5192,
              -14.3529
            ],
            [
              127.5166,
              -14.3543
            ],
            [
              127.514,
              -14.3558
            ],
            [
              127.5114,
              -14.3572
            ],
            [
              127.5088,
              -14.3588
            ],
            [
              127.5063,
              -14.3603
            ],
            [
              127.5038,
              -14.3619
            ],
            [
              127.5013,
              -14.3636
            ],
            [
              127.4989,
              -14.3653
            ],
            [
              127.4965,
              -14.367
            ],
            [
              127.4941,
              -14.3688
            ],
            [
              127.4917,
              -14.3706
            ],
            [
              127.4894,
              -14.3724
            ],
            [
              127.4871,
              -14.3743
            ],
            [
              127.4849,
              -14.3762
            ],
            [
              127.4827,
              -14.3782
            ],
            [
              127.4805,
              -14.3802
            ],
            [
              127.4784,
              -14.3822
            ],
            [
              127.4762,
              -14.3843
            ],
            [
              127.4742,
              -14.3864
            ],
            [
              127.4722,
              -14.3886
            ],
            [
              127.4702,
              -14.3907
            ],
            [
              127.4682,
              -14.3929
            ],
            [
              127.4663,
              -14.3952
            ],
            [
              127.4644,
              -14.3975
            ],
            [
              127.4626,
              -14.3998
            ],
            [
              127.4608,
              -14.4021
            ],
            [
              127.4591,
              -14.4045
            ],
            [
              127.4574,
              -14.4069
            ],
            [
              127.4557,
              -14.4093
            ],
            [
              127.4541,
              -14.4117
            ],
            [
              127.4525,
              -14.4142
            ],
            [
              127.451,
              -14.4167
            ],
            [
              127.4495,
              -14.4193
            ],
            [
              127.4481,
              -14.4218
            ],
            [
              127.4467,
              -14.4244
            ],
            [
              127.4454,
              -14.427
            ],
            [
              127.4441,
              -14.4296
            ],
            [
              127.4428,
              -14.4323
            ],
            [
              127.4416,
              -14.4349
            ],
            [
              127.4405,
              -14.4376
            ],
            [
              127.4394,
              -14.4403
            ],
            [
              127.4383,
              -14.443
            ],
            [
              127.4373,
              -14.4458
            ],
            [
              127.4364,
              -14.4485
            ],
            [
              127.4355,
              -14.4513
            ],
            [
              127.4346,
              -14.4541
            ],
            [
              127.4338,
              -14.4569
            ],
            [
              127.4331,
              -14.4597
            ],
            [
              127.4324,
              -14.4625
            ],
            [
              127.4317,
              -14.4654
            ],
            [
              127.4311,
              -14.4682
            ],
            [
              127.4306,
              -14.4711
            ],
            [
              127.4301,
              -14.4739
            ],
            [
              127.4296,
              -14.4768
            ],
            [
              127.4292,
              -14.4797
            ],
            [
              127.4289,
              -14.4826
            ],
            [
              127.4286,
              -14.4855
            ],
            [
              127.4284,
              -14.4884
            ],
            [
              127.4282,
              -14.4913
            ],
            [
              127.4281,
              -14.4942
            ],
            [
              127.428,
              -14.4971
            ],
            [
              127.428,
              -14.5
            ],
            [
              127.3419,
              -14.5
            ],
            [
              127.342,
              -14.5044
            ],
            [
              127.3421,
              -14.5087
            ],
            [
              127.3423,
              -14.5131
            ],
            [
              127.3426,
              -14.5174
            ],
            [
              127.3429,
              -14.5218
            ],
            [
              127.3434,
              -14.5261
            ],
            [
              127.3439,
              -14.5304
            ],
            [
              127.3445,
              -14.5348
            ],
            [
              127.3451,
              -14.5391
            ],
            [
              127.3459,
              -14.5434
            ],
            [
              127.3467,
              -14.5477
            ],
            [
              127.3476,
              -14.5519
            ],
            [
              127.3486,
              -14.5562
            ],
            [
              127.3496,
              -14.5604
            ],
            [
              127.3507,
              -14.5647
            ],
            [
              127.3519,
              -14.5689
            ],
            [
              127.3532,
              -14.573
            ],
            [
              127.3546,
              -14.5772
            ],
            [
              127.356,
              -14.5813
            ],
            [
              127.3575,
              -14.5854
            ],
            [
              127.3591,
              -14.5895
            ],
            [
              127.3607,
              -14.5936
            ],
            [
              127.3625,
              -14.5976
            ],
            [
              127.3643,
              -14.6016
            ],
            [
              127.3661,
              -14.6056
            ],
            [
              127.3681,
              -14.6095
            ],
            [
              127.3701,
              -14.6134
            ],
            [
              127.3722,
              -14.6173
            ],
            [
              127.3743,
              -14.6211
            ],
            [
              127.3765,
              -14.6249
            ],
            [
              127.3788,
              -14.6287
            ],
            [
              127.3812,
              -14.6324
            ],
            [
              127.3836,
              -14.6361
            ],
            [
              127.3861,
              -14.6397
            ],
            [
              127.3886,
              -14.6433
            ],
            [
              127.3912,
              -14.6468
            ],
            [
              127.3939,
              -14.6504
            ],
            [
              127.3967,
              -14.6538
            ],
            [
              127.3995,
              -14.6572
            ],
            [
              127.4023,
              -14.6606
            ],
            [
              127.4052,
              -14.6639
            ],
            [
              127.4082,
              -14.6672
            ],
            [
              127.4113,
              -14.6704
            ],
            [
              127.4144,
              -14.6735
            ],
            [
              127.4175,
              -14.6767
            ],
            [
              127.4207,
              -14.6797
            ],
            [
              127.424,
              -14.6827
            ],
            [
              127.4273,
              -14.6857
            ],
            [
              127.4307,
              -14.6886
            ],
            [
              127.4341,
              -14.6914
            ],
            [
              127.4376,
              -14.6942
            ],
            [
              127.4411,
              -14.6969
            ],
            [
              127.4447,
              -14.6995
            ],
            [
              127.4483,
              -14.7021
            ],
            [
              127.452,
              -14.7047
            ],
            [
              127.4557,
              -14.7071
            ],
            [
              127.4595,
              -14.7095
            ],
            [
              127.4633,
              -14.7119
            ],
            [
              127.4671,
              -14.7141
            ],
            [
              127.471,
              -14.7164
            ],
            [
              127.4749,
              -14.7185
            ],
            [
              127.4789,
              -14.7206
            ],
            [
              127.4828,
              -14.7226
            ],
            [
              127.4869,
              -14.7245
            ],
            [
              127.4909,
              -14.7264
            ],
            [
              127.495,
              -14.7282
            ],
            [
              127.4992,
              -14.73
            ],
            [
              127.5033,
              -14.7316
            ],
            [
              127.5075,
              -14.7332
            ],
            [
              127.5117,
              -14.7348
            ],
            [
              127.516,
              -14.7362
            ],
            [
              127.5203,
              -14.7376
            ],
            [
              127.5246,
              -14.7389
            ],
            [
              127.5289,
              -14.7402
            ],
            [
              127.5332,
              -14.7413
            ],
            [
              127.5376,
              -14.7424
            ],
            [
              127.542,
              -14.7434
            ],
            [
              127.5463,
              -14.7444
            ],
            [
              127.5508,
              -14.7452
            ],
            [
              127.5552,
              -14.746
            ],
            [
              127.5596,
              -14.7468
            ],
            [
              127.5641,
              -14.7474
            ],
            [
              127.5686,
              -14.748
            ],
            [
              127.573,
              -14.7485
            ],
            [
              127.5775,
              -14.7489
            ],
            [
              127.582,
              -14.7492
            ],
            [
              127.5865,
              -14.7495
            ],
            [
              127.591,
              -14.7497
            ],
            [
              127.5955,
              -14.7498
            ],
            [
              127.6,
              -14.7498
            ],
            [
              127.6,
              -14.6666
            ],
            [
              127.603,
              -14.6665
            ],
            [
              127.606,
              -14.6665
            ],
            [
              127.609,
              -14.6663
            ],
            [
              127.612,
              -14.6661
            ],
            [
              127.615,
              -14.6659
            ],
            [
              127.618,
              -14.6656
            ],
            [
              127.621,
              -14.6653
            ],
            [
              127.6239,
              -14.6649
            ],
            [
              127.6269,
              -14.6645
            ],
            [
              127.6299,
              -14.664
            ],
            [
              127.6328,
              -14.6635
            ],
            [
              127.6358,
              -14.6629
            ],
            [
              127.6387,
              -14.6623
            ],
            [
              127.6416,
              -14.6616
            ],
            [
              127.6445,
              -14.6609
            ],
            [
              127.6474,
              -14.6601
            ],
            [
              127.6503,
              -14.6593
            ],
            [
              127.6532,
              -14.6584
            ],
            [
              127.656,
              -14.6575
            ],
            [
              127.6588,
              -14.6565
            ],
            [
              127.6617,
              -14.6555
            ],
            [
              127.6644,
              -14.6544
            ],
            [
              127.6672,
              -14.6533
            ],
            [
              127.67,
              -14.6522
            ],
            [
              127.6727,
              -14.6509
            ],
            [
              127.6754,
              -14.6497
            ],
            [
              127.6781,
              -14.6484
            ],
            [
              127.6808,
              -14.6471
            ],
            [
              127.6834,
              -14.6457
            ],
            [
              127.686,
              -14.6442
            ],
            [
              127.6886,
              -14.6428
            ],
            [
              127.6912,
              -14.6412
            ],
            [
              127.6937,
              -14.6397
            ],
            [
              127.6962,
              -14.6381
            ],
            [
              127.6987,
              -14.6364
            ],
            [
              127.7011,
              -14.6347
            ],
            [
              127.7035,
              -14.633
            ],
            [
              127.7059,
              -14.6312
            ],
            [
              127.7083,
              -14.6294
            ],
            [
              127.7106,
              -14.6276
            ],
            [
              127.7129,
              -14.6257
            ],
            [
              127.7151,
              -14.6238
            ],
            [
              127.7173,
              -14.6218
            ],
            [
              127.7195,
              -14.6198
            ],
            [
              127.7216,
              -14.6178
            ],
            [
              127.7238,
              -14.6157
            ],
            [
              127.7258,
              -14.6136
            ],
            [
              127.7278,
              -14.6114
            ],
            [
              127.7298,
              -14.6093
            ],
            [
              127.7318,
              -14.6071
            ],
            [
              127.7337,
              -14.6048
            ],
            [
              127.7356,
              -14.6025
            ],
            [
              127.7374,
              -14.6002
            ],
            [
              127.7392,
              -14.5979
            ],
            [
              127.7409,
              -14.5955
            ],
            [
              127.7426,
              -14.5931
            ],
            [
              127.7443,
              -14.5907
            ],
            [
              127.7459,
              -14.5883
            ],
            [
              127.7475,
              -14.5858
            ],
            [
              127.749,
              -14.5833
            ],
            [
              127.7505,
              -14.5807
            ],
            [
              127.7519,
              -14.5782
            ],
            [
              127.7533,
              -14.5756
            ],
            [
              127.7546,
              -14.573
            ],
            [
              127.7559,
              -14.5704
            ],
            [
              127.7572,
              -14.5677
            ],
            [
              127.7584,
              -14.5651
            ],
            [
              127.7595,
              -14.5624
            ],
            [
              127.7606,
              -14.5597
            ],
            [
              127.7617,
              -14.557
            ],
            [
              127.7627,
              -14.5542
            ],
            [
              127.7636,
              -14.5515
            ],
            [
              127.7645,
              -14.5487
            ],
            [
              127.7654,
              -14.5459
            ],
            [
              127.7662,
              -14.5431
            ],
            [
              127.7669,
              -14.5403
            ],
            [
              127.7676,
              -14.5375
            ],
            [
              127.7683,
              -14.5346
            ],
            [
              127.7689,
              -14.5318
            ],
            [
              127.7694,
              -14.5289
            ],
            [
              127.7699,
              -14.5261
            ],
            [
              127.7704,
              -14.5232
            ],
            [
              127.7708,
              -14.5203
            ],
            [
              127.7711,
              -14.5174
            ],
            [
              127.7714,
              -14.5145
            ],
            [
              127.7716,
              -14.5116
            ],
            [
              127.7718,
              -14.5087
            ],
            [
              127.7719,
              -14.5058
            ],
            [
              127.772,
              -14.5029
            ],
            [
              127.772,
              -14.5
            ],
            [
              127.772,
              -14.5
            ],
            [
              127.772,
              -14.4971
            ],
            [
              127.7719,
              -14.4942
            ],
            [
              127.7718,
              -14.4913
            ],
            [
              127.7716,
              -14.4884
            ],
            [
              127.7714,
              -14.4855
            ],
            [
              127.7711,
              -14.4826
            ],
            [
              127.7708,
              -14.4797
            ],
            [
              127.7704,
              -14.4768
            ],
            [
              127.7699,
              -14.4739
            ],
            [
              127.7694,
              -14.4711
            ],
            [
              127.7689,
              -14.4682
            ],
            [
              127.7683,
              -14.4654
            ],
            [
              127.7676,
              -14.4625
            ],
            [
              127.7669,
              -14.4597
            ],
            [
              127.7662,
              -14.4569
            ],
            [
              127.7654,
              -14.4541
            ],
            [
              127.7645,
              -14.4513
            ],
            [
              127.7636,
              -14.4485
            ],
            [
              127.7627,
              -14.4458
            ],
            [
              127.7617,
              -14.443
            ],
            [
              127.7606,
              -14.4403
            ],
            [
              127.7595,
              -14.4376
            ],
            [
              127.7584,
              -14.4349
            ],
            [
              127.7572,
              -14.4323
            ],
            [
              127.7559,
              -14.4296
            ],
            [
              127.7546,
              -14.427
            ],
            [
              127.7533,
              -14.4244
            ],
            [
              127.7519,
              -14.4218
            ],
            [
              127.7505,
              -14.4193
            ],
            [
              127.749,
              -14.4167
            ],
            [
              127.7475,
              -14.4142
            ],
            [
              127.7459,
              -14.4117
            ],
            [
              127.7443,
              -14.4093
            ],
            [
              127.7426,
              -14.4069
            ],
            [
              127.7409,
              -14.4045
            ],
            [
              127.7392,
              -14.4021
            ],
            [
              127.7374,
              -14.3998
            ],
            [
              127.7356,
              -14.3975
            ],
            [
              127.7337,
              -14.3952
            ],
            [
              127.7318,
              -14.3929
            ],
            [
              127.7298,
              -14.3907
            ],
            [
              127.7278,
              -14.3886
            ],
            [
              127.7258,
              -14.3864
            ],
            [
              127.7238,
              -14.3843
            ],
            [
              127.7216,
              -14.3822
            ],
            [
              127.7195,
              -14.3802
            ],
            [
              127.7173,
              -14.3782
            ],
            [
              127.7151,
              -14.3762
            ],
            [
              127.7129,
              -14.3743
            ],
            [
              127.7106,
              -14.3724
            ],
            [
              127.7083,
              -14.3706
            ],
            [
              127.7059,
              -14.3688
            ],
            [
              127.7035,
              -14.367
            ],
            [
              127.7011,
              -14.3653
            ],
            [
              127.6987,
              -14.3636
            ],
            [
              127.6962,
              -14.3619
            ],
            [
              127.6937,
              -14.3603
            ],
            [
              127.6912,
              -14.3588
            ],
            [
              127.6886,
              -14.3572
            ],
            [
              127.686,
              -14.3558
            ],
            [
              127.6834,
              -14.3543
            ],
            [
              127.6808,
              -14.3529
            ],
            [
              127.6781,
              -14.3516
            ],
            [
              127.6754,
              -14.3503
            ],
            [
              127.6727,
              -14.3491
            ],
            [
              127.67,
              -14.3478
            ],
            [
              127.6672,
              -14.3467
            ],
            [
              127.6644,
              -14.3456
            ],
            [
              127.6617,
              -14.3445
            ],
            [
              127.6588,
              -14.3435
            ],
            [
              127.656,
              -14.3425
            ],
            [
              127.6532,
              -14.3416
            ],
            [
              127.6503,
              -14.3407
            ],
            [
              127.6474,
              -14.3399
            ],
            [
              127.6445,
              -14.3391
            ],
            [
              127.6416,
              -14.3384
            ],
            [
              127.6387,
              -14.3377
            ],
            [
              127.6358,
              -14.3371
            ],
            [
              127.6328,
              -14.3365
            ],
            [
              127.6299,
              -14.336
            ],
            [
              127.6269,
              -14.3355
            ],
            [
              127.6239,
              -14.3351
            ],
            [
              127.621,
              -14.3347
            ],
            [
              127.618,
              -14.3344
            ],
            [
              127.615,
              -14.3341
            ],
            [
              127.612,
              -14.3339
            ],
            [
              127.609,
              -14.3337
            ],
            [
              127.606,
              -14.3335
            ],
            [
              127.603,
              -14.3335
            ],
            [
              127.6,
              -14.3334
            ]
          ]
        ]
      },
      "properties": {
        "id": 10,
        "color": "Red",
        "fillColor": "Red",
        "strokeColor": "green",
        "strokeWidth": 2,
        "borderColor": "green",
        "boderWidth": 2
      }
    },
    {
      "type": "Feature",
      "geometry": {
        "type": "Polygon",
        "coordinates": [
          [
            [
              126.9,
              -15.2
            ],
            [
              126.9,
              -15.2
            ],
            [
              126.9,
              -15.2
            ],
            [
              126.9,
              -15.2
            ],
            [
              126.9,
              -15.2
            ],
            [
              126.9,
              -15.2
            ],
            [
              126.9,
              -15.2
            ],
            [
              126.9,
              -15.2
            ],
            [
              126.9,
              -15.2
            ],
            [
              126.9,
              -15.2
            ],
            [
              126.9,
              -15.2
            ],
            [
              126.9,
              -15.2
            ],
            [
              126.9,
              -15.2
            ],
            [
              126.9,
              -15.2
            ],
            [
              126.9,
              -15.2
            ],
            [
              126.9,
              -15.2
            ],
            [
              126.9,
              -15.2
            ],
            [
              126.9,
              -15.2
            ],
            [
              126.9,
              -15.2
            ],
            [
              126.9,
              -15.2
            ],
            [
              126.9,
              -15.2
            ],
            [
              126.9,
              -15.2
            ],
            [
              126.9,
              -15.2
            ],
            [
              126.9,
              -15.2
            ],
            [
              126.9,
              -15.2
            ],
            [
              126.9,
              -15.2
            ],
            [
              126.9,
              -15.2
            ],
            [
              126.9,
              -15.2
            ],
            [
              126.9,
              -15.2
            ],
            [
              126.9,
              -15.2
            ],
            [
              126.9,
              -15.2
            ],
            [
              126.9,
              -15.2
            ],
            [
              126.9,
              -15.2
            ],
            [
              126.9,
              -15.2
            ],
            [
              126.9,
              -15.2
            ],
            [
              126.9,
              -15.2
            ],
            [
              126.9,
              -15.2
            ],
            [
              126.9,
              -15.2
            ],
            [
              126.9,
              -15.2
            ],
            [
              126.9,
              -15.2
            ],
            [
              126.9,
              -15.2
            ],
            [
              126.9,
              -15.2
            ],
            [
              126.9,
              -15.2
            ],
            [
              126.9,
              -15.2
            ],
            [
              126.9,
              -15.2
            ],
            [
              126.9,
              -15.2
            ],
            [
              126.9,
              -15.2
            ],
            [
              126.9,
              -15.2
            ],
            [
              126.9,
              -15.2
            ],
            [
              126.9,
              -15.2
            ],
            [
              126.9,
              -15.2
            ],
            [
              126.9,
              -15.2
            ],
            [
              126.9,
              -15.2
            ],
            [
              126.9,
              -15.2
            ],
            [
              126.9,
              -15.2
            ],
            [
              126.9,
              -15.2
            ],
            [
              126.9,
              -15.2
            ],
            [
              126.9,
              -15.2
            ],
            [
              126.9,
              -15.2
            ],
            [
              126.9,
              -15.2
            ],
            [
              126.9,
              -15.2
            ],
            [
              126.9,
              -15.2
            ],
            [
              126.9,
              -15.2
            ],
            [
              126.9,
              -15.2
            ],
            [
              126.9,
              -15.2
            ],
            [
              126.9,
              -15.2
            ],
            [
              126.9,
              -15.2
            ],
            [
              126.9,
              -15.2
            ],
            [
              126.9,
              -15.2
            ],
            [
              126.9,
              -15.2
            ],
            [
              126.9,
              -15.2
            ],
            [
              126.9,
              -15.2
            ],
            [
              126.9,
              -15.2
            ],
            [
              126.9,
              -15.2
            ],
            [
              126.9,
              -15.2
            ],
            [
              126.9,
              -15.2
            ],
            [
              126.9,
              -15.2
            ],
            [
              126.9,
              -15.2
            ],
            [
              126.9,
              -15.2
            ],
            [
              126.9,
              -15.2
            ],
            [
              126.9,
              -15.2
            ],
            [
              126.9,
              -15.2
            ],
            [
              126.9,
              -15.2
            ],
            [
              126.9,
              -15.2
            ],
            [
              126.9,
              -15.2
            ],
            [
              126.9,
              -15.2
            ],
            [
              126.9,
              -15.2
            ],
            [
              126.9,
              -15.2
            ],
            [
              126.9,
              -15.2
            ],
            [
              126.9,
              -15.2
            ],
            [
              126.9,
              -15.2
            ],
            [
              126.9,
              -15.2
            ],
            [
              126.9,
              -15.2
            ],
            [
              126.9,
              -15.2
            ],
            [
              126.9,
              -15.2
            ],
            [
              126.9,
              -15.2
            ],
            [
              126.9,
              -15.2
            ],
            [
              126.9,
              -15.2
            ],
            [
              126.9,
              -15.2
            ],
            [
              126.9,
              -15.2
            ],
            [
              126.9,
              -15.2
            ],
            [
              126.9,
              -15.2
            ],
            [
              126.9,
              -15.2
            ],
            [
              126.9,
              -15.2
            ],
            [
              126.9,
              -15.2
            ],
            [
              126.9,
              -15.2
            ],
            [
              126.9,
              -15.2
            ],
            [
              126.9,
              -15.2
            ],
            [
              126.9,
              -15.2
            ],
            [
              126.9,
              -15.2
            ],
            [
              126.9,
              -15.2
            ],
            [
              126.9,
              -15.2
            ],
            [
              126.9,
              -15.2
            ],
            [
              126.9,
              -15.2
            ],
            [
              126.9,
              -15.2
            ],
            [
              126.9,
              -15.2
            ],
            [
              126.9,
              -15.2
            ],
            [
              126.9,
              -15.2
            ],
            [
              126.9,
              -15.2
            ],
            [
              126.9,
              -15.2
            ],
            [
              126.9,
              -15.2
            ],
            [
              126.9,
              -15.2
            ],
            [
              126.9,
              -15.2
            ],
            [
              126.9,
              -15.2
            ],
            [
              126.9,
              -15.2
            ],
            [
              126.9,
              -15.2
            ],
            [
              126.9,
              -15.2
            ],
            [
              126.9,
              -15.2
            ],
            [
              126.9,
              -15.2
            ],
            [
              126.9,
              -15.2
            ],
            [
              126.9,
              -15.2
            ],
            [
              126.9,
              -15.2
            ],
            [
              126.9,
              -15.2
            ],
            [
              126.9,
              -15.2
            ],
            [
              126.9,
              -15.2
            ],
            [
              126.9,
              -15.2
            ],
            [
              126.9,
              -15.2
            ],
            [
              126.9,
              -15.2
            ],
            [
              126.9,
              -15.2
            ],
            [
              126.9,
              -15.2
            ],
            [
              126.9,
              -15.2
            ],
            [
              126.9,
              -15.2
            ],
            [
              126.9,
              -15.2
            ],
            [
              126.9,
              -15.2
            ],
            [
              126.9,
              -15.2
            ],
            [
              126.9,
              -15.2
            ],
            [
              126.9,
              -15.2
            ],
            [
              126.9,
              -15.2
            ],
            [
              126.9,
              -15.2
            ],
            [
              126.9,
              -15.2
            ],
            [
              126.9,
              -15.2
            ],
            [
              126.9,
              -15.2
            ],
            [
              126.9,
              -15.2
            ],
            [
              126.9,
              -15.2
            ],
            [
              126.9,
              -15.2
            ],
            [
              126.9,
              -15.2
            ],
            [
              126.9,
              -15.2
            ],
            [
              126.9,
              -15.2
            ],
            [
              126.9,
              -15.2
            ],
            [
              126.9,
              -15.2
            ],
            [
              126.9,
              -15.2
            ],
            [
              126.9,
              -15.2
            ],
            [
              126.9,
              -15.2
            ],
            [
              126.9,
              -15.2
            ],
            [
              126.9,
              -15.2
            ],
            [
              126.9,
              -15.2
            ],
            [
              126.9,
              -15.2
            ],
            [
              126.9,
              -15.2
            ],
            [
              126.9,
              -15.2
            ],
            [
              126.9,
              -15.2
            ],
            [
              126.9,
              -15.2
            ],
            [
              126.9,
              -15.2
            ],
            [
              126.9,
              -15.2
            ],
            [
              126.9,
              -15.2
            ],
            [
              126.9,
              -15.2
            ],
            [
              126.9,
              -15.2
            ],
            [
              126.9,
              -15.2
            ],
            [
              126.9,
              -15.2
            ],
            [
              126.9,
              -15.2
            ],
            [
              126.9,
              -15.2
            ],
            [
              126.9,
              -15.2
            ],
            [
              126.9,
              -15.2
            ],
            [
              126.9,
              -15.2
            ],
            [
              126.9,
              -15.2
            ],
            [
              126.9,
              -15.2
            ],
            [
              126.9,
              -15.2
            ],
            [
              126.9,
              -15.2
            ],
            [
              126.9,
              -15.2
            ],
            [
              126.9,
              -15.2
            ],
            [
              126.9,
              -15.2
            ],
            [
              126.9,
              -15.2
            ],
            [
              126.9,
              -15.2
            ],
            [
              126.9,
              -15.2
            ],
            [
              126.9,
              -15.2
            ],
            [
              126.9,
              -15.2
            ],
            [
              126.9,
              -15.2
            ],
            [
              126.9,
              -15.2
            ],
            [
              126.9,
              -15.2
            ],
            [
              126.9,
              -15.2
            ],
            [
              126.9,
              -15.2
            ],
            [
              126.9,
              -15.2
            ],
            [
              126.9,
              -15.2
            ],
            [
              126.9,
              -15.2
            ],
            [
              126.9,
              -15.2
            ],
            [
              126.9,
              -15.2
            ],
            [
              126.9,
              -15.2
            ],
            [
              126.9,
              -15.2
            ],
            [
              126.9,
              -15.2
            ],
            [
              126.9,
              -15.2
            ],
            [
              126.9,
              -15.2
            ],
            [
              126.9,
              -15.2
            ],
            [
              126.9,
              -15.2
            ],
            [
              126.9,
              -15.2
            ],
            [
              126.9,
              -15.2
            ],
            [
              126.9,
              -15.2
            ],
            [
              126.9,
              -15.2
            ],
            [
              126.9,
              -15.2
            ],
            [
              126.9,
              -15.2
            ],
            [
              126.9,
              -15.2
            ],
            [
              126.9,
              -15.2
            ],
            [
              126.9,
              -15.2
            ],
            [
              126.9,
              -15.2
            ],
            [
              126.9,
              -15.2
            ],
            [
              126.9,
              -15.2
            ],
            [
              126.9,
              -15.2
            ],
            [
              126.9,
              -15.2
            ],
            [
              126.9,
              -15.2
            ],
            [
              126.9,
              -15.2
            ],
            [
              126.9,
              -15.2
            ],
            [
              126.9,
              -15.2
            ],
            [
              126.9,
              -15.2
            ],
            [
              126.9,
              -15.2
            ],
            [
              126.9,
              -15.2
            ],
            [
              126.9,
              -15.2
            ],
            [
              126.9,
              -15.2
            ],
            [
              126.9,
              -15.2
            ],
            [
              126.9,
              -15.2
            ],
            [
              126.9,
              -15.2
            ],
            [
              126.9,
              -15.2
            ],
            [
              126.9,
              -15.2
            ],
            [
              126.9,
              -15.2
            ],
            [
              126.9,
              -15.2
            ],
            [
              126.9,
              -15.2
            ],
            [
              126.9,
              -15.2
            ],
            [
              126.9,
              -15.2
            ],
            [
              126.9,
              -15.2
            ],
            [
              126.9,
              -15.2
            ],
            [
              126.9,
              -15.2
            ],
            [
              126.9,
              -15.2
            ],
            [
              126.9,
              -15.2
            ],
            [
              126.9,
              -15.2
            ],
            [
              126.9,
              -15.2
            ],
            [
              126.9,
              -15.2
            ],
            [
              126.9,
              -15.2
            ],
            [
              126.9,
              -15.2
            ],
            [
              126.9,
              -15.2
            ],
            [
              126.9,
              -15.2
            ],
            [
              126.9,
              -15.2
            ],
            [
              126.9,
              -15.2
            ],
            [
              126.9,
              -15.2
            ],
            [
              126.9,
              -15.2
            ],
            [
              126.9,
              -15.2
            ],
            [
              126.9,
              -15.2
            ],
            [
              126.9,
              -15.2
            ],
            [
              126.9,
              -15.2
            ],
            [
              126.9,
              -15.2
            ],
            [
              126.9,
              -15.2
            ],
            [
              126.9,
              -15.2
            ],
            [
              126.9,
              -15.2
            ],
            [
              126.9,
              -15.2
            ],
            [
              126.9,
              -15.2
            ],
            [
              126.9,
              -15.2
            ],
            [
              126.9,
              -15.2
            ],
            [
              126.9,
              -15.2
            ],
            [
              126.9,
              -15.2
            ],
            [
              126.9,
              -15.2
            ],
            [
              126.9,
              -15.2
            ],
            [
              126.9,
              -15.2
            ],
            [
              126.9,
              -15.2
            ],
            [
              126.9,
              -15.2
            ],
            [
              126.9,
              -15.2
            ],
            [
              126.9,
              -15.2
            ],
            [
              126.9,
              -15.2
            ],
            [
              126.9,
              -15.2
            ],
            [
              126.9,
              -15.2
            ],
            [
              126.9,
              -15.2
            ],
            [
              126.9,
              -15.2
            ],
            [
              126.9,
              -15.2
            ],
            [
              126.9,
              -15.2
            ],
            [
              126.9,
              -15.2
            ],
            [
              126.9,
              -15.2
            ],
            [
              126.9,
              -15.2
            ],
            [
              126.9,
              -15.2
            ],
            [
              126.9,
              -15.2
            ],
            [
              126.9,
              -15.2
            ],
            [
              126.9,
              -15.2
            ],
            [
              126.9,
              -15.2
            ],
            [
              126.9,
              -15.2
            ],
            [
              126.9,
              -15.2
            ],
            [
              126.9,
              -15.2
            ],
            [
              126.9,
              -15.2
            ],
            [
              126.9,
              -15.2
            ],
            [
              126.9,
              -15.2
            ],
            [
              126.9,
              -15.2
            ],
            [
              126.9,
              -15.2
            ],
            [
              126.9,
              -15.2
            ],
            [
              126.9,
              -15.2
            ],
            [
              126.9,
              -15.2
            ],
            [
              126.9,
              -15.2
            ],
            [
              126.9,
              -15.2
            ],
            [
              126.9,
              -15.2
            ],
            [
              126.9,
              -15.2
            ],
            [
              126.9,
              -15.2
            ],
            [
              126.9,
              -15.2
            ],
            [
              126.9,
              -15.2
            ],
            [
              126.9,
              -15.2
            ],
            [
              126.9,
              -15.2
            ],
            [
              126.9,
              -15.2
            ],
            [
              126.9,
              -15.2
            ],
            [
              126.9,
              -15.2
            ],
            [
              126.9,
              -15.2
            ],
            [
              126.9,
              -15.2
            ],
            [
              126.9,
              -15.2
            ],
            [
              126.9,
              -15.2
            ],
            [
              126.9,
              -15.2
            ],
            [
              126.9,
              -15.2
            ],
            [
              126.9,
              -15.2
            ],
            [
              126.9,
              -15.2
            ],
            [
              126.9,
              -15.2
            ],
            [
              126.9,
              -15.2
            ],
            [
              126.9,
              -15.2
            ],
            [
              126.9,
              -15.2
            ],
            [
              126.9,
              -15.2
            ],
            [
              126.9,
              -15.2
            ],
            [
              126.9,
              -15.2
            ],
            [
              126.9,
              -15.2
            ],
            [
              126.9,
              -15.2
            ],
            [
              126.9,
              -15.2
            ],
            [
              126.9,
              -15.2
            ],
            [
              126.9,
              -15.2
            ],
            [
              126.9,
              -15.2
            ],
            [
              126.9,
              -15.2
            ],
            [
              126.9,
              -15.2
            ],
            [
              126.9,
              -15.2
            ],
            [
              126.9,
              -15.2
            ],
            [
              126.9,
              -15.2
            ],
            [
              126.9,
              -15.2
            ],
            [
              126.9,
              -15.2
            ],
            [
              126.9,
              -15.2
            ],
            [
              126.9,
              -15.2
            ],
            [
              126.9,
              -15.2
            ],
            [
              126.9,
              -15.2
            ],
            [
              126.9,
              -15.2
            ],
            [
              126.9,
              -15.2
            ],
            [
              126.9,
              -15.2
            ],
            [
              126.9,
              -15.2
            ],
            [
              126.9,
              -15.2
            ],
            [
              126.9,
              -15.2
            ],
            [
              126.9,
              -15.2
            ],
            [
              126.9,
              -15.2
            ],
            [
              126.9,
              -15.2
            ],
            [
              126.9,
              -15.2
            ],
            [
              126.9,
              -15.2
            ],
            [
              126.9,
              -15.2
            ],
            [
              126.9,
              -15.2
            ]
          ]
        ]
      },
      "properties": {
        "id": 11,
        "color": "Orange",
        "fillColor": "Orange",
        "strokeColor": "green",
        "strokeWidth": 2,
        "borderColor": "green",
        "boderWidth": 2
      }
    },
    {
      "type": "Feature",
      "geometry": {
        "type": "LineString",
        "coordinates": [
          [
            133.0,
            -9.5
          ],
          [
            133.2,
            -9.8
          ]
        ]
      },
      "properties": {
        "id": 12,
        "color": "green",
        "fillColor": "green",
        "strokeColor": "green",
        "strokeWidth": 2,
        "borderColor": "green",
        "boderWidth": 2
      }
    },
    {
      "type": "Feature",
      "geometry": {
        "type": "LineString",
        "coordinates": [
          [
            128.2,
            -14.1
          ],
          [
            128.0,
            -14.3
          ]
        ]
      },
      "properties": {
        "id": 13,
        "color": "green",
        "fillColor": "green",
        "strokeColor": "green",
        "strokeWidth": 2,
        "borderColor": "green",
        "boderWidth": 2
      }
    },
    {
      "type": "Feature",
      "geometry": {
        "type": "Polygon",
        "coordinates": [
          [
            [
              127.6,
              -14.53
            ],
            [
              127.6015,
              -14.53
            ],
            [
              127.6029,
              -14.5299
            ],
            [
              127.6044,
              -14.5297
            ],
            [
              127.6059,
              -14.5294
            ],
            [
              127.6073,
              -14.5291
            ],
            [
              127.6087,
              -14.5287
            ],
            [
              127.6101,
              -14.5282
            ],
            [
              127.6115,
              -14.5277
            ],
            [
              127.6128,
              -14.5271
            ],
            [
              127.6141,
              -14.5265
            ],
            [
              127.6154,
              -14.5257
            ],
            [
              127.6167,
              -14.5249
            ],
            [
              127.6179,
              -14.5241
            ],
            [
              127.619,
              -14.5232
            ],
            [
              127.6201,
              -14.5222
            ],
            [
              127.6212,
              -14.5212
            ],
            [
              127.6222,
              -14.5201
            ],
            [
              127.6232,
              -14.519
            ],
            [
              127.6241,
              -14.5179
            ],
            [
              127.6249,
              -14.5167
            ],
            [
              127.6257,
              -14.5154
            ],
            [
              127.6265,
              -14.5141
            ],
            [
              127.6271,
              -14.5128
            ],
            [
              127.6277,
              -14.5115
            ],
            [
              127.6282,
              -14.5101
            ],
            [
              127.6287,
              -14.5087
            ],
            [
              127.6291,
              -14.5073
            ],
            [
              127.6294,
              -14.5059
            ],
            [
              127.6297,
              -14.5044
            ],
            [
              127.6299,
              -14.5029
            ],
            [
              127.63,
              -14.5015
            ],
            [
              127.63,
              -14.5
            ],
            [
              127.63,
              -14.4985
            ],
            [
              127.6299,
              -14.4971
            ],
            [
              127.6297,
              -14.4956
            ],
            [
              127.6294,
              -14.4941
            ],
            [
              127.6291,
              -14.4927
            ],
            [
              127.6287,
              -14.4913
            ],
            [
              127.6282,
              -14.4899
            ],
            [
              127.6277,
              -14.4885
            ],
            [
              127.6271,
              -14.4872
            ],
            [
              127.6265,
              -14.4859
            ],
            [
              127.6257,
              -14.4846
            ],
            [
              127.6249,
              -14.4833
            ],
            [
              127.6241,
              -14.4821
            ],
            [
              127.6232,
              -14.481
            ],
            [
              127.6222,
              -14.4799
            ],
            [
              127.6212,
              -14.4788
            ],
            [
              127.6201,
              -14.4778
            ],
            [
              127.619,
              -14.4768
            ],
            [
              127.6179,
              -14.4759
            ],
            [
              127.6167,
              -14.4751
            ],
            [
              127.6154,
              -14.4743
            ],
            [
              127.6141,
              -14.4735
            ],
            [
              127.6128,
              -14.4729
            ],
            [
              127.6115,
              -14.4723
            ],
            [
              127.6101,
              -14.4718
            ],
            [
              127.6087,
              -14.4713
            ],
            [
              127.6073,
              -14.4709
            ],
            [
              127.6059,
              -14.4706
            ],
            [
              127.6044,
              -14.4703
            ],
            [
              127.6029,
              -14.4701
            ],
            [
              127.6015,
              -14.47
            ],
            [
              127.6,
              -14.47
            ],
            [
              127.5985,
              -14.47
            ],
            [
              127.5971,
              -14.4701
            ],
            [
              127.5956,
              -14.4703
            ],
            [
              127.5941,
              -14.4706
            ],
            [
              127.5927,
              -14.4709
            ],
            [
              127.5913,
              -14.4713
            ],
            [
              127.5899,
              -14.4718
            ],
            [
              127.5885,
              -14.4723
            ],
            [
              127.5872,
              -14.4729
            ],
            [
              127.5859,
              -14.4735
            ],
            [
              127.5846,
              -14.4743
            ],
            [
              127.5833,
              -14.4751
            ],
            [
              127.5821,
              -14.4759
            ],
            [
              127.581,
              -14.4768
            ],
            [
              127.5799,
              -14.4778
            ],
            [
              127.5788,
              -14.4788
            ],
            [
              127.5778,
              -14.4799
            ],
            [
              127.5768,
              -14.481
            ],
            [
              127.5759,
              -14.4821
            ],
            [
              127.5751,
              -14.4833
            ],
            [
              127.5743,
              -14.4846
            ],
            [
              127.5735,
              -14.4859
            ],
            [
              127.5729,
              -14.4872
            ],
            [
              127.5723,
              -14.4885
            ],
            [
              127.5718,
              -14.4899
            ],
            [
              127.5713,
              -14.4913
            ],
            [
              127.5709,
              -14.4927
            ],
            [
              127.5706,
              -14.4941
            ],
            [
              127.5703,
              -14.4956
            ],
            [
              127.5701,
              -14.4971
            ],
            [
              127.57,
              -14.4985
            ],
            [
              127.57,
              -14.5
            ],
            [
              127.57,
              -14.5015
            ],
            [
              127.5701,
              -14.5029
            ],
            [
              127.5703,
              -14.5044
            ],
            [
              127.5706,
              -14.5059
            ],
            [
              127.5709,
              -14.5073
            ],
            [
              127.5713,
              -14.5087
            ],
            [
              127.5718,
              -14.5101
            ],
            [
              127.5723,
              -14.5115
            ],
            [
              127.5729,
              -14.5128
            ],
            [
              127.5735,
              -14.5141
            ],
            [
              127.5743,
              -14.5154
            ],
            [
              127.5751,
              -14.5167
            ],
            [
              127.5759,
              -14.5179
            ],
            [
              127.5768,
              -14.519
            ],
            [
              127.5778,
              -14.5201
            ],
            [
              127.5788,
              -14.5212
            ],
            [
              127.5799,
              -14.5222
            ],
            [
              127.581,
              -14.5232
            ],
            [
              127.5821,
              -14.5241
            ],
            [
              127.5833,
              -14.5249
            ],
            [
              127.5846,
              -14.5257
            ],
            [
              127.5859,
              -14.5265
            ],
            [
              127.5872,
              -14.5271
            ],
            [
              127.5885,
              -14.5277
            ],
            [
              127.5899,
              -14.5282
            ],
            [
              127.5913,
              -14.5287
            ],
            [
              127.5927,
              -14.5291
            ],
            [
              127.5941,
              -14.5294
            ],
            [
              127.5956,
              -14.5297
            ],
            [
              127.5971,
              -14.5299
            ],
            [
              127.5985,
              -14.53
            ],
            [
              127.6,
              -14.53
            ]
          ]
        ]
      },
      "properties": {
        "id": 14,
        "color": "green",
        "fillColor": "green",
        "strokeColor": "green",
        "strokeWidth": 2,
        "borderColor": "green",
        "boderWidth": 2
      }
    },
    {
      "type": "Feature",
      "geometry": {
        "type": "Polygon",
        "coordinates": [
          [
            [
              128.0,
              -13.4672
            ],
            [
              128.0,
              -13.3007
            ],
            [
              127.982,
              -13.3008
            ],
            [
              127.964,
              -13.3013
            ],
            [
              127.946,
              -13.302
            ],
            [
              127.9281,
              -13.3031
            ],
            [
              127.9101,
              -13.3045
            ],
            [
              127.8922,
              -13.3061
            ],
            [
              127.8743,
              -13.3081
            ],
            [
              127.8565,
              -13.3104
            ],
            [
              127.8387,
              -13.313
            ],
            [
              127.8209,
              -13.3159
            ],
            [
              127.8032,
              -13.319
            ],
            [
              127.7856,
              -13.3225
            ],
            [
              127.768,
              -13.3263
            ],
            [
              127.7505,
              -13.3304
            ],
            [
              127.7331,
              -13.3347
            ],
            [
              127.7157,
              -13.3394
            ],
            [
              127.6985,
              -13.3443
            ],
            [
              127.6813,
              -13.3496
            ],
            [
              127.6642,
              -13.3551
            ],
            [
              127.6473,
              -13.3609
            ],
            [
              127.6304,
              -13.367
            ],
            [
              127.6137,
              -13.3734
            ],
            [
              127.597,
              -13.3801
            ],
            [
              127.5805,
              -13.3871
            ],
            [
              127.5642,
              -13.3943
            ],
            [
              127.5479,
              -13.4018
            ],
            [
              127.5318,
              -13.4096
            ],
            [
              127.5158,
              -13.4176
            ],
            [
              127.5,
              -13.426
            ],
            [
              127.4844,
              -13.4346
            ],
            [
              127.4689,
              -13.4434
            ],
            [
              127.4535,
              -13.4525
            ],
            [
              127.4383,
              -13.4619
            ],
            [
              127.4233,
              -13.4715
            ],
            [
              127.4085,
              -13.4814
            ],
            [
              127.3938,
              -13.4915
            ],
            [
              127.3794,
              -13.5019
            ],
            [
              127.3651,
              -13.5125
            ],
            [
              127.351,
              -13.5234
            ],
            [
              127.3371,
              -13.5345
            ],
            [
              127.3234,
              -13.5458
            ],
            [
              127.3099,
              -13.5574
            ],
            [
              127.2967,
              -13.5691
            ],
            [
              127.2836,
              -13.5811
            ],
            [
              127.2708,
              -13.5934
            ],
            [
              127.2582,
              -13.6058
            ],
            [
              127.2458,
              -13.6185
            ],
            [
              127.2336,
              -13.6313
            ],
            [
              127.2217,
              -13.6444
            ],
            [
              127.21,
              -13.6576
            ],
            [
              127.1985,
              -13.6711
            ],
            [
              127.1873,
              -13.6848
            ],
            [
              127.1764,
              -13.6986
            ],
            [
              127.1657,
              -13.7126
            ],
            [
              127.1552,
              -13.7268
            ],
            [
              127.145,
              -13.7412
            ],
            [
              127.1351,
              -13.7557
            ],
            [
              127.1254,
              -13.7704
            ],
            [
              127.116,
              -13.7853
            ],
            [
              127.1069,
              -13.8003
            ],
            [
              127.098,
              -13.8155
            ],
            [
              127.0894,
              -13.8308
            ],
            [
              127.0811,
              -13.8463
            ],
            [
              127.0731,
              -13.8619
            ],
            [
              127.0653,
              -13.8777
            ],
            [
              127.0579,
              -13.8935
            ],
            [
              127.0507,
              -13.9095
            ],
            [
              127.0438,
              -13.9256
            ],
            [
              127.0372,
              -13.9419
            ],
            [
              127.0309,
              -13.9582
            ],
            [
              127.0249,
              -13.9747
            ],
            [
              127.0192,
              -13.9912
            ],
            [
              127.0138,
              -14.0078
            ],
            [
              127.0087,
              -14.0245
            ],
            [
              127.0039,
              -14.0414
            ],
            [
              126.9994,
              -14.0582
            ],
            [
              126.9952,
              -14.0752
            ],
            [
              126.9913,
              -14.0922
            ],
            [
              126.9877,
              -14.1093
            ],
            [
              126.9844,
              -14.1265
            ],
            [
              126.9814,
              -14.1437
            ],
            [
              126.9788,
              -14.1609
            ],
            [
              126.9764,
              -14.1782
            ],
            [
              126.9744,
              -14.1955
            ],
            [
              126.9726,
              -14.2129
            ],
            [
              126.9712,
              -14.2303
            ],
            [
              126.9701,
              -14.2477
            ],
            [
              126.9693,
              -14.2651
            ],
            [
              126.9689,
              -14.2826
            ],
            [
              126.9687,
              -14.3
            ],
            [
              127.0547,
              -14.3
            ],
            [
              127.0548,
              -14.316
            ],
            [
              127.0552,
              -14.332
            ],
            [
              127.056,
              -14.3479
            ],
            [
              127.057,
              -14.3639
            ],
            [
              127.0583,
              -14.3798
            ],
            [
              127.0598,
              -14.3958
            ],
            [
              127.0617,
              -14.4116
            ],
            [
              127.0639,
              -14.4275
            ],
            [
              127.0663,
              -14.4433
            ],
            [
              127.069,
              -14.4591
            ],
            [
              127.072,
              -14.4748
            ],
            [
              127.0753,
              -14.4905
            ],
            [
              127.0789,
              -14.5061
            ],
            [
              127.0827,
              -14.5216
            ],
            [
              127.0869,
              -14.5371
            ],
            [
              127.0913,
              -14.5525
            ],
            [
              127.096,
              -14.5678
            ],
            [
              127.1009,
              -14.5831
            ],
            [
              127.1062,
              -14.5982
            ],
            [
              127.1117,
              -14.6133
            ],
            [
              127.1174,
              -14.6283
            ],
            [
              127.1235,
              -14.6432
            ],
            [
              127.1298,
              -14.6579
            ],
            [
              127.1364,
              -14.6726
            ],
            [
              127.1432,
              -14.6871
            ],
            [
              127.1503,
              -14.7016
            ],
            [
              127.1577,
              -14.7159
            ],
            [
              127.1653,
              -14.7301
            ],
            [
              127.1732,
              -14.7441
            ],
            [
              127.1813,
              -14.758
            ],
            [
              127.1897,
              -14.7718
            ],
            [
              127.1983,
              -14.7854
            ],
            [
              127.2072,
              -14.7989
            ],
            [
              127.2163,
              -14.8122
            ],
            [
              127.2256,
              -14.8254
            ],
            [
              127.2352,
              -14.8384
            ],
            [
              127.245,
              -14.8513
            ],
            [
              127.2551,
              -14.864
            ],
            [
              127.2653,
              -14.8765
            ],
            [
              127.2758,
              -14.8888
            ],
            [
              127.2865,
              -14.901
            ],
            [
              127.2975,
              -14.913
            ],
            [
              127.3086,
              -14.9247
            ],
            [
              127.32,
              -14.9363
            ],
            [
              127.3315,
              -14.9477
            ],
            [
              127.3433,
              -14.959
            ],
            [
              127.3553,
              -14.97
            ],
            [
              127.3674,
              -14.9808
            ],
            [
              127.3798,
              -14.9914
            ],
            [
              127.3923,
              -15.0017
            ],
            [
              127.4051,
              -15.0119
            ],
            [
              127.418,
              -15.0219
            ],
            [
              127.4311,
              -15.0316
            ],
            [
              127.4443,
              -15.0411
            ],
            [
              127.4578,
              -15.0504
            ],
            [
              127.4714,
              -15.0594
            ],
            [
              127.4851,
              -15.0683
            ],
            [
              127.499,
              -15.0769
            ],
            [
              127.5131,
              -15.0852
            ],
            [
              127.5273,
              -15.0933
            ],
            [
              127.5417,
              -15.1012
            ],
            [
              127.5562,
              -15.1088
            ],
            [
              127.5708,
              -15.1162
            ],
            [
              127.5856,
              -15.1233
            ],
            [
              127.6005,
              -15.1302
            ],
            [
              127.6155,
              -15.1369
            ],
            [
              127.6306,
              -15.1432
            ],
            [
              127.6459,
              -15.1493
            ],
            [
              127.6612,
              -15.1552
            ],
            [
              127.6767,
              -15.1608
            ],
            [
              127.6922,
              -15.1661
            ],
            [
              127.7079,
              -15.1712
            ],
            [
              127.7236,
              -15.176
            ],
            [
              127.7394,
              -15.1806
            ],
            [
              127.7553,
              -15.1848
            ],
            [
              127.7713,
              -15.1888
            ],
            [
              127.7873,
              -15.1926
            ],
            [
              127.8035,
              -15.196
            ],
            [
              127.8196,
              -15.1992
            ],
            [
              127.8358,
              -15.2021
            ],
            [
              127.8521,
              -15.2048
            ],
            [
              127.8684,
              -15.2071
            ],
            [
              127.8848,
              -15.2092
            ],
            [
              127.9012,
              -15.211
            ],
            [
              127.9176,
              -15.2126
            ],
            [
              127.9341,
              -15.2138
            ],
            [
              127.9505,
              -15.2148
            ],
            [
              127.967,
              -15.2155
            ],
            [
              127.9835,
              -15.2159
            ],
            [
              128.0,
              -15.216
            ],
            [
              128.0,
              -15.1328
            ],
            [
              128.015,
              -15.1326
            ],
            [
              128.03,
              -15.1323
            ],
            [
              128.045,
              -15.1316
            ],
            [
              128.0599,
              -15.1307
            ],
            [
              128.0749,
              -15.1296
            ],
            [
              128.0898,
              -15.1282
            ],
            [
              128.1047,
              -15.1266
            ],
            [
              128.1196,
              -15.1247
            ],
            [
              128.1344,
              -15.1225
            ],
            [
              128.1492,
              -15.1201
            ],
            [
              128.164,
              -15.1175
            ],
            [
              128.1787,
              -15.1146
            ],
            [
              128.1933,
              -15.1114
            ],
            [
              128.2079,
              -15.108
            ],
            [
              128.2224,
              -15.1044
            ],
            [
              128.2369,
              -15.1005
            ],
            [
              128.2513,
              -15.0964
            ],
            [
              128.2656,
              -15.092
            ],
            [
              128.2798,
              -15.0874
            ],
            [
              128.2939,
              -15.0825
            ],
            [
              128.308,
              -15.0775
            ],
            [
              128.3219,
              -15.0721
            ],
            [
              128.3358,
              -15.0666
            ],
            [
              128.3495,
              -15.0608
            ],
            [
              128.3632,
              -15.0547
            ],
            [
              128.3767,
              -15.0485
            ],
            [
              128.3902,
              -15.042
            ],
            [
              128.4035,
              -15.0353
            ],
            [
              128.4166,
              -15.0284
            ],
            [
              128.4297,
              -15.0212
            ],
            [
              128.4426,
              -15.0138
            ],
            [
              128.4554,
              -15.0062
            ],
            [
              128.4681,
              -14.9984
            ],
            [
              128.4806,
              -14.9904
            ],
            [
              128.4929,
              -14.9822
            ],
            [
              128.5051,
              -14.9737
            ],
            [
              128.5172,
              -14.9651
            ],
            [
              128.5291,
              -14.9562
            ],
            [
              128.5408,
              -14.9472
            ],
            [
              128.5524,
              -14.9379
            ],
            [
              128.5638,
              -14.9285
            ],
            [
              128.5751,
              -14.9189
            ],
            [
              128.5861,
              -14.9091
            ],
            [
              128.597,
              -14.899
            ],
            [
              128.6077,
              -14.8889
            ],
            [
              128.6182,
              -14.8785
            ],
            [
              128.6285,
              -14.8679
            ],
            [
              128.6387,
              -14.8572
            ],
            [
              128.6486,
              -14.8463
            ],
            [
              128.6583,
              -14.8353
            ],
            [
              128.6679,
              -14.8241
            ],
            [
              128.6772,
              -14.8127
            ],
            [
              128.6863,
              -14.8012
            ],
            [
              128.6953,
              -14.7895
            ],
            [
              128.704,
              -14.7777
            ],
            [
              128.7125,
              -14.7657
            ],
            [
              128.7208,
              -14.7536
            ],
            [
              128.7288,
              -14.7413
            ],
            [
              128.7366,
              -14.7289
            ],
            [
              128.7443,
              -14.7164
            ],
            [
              128.7516,
              -14.7037
            ],
            [
              128.7588,
              -14.691
            ],
            [
              128.7657,
              -14.6781
            ],
            [
              128.7724,
              -14.6651
            ],
            [
              128.7789,
              -14.6519
            ],
            [
              128.7851,
              -14.6387
            ],
            [
              128.7911,
              -14.6254
            ],
            [
              128.7968,
              -14.612
            ],
            [
              128.8023,
              -14.5984
            ],
            [
              128.8076,
              -14.5848
            ],
            [
              128.8126,
              -14.5711
            ],
            [
              128.8173,
              -14.5573
            ],
            [
              128.8218,
              -14.5435
            ],
            [
              128.8261,
              -14.5295
            ],
            [
              128.8301,
              -14.5155
            ],
            [
              128.8339,
              -14.5015
            ],
            [
              128.8374,
              -14.4873
            ],
            [
              128.8406,
              -14.4731
            ],
            [
              128.8436,
              -14.4589
            ],
            [
              128.8463,
              -14.4446
            ],
            [
              128.8488,
              -14.4303
            ],
            [
              128.851,
              -14.4159
            ],
            [
              128.853,
              -14.4015
            ],
            [
              128.8547,
              -14.387
            ],
            [
              128.8561,
              -14.3726
            ],
            [
              128.8573,
              -14.3581
            ],
            [
              128.8582,
              -14.3436
            ],
            [
              128.8589,
              -14.3291
            ],
            [
              128.8593,
              -14.3145
            ],
            [
              128.8594,
              -14.3
            ],
            [
              128.8594,
              -14.3
            ],
            [
              128.8593,
              -14.2855
            ],
            [
              128.8589,
              -14.2709
            ],
            [
              128.8582,
              -14.2564
            ],
            [
              128.8573,
              -14.2419
            ],
            [
              128.8561,
              -14.2274
            ],
            [
              128.8547,
              -14.213
            ],
            [
              128.853,
              -14.1985
            ],
            [
              128.851,
              -14.1841
            ],
            [
              128.8488,
              -14.1697
            ],
            [
              128.8463,
              -14.1554
            ],
            [
              128.8436,
              -14.1411
            ],
            [
              128.8406,
              -14.1269
            ],
            [
              128.8374,
              -14.1127
            ],
            [
              128.8339,
              -14.0985
            ],
            [
              128.8301,
              -14.0845
            ],
            [
              128.8261,
              -14.0705
            ],
            [
              128.8218,
              -14.0565
            ],
            [
              128.8173,
              -14.0427
            ],
            [
              128.8126,
              -14.0289
            ],
            [
              128.8076,
              -14.0152
            ],
            [
              128.8023,
              -14.0016
            ],
            [
              128.7968,
              -13.988
            ],
            [
              128.7911,
              -13.9746
            ],
            [
              128.7851,
              -13.9613
            ],
            [
              128.7789,
              -13.9481
            ],
            [
              128.7724,
              -13.9349
            ],
            [
              128.7657,
              -13.9219
            ],
            [
              128.7588,
              -13.909
            ],
            [
              128.7516,
              -13.8963
            ],
            [
              128.7443,
              -13.8836
            ],
            [
              128.7366,
              -13.8711
            ],
            [
              128.7288,
              -13.8587
            ],
            [
              128.7208,
              -13.8464
            ],
            [
              128.7125,
              -13.8343
            ],
            [
              128.704,
              -13.8223
            ],
            [
              128.6953,
              -13.8105
            ],
            [
              128.6863,
              -13.7988
            ],
            [
              128.6772,
              -13.7873
            ],
            [
              128.6679,
              -13.7759
            ],
            [
              128.6583,
              -13.7647
            ],
            [
              128.6486,
              -13.7537
            ],
            [
              128.6387,
              -13.7428
            ],
            [
              128.6285,
              -13.7321
            ],
            [
              128.6182,
              -13.7215
            ],
            [
              128.6077,
              -13.7111
            ],
            [
              128.597,
              -13.701
            ],
            [
              128.5861,
              -13.6909
            ],
            [
              128.5751,
              -13.6811
            ],
            [
              128.5638,
              -13.6715
            ],
            [
              128.5524,
              -13.6621
            ],
            [
              128.5408,
              -13.6528
            ],
            [
              128.5291,
              -13.6438
            ],
            [
              128.5172,
              -13.6349
            ],
            [
              128.5051,
              -13.6263
            ],
            [
              128.4929,
              -13.6178
            ],
            [
              128.4806,
              -13.6096
            ],
            [
              128.4681,
              -13.6016
            ],
            [
              128.4554,
              -13.5938
            ],
            [
              128.4426,
              -13.5862
            ],
            [
              128.4297,
              -13.5788
            ],
            [
              128.4166,
              -13.5716
            ],
            [
              128.4035,
              -13.5647
            ],
            [
              128.3902,
              -13.558
            ],
            [
              128.3767,
              -13.5515
            ],
            [
              128.3632,
              -13.5453
            ],
            [
              128.3495,
              -13.5392
            ],
            [
              128.3358,
              -13.5334
            ],
            [
              128.3219,
              -13.5279
            ],
            [
              128.308,
              -13.5225
            ],
            [
              128.2939,
              -13.5175
            ],
            [
              128.2798,
              -13.5126
            ],
            [
              128.2656,
              -13.508
            ],
            [
              128.2513,
              -13.5036
            ],
            [
              128.2369,
              -13.4995
            ],
            [
              128.2224,
              -13.4956
            ],
            [
              128.2079,
              -13.492
            ],
            [
              128.1933,
              -13.4886
            ],
            [
              128.1787,
              -13.4854
            ],
            [
              128.164,
              -13.4825
            ],
            [
              128.1492,
              -13.4799
            ],
            [
              128.1344,
              -13.4775
            ],
            [
              128.1196,
              -13.4753
            ],
            [
              128.1047,
              -13.4734
            ],
            [
              128.0898,
              -13.4718
            ],
            [
              128.0749,
              -13.4704
            ],
            [
              128.0599,
              -13.4693
            ],
            [
              128.045,
              -13.4684
            ],
            [
              128.03,
              -13.4677
            ],
            [
              128.015,
              -13.4674
            ],
            [
              128.0,
              -13.4672
            ]
          ]
        ]
      },
      "properties": {
        "id": 15,
        "color": "Green",
        "fillColor": "Green",
        "strokeColor": "green",
        "strokeWidth": 2,
        "borderColor": "green",
        "boderWidth": 2
      }
    },
    {
      "type": "Feature",
      "geometry": {
        "type": "Polygon",
        "coordinates": [
          [
            [
              133.0,
              -9.53
            ],
            [
              133.0015,
              -9.53
            ],
            [
              133.0029,
              -9.5299
            ],
            [
              133.0044,
              -9.5297
            ],
            [
              133.0059,
              -9.5294
            ],
            [
              133.0073,
              -9.5291
            ],
            [
              133.0087,
              -9.5287
            ],
            [
              133.0101,
              -9.5282
            ],
            [
              133.0115,
              -9.5277
            ],
            [
              133.0128,
              -9.5271
            ],
            [
              133.0141,
              -9.5265
            ],
            [
              133.0154,
              -9.5257
            ],
            [
              133.0167,
              -9.5249
            ],
            [
              133.0179,
              -9.5241
            ],
            [
              133.019,
              -9.5232
            ],
            [
              133.0201,
              -9.5222
            ],
            [
              133.0212,
              -9.5212
            ],
            [
              133.0222,
              -9.5201
            ],
            [
              133.0232,
              -9.519
            ],
            [
              133.0241,
              -9.5179
            ],
            [
              133.0249,
              -9.5167
            ],
            [
              133.0257,
              -9.5154
            ],
            [
              133.0265,
              -9.5141
            ],
            [
              133.0271,
              -9.5128
            ],
            [
              133.0277,
              -9.5115
            ],
            [
              133.0282,
              -9.5101
            ],
            [
              133.0287,
              -9.5087
            ],
            [
              133.0291,
              -9.5073
            ],
            [
              133.0294,
              -9.5059
            ],
            [
              133.0297,
              -9.5044
            ],
            [
              133.0299,
              -9.5029
            ],
            [
              133.03,
              -9.5015
            ],
            [
              133.03,
              -9.5
            ],
            [
              133.03,
              -9.4985
            ],
            [
              133.0299,
              -9.4971
            ],
            [
              133.0297,
              -9.4956
            ],
            [
              133.0294,
              -9.4941
            ],
            [
              133.0291,
              -9.4927
            ],
            [
              133.0287,
              -9.4913
            ],
            [
              133.0282,
              -9.4899
            ],
            [
              133.0277,
              -9.4885
            ],
            [
              133.0271,
              -9.4872
            ],
            [
              133.0265,
              -9.4859
            ],
            [
              133.0257,
              -9.4846
            ],
            [
              133.0249,
              -9.4833
            ],
            [
              133.0241,
              -9.4821
            ],
            [
              133.0232,
              -9.481
            ],
            [
              133.0222,
              -9.4799
            ],
            [
              133.0212,
              -9.4788
            ],
            [
              133.0201,
              -9.4778
            ],
            [
              133.019,
              -9.4768
            ],
            [
              133.0179,
              -9.4759
            ],
            [
              133.0167,
              -9.4751
            ],
            [
              133.0154,
              -9.4743
            ],
            [
              133.0141,
              -9.4735
            ],
            [
              133.0128,
              -9.4729
            ],
            [
              133.0115,
              -9.4723
            ],
            [
              133.0101,
              -9.4718
            ],
            [
              133.0087,
              -9.4713
            ],
            [
              133.0073,
              -9.4709
            ],
            [
              133.0059,
              -9.4706
            ],
            [
              133.0044,
              -9.4703
            ],
            [
              133.0029,
              -9.4701
            ],
            [
              133.0015,
              -9.47
            ],
            [
              133.0,
              -9.47
            ],
            [
              132.9985,
              -9.47
            ],
            [
              132.9971,
              -9.4701
            ],
            [
              132.9956,
              -9.4703
            ],
            [
              132.9941,
              -9.4706
            ],
            [
              132.9927,
              -9.4709
            ],
            [
              132.9913,
              -9.4713
            ],
            [
              132.9899,
              -9.4718
            ],
            [
              132.9885,
              -9.4723
            ],
            [
              132.9872,
              -9.4729
            ],
            [
              132.9859,
              -9.4735
            ],
            [
              132.9846,
              -9.4743
            ],
            [
              132.9833,
              -9.4751
            ],
            [
              132.9821,
              -9.4759
            ],
            [
              132.981,
              -9.4768
            ],
            [
              132.9799,
              -9.4778
            ],
            [
              132.9788,
              -9.4788
            ],
            [
              132.9778,
              -9.4799
            ],
            [
              132.9768,
              -9.481
            ],
            [
              132.9759,
              -9.4821
            ],
            [
              132.9751,
              -9.4833
            ],
            [
              132.9743,
              -9.4846
            ],
            [
              132.9735,
              -9.4859
            ],
            [
              132.9729,
              -9.4872
            ],
            [
              132.9723,
              -9.4885
            ],
            [
              132.9718,
              -9.4899
            ],
            [
              132.9713,
              -9.4913
            ],
            [
              132.9709,
              -9.4927
            ],
            [
              132.9706,
              -9.4941
            ],
            [
              132.9703,
              -9.4956
            ],
            [
              132.9701,
              -9.4971
            ],
            [
              132.97,
              -9.4985
            ],
            [
              132.97,
              -9.5
            ],
            [
              132.97,
              -9.5015
            ],
            [
              132.9701,
              -9.5029
            ],
            [
              132.9703,
              -9.5044
            ],
            [
              132.9706,
              -9.5059
            ],
            [
              132.9709,
              -9.5073
            ],
            [
              132.9713,
              -9.5087
            ],
            [
              132.9718,
              -9.5101
            ],
            [
              132.9723,
              -9.5115
            ],
            [
              132.9729,
              -9.5128
            ],
            [
              132.9735,
              -9.5141
            ],
            [
              132.9743,
              -9.5154
            ],
            [
              132.9751,
              -9.5167
            ],
            [
              132.9759,
              -9.5179
            ],
            [
              132.9768,
              -9.519
            ],
            [
              132.9778,
              -9.5201
            ],
            [
              132.9788,
              -9.5212
            ],
            [
              132.9799,
              -9.5222
            ],
            [
              132.981,
              -9.5232
            ],
            [
              132.9821,
              -9.5241
            ],
            [
              132.9833,
              -9.5249
            ],
            [
              132.9846,
              -9.5257
            ],
            [
              132.9859,
              -9.5265
            ],
            [
              132.9872,
              -9.5271
            ],
            [
              132.9885,
              -9.5277
            ],
            [
              132.9899,
              -9.5282
            ],
            [
              132.9913,
              -9.5287
            ],
            [
              132.9927,
              -9.5291
            ],
            [
              132.9941,
              -9.5294
            ],
            [
              132.9956,
              -9.5297
            ],
            [
              132.9971,
              -9.5299
            ],
            [
              132.9985,
              -9.53
            ],
            [
              133.0,
              -9.53
            ]
          ]
        ]
      },
      "properties": {
        "id": 16,
        "color": "green",
        "fillColor": "green",
        "strokeColor": "green",
        "strokeWidth": 2,
        "borderColor": "green",
        "boderWidth": 2
      }
    },
    {
      "type": "Feature",
      "geometry": {
        "type": "LineString",
        "coordinates": [
          [
            127.3,
            -14.7
          ],
          [
            126.9,
            -15.2
          ]
        ]
      },
      "properties": {
        "id": 17,
        "color": "green",
        "fillColor": "green",
        "strokeColor": "green",
        "strokeWidth": 2,
        "borderColor": "green",
        "boderWidth": 2
      }
    },
    {
      "type": "Feature",
      "geometry": {
        "type": "Polygon",
        "coordinates": [
          [
            [
              126.8,
              -17.301
            ],
            [
              126.8544,
              -17.3001
            ],
            [
              126.9088,
              -17.2973
            ],
            [
              126.9631,
              -17.2928
            ],
            [
              127.0171,
              -17.2864
            ],
            [
              127.0709,
              -17.2782
            ],
            [
              127.1243,
              -17.2682
            ],
            [
              127.1774,
              -17.2564
            ],
            [
              127.23,
              -17.2429
            ],
            [
              127.282,
              -17.2275
            ],
            [
              127.3335,
              -17.2105
            ],
            [
              127.3844,
              -17.1917
            ],
            [
              127.4345,
              -17.1712
            ],
            [
              127.4838,
              -17.1491
            ],
            [
              127.5323,
              -17.1253
            ],
            [
              127.58,
              -17.0999
            ],
            [
              127.6266,
              -17.0729
            ],
            [
              127.6723,
              -17.0444
            ],
            [
              127.7169,
              -17.0143
            ],
            [
              127.7604,
              -16.9828
            ],
            [
              127.8027,
              -16.9498
            ],
            [
              127.8438,
              -16.9155
            ],
            [
              127.8836,
              -16.8797
            ],
            [
              127.9221,
              -16.8427
            ],
            [
              127.9593,
              -16.8044
            ],
            [
              127.995,
              -16.7648
            ],
            [
              128.0292,
              -16.7241
            ],
            [
              128.062,
              -16.6823
            ],
            [
              128.0932,
              -16.6393
            ],
            [
              128.1229,
              -16.5954
            ],
            [
              128.1509,
              -16.5505
            ],
            [
              128.1773,
              -16.5047
            ],
            [
              128.2021,
              -16.458
            ],
            [
              128.2251,
              -16.4105
            ],
            [
              128.2463,
              -16.3623
            ],
            [
              128.2659,
              -16.3134
            ],
            [
              128.2836,
              -16.2638
            ],
            [
              128.2995,
              -16.2137
            ],
            [
              128.3136,
              -16.1631
            ],
            [
              128.3258,
              -16.1121
            ],
            [
              128.3362,
              -16.0606
            ],
            [
              128.3448,
              -16.0089
            ],
            [
              128.3514,
              -15.9569
            ],
            [
              128.3561,
              -15.9047
            ],
            [
              128.359,
              -15.8524
            ],
            [
              128.3599,
              -15.8
            ],
            [
              128.359,
              -15.7476
            ],
            [
              128.3561,
              -15.6953
            ],
            [
              128.3514,
              -15.6431
            ],
            [
              128.3448,
              -15.5911
            ],
            [
              128.3362,
              -15.5394
            ],
            [
              128.3258,
              -15.4879
            ],
            [
              128.3136,
              -15.4369
            ],
            [
              128.2995,
              -15.3863
            ],
            [
              128.2836,
              -15.3362
            ],
            [
              128.2659,
              -15.2866
            ],
            [
              128.2463,
              -15.2377
            ],
            [
              128.2251,
              -15.1895
            ],
            [
              128.1356,
              -15.001
            ],
            [
              128.1575,
              -14.7872
            ],
            [
              128.1601,
              -14.7582
            ],
            [
              128.1617,
              -14.7291
            ],
            [
              128.1654,
              -14.6001
            ],
            [
              128.2424,
              -14.3855
            ],
            [
              128.2454,
              -14.3773
            ],
            [
              128.248,
              -14.3689
            ],
            [
              128.2503,
              -14.3605
            ],
            [
              128.2524,
              -14.352
            ],
            [
              128.2541,
              -14.3434
            ],
            [
              128.2555,
              -14.3348
            ],
            [
              128.2566,
              -14.3261
            ],
            [
              128.2574,
              -14.3174
            ],
            [
              128.2578,
              -14.3087
            ],
            [
              128.258,
              -14.3
            ],
            [
              128.2578,
              -14.2913
            ],
            [
              128.2574,
              -14.2826
            ],
            [
              128.2566,
              -14.2739
            ],
            [
              128.2555,
              -14.2652
            ],
            [
              128.2541,
              -14.2566
            ],
            [
              128.2524,
              -14.248
            ],
            [
              128.2503,
              -14.2395
            ],
            [
              128.248,
              -14.2311
            ],
            [
              128.2454,
              -14.2227
            ],
            [
              128.2424,
              -14.2145
            ],
            [
              128.2392,
              -14.2063
            ],
            [
              128.2357,
              -14.1983
            ],
            [
              128.2319,
              -14.1904
            ],
            [
              128.2278,
              -14.1826
            ],
            [
              128.2234,
              -14.175
            ],
            [
              128.2188,
              -14.1675
            ],
            [
              128.2139,
              -14.1602
            ],
            [
              128.2087,
              -14.1531
            ],
            [
              128.2033,
              -14.1461
            ],
            [
              128.1976,
              -14.1393
            ],
            [
              128.1917,
              -14.1327
            ],
            [
              128.1856,
              -14.1263
            ],
            [
              128.1792,
              -14.1202
            ],
            [
              128.1726,
              -14.1142
            ],
            [
              128.1658,
              -14.1085
            ],
            [
              128.1588,
              -14.103
            ],
            [
              128.1516,
              -14.0977
            ],
            [
              128.1443,
              -14.0927
            ],
            [
              128.1367,
              -14.088
            ],
            [
              128.129,
              -14.0835
            ],
            [
              128.1211,
              -14.0793
            ],
            [
              128.1131,
              -14.0753
            ],
            [
              128.1049,
              -14.0716
            ],
            [
              128.0966,
              -14.0682
            ],
            [
              128.0882,
              -14.0651
            ],
            [
              128.0797,
              -14.0622
            ],
            [
              128.0711,
              -14.0597
            ],
            [
              127.771,
              -13.9754
            ],
            [
              127.5949,
              -13.9163
            ],
            [
              127.5664,
              -13.9068
            ],
            [
              127.5377,
              -13.8983
            ],
            [
              127.5086,
              -13.8908
            ],
            [
              127.4793,
              -13.8842
            ],
            [
              127.4497,
              -13.8787
            ],
            [
              127.42,
              -13.8741
            ],
            [
              127.3901,
              -13.8706
            ],
            [
              127.3601,
              -13.868
            ],
            [
              127.3301,
              -13.8665
            ],
            [
              127.3,
              -13.866
            ],
            [
              127.2699,
              -13.8665
            ],
            [
              127.2399,
              -13.868
            ],
            [
              127.2099,
              -13.8706
            ],
            [
              127.18,
              -13.8741
            ],
            [
              127.1503,
              -13.8787
            ],
            [
              127.1207,
              -13.8842
            ],
            [
              127.0914,
              -13.8908
            ],
            [
              127.0623,
              -13.8983
            ],
            [
              127.0336,
              -13.9068
            ],
            [
              127.0051,
              -13.9163
            ],
            [
              126.4864,
              -14.1034
            ],
            [
              126.447,
              -14.118
            ],
            [
              126.4081,
              -14.1339
            ],
            [
              126.3699,
              -14.1511
            ],
            [
              126.3323,
              -14.1696
            ],
            [
              126.2953,
              -14.1893
            ],
            [
              126.2592,
              -14.2103
            ],
            [
              126.2238,
              -14.2325
            ],
            [
              126.1892,
              -14.2559
            ],
            [
              126.1555,
              -14.2804
            ],
            [
              126.1227,
              -14.306
            ],
            [
              126.0908,
              -14.3327
            ],
            [
              126.0599,
              -14.3605
            ],
            [
              126.0301,
              -14.3893
            ],
            [
              126.0013,
              -14.4191
            ],
            [
              125.6407,
              -14.7956
            ],
            [
              125.605,
              -14.8352
            ],
            [
              125.5708,
              -14.8759
            ],
            [
              125.538,
              -14.9177
            ],
            [
              125.5068,
              -14.9607
            ],
            [
              125.4771,
              -15.0046
            ],
            [
              125.4491,
              -15.0495
            ],
            [
              125.4227,
              -15.0953
            ],
            [
              125.3979,
              -15.142
            ],
            [
              125.3749,
              -15.1895
            ],
            [
              125.3537,
              -15.2377
            ],
            [
              125.3341,
              -15.2866
            ],
            [
              125.3164,
              -15.3362
            ],
            [
              125.3005,
              -15.3863
            ],
            [
              125.2864,
              -15.4369
            ],
            [
              125.2742,
              -15.4879
            ],
            [
              125.2638,
              -15.5394
            ],
            [
              125.2552,
              -15.5911
            ],
            [
              125.2486,
              -15.6431
            ],
            [
              125.2439,
              -15.6953
            ],
            [
              125.241,
              -15.7476
            ],
            [
              125.2401,
              -15.8
            ],
            [
              125.241,
              -15.8524
            ],
            [
              125.2439,
              -15.9047
            ],
            [
              125.2486,
              -15.9569
            ],
            [
              125.2552,
              -16.0089
            ],
            [
              125.2638,
              -16.0606
            ],
            [
              125.2742,
              -16.1121
            ],
            [
              125.2864,
              -16.1631
            ],
            [
              125.3005,
              -16.2137
            ],
            [
              125.3164,
              -16.2638
            ],
            [
              125.3341,
              -16.3134
            ],
            [
              125.3537,
              -16.3623
            ],
            [
              125.3749,
              -16.4105
            ],
            [
              125.3979,
              -16.458
            ],
            [
              125.4227,
              -16.5047
            ],
            [
              125.4491,
              -16.5505
            ],
            [
              125.4771,
              -16.5954
            ],
            [
              125.5068,
              -16.6393
            ],
            [
              125.538,
              -16.6823
            ],
            [
              125.5708,
              -16.7241
            ],
            [
              125.605,
              -16.7648
            ],
            [
              125.6407,
              -16.8044
            ],
            [
              125.6779,
              -16.8427
            ],
            [
              125.7164,
              -16.8797
            ],
            [
              125.7562,
              -16.9155
            ],
            [
              125.7973,
              -16.9498
            ],
            [
              125.8396,
              -16.9828
            ],
            [
              125.8831,
              -17.0143
            ],
            [
              125.9277,
              -17.0444
            ],
            [
              125.9734,
              -17.0729
            ],
            [
              126.02,
              -17.0999
            ],
            [
              126.0677,
              -17.1253
            ],
            [
              126.1162,
              -17.1491
            ],
            [
              126.1655,
              -17.1712
            ],
            [
              126.2156,
              -17.1917
            ],
            [
              126.2665,
              -17.2105
            ],
            [
              126.318,
              -17.2275
            ],
            [
              126.37,
              -17.2429
            ],
            [
              126.4226,
              -17.2564
            ],
            [
              126.4757,
              -17.2682
            ],
            [
              126.5291,
              -17.2782
            ],
            [
              126.5829,
              -17.2864
            ],
            [
              126.6369,
              -17.2928
            ],
            [
              126.6912,
              -17.2973
            ],
            [
              126.7456,
              -17.3001
            ],
            [
              126.8,
              -17.301
            ]
          ]
        ]
      },
      "properties": {
        "id": 18,
        "color": "green",
        "fillColor": "green",
        "strokeColor": "green",
        "strokeWidth": 2,
        "borderColor": "green",
        "boderWidth": 2
      }
    },
    {
      "type": "Feature",
      "geometry": {
        "type": "MultiPolygon",
        "coordinates": [
          [
            [
              [
                -82.0,
                43.0
              ],
              [
                -82.0,
                43.205
              ],
              [
                -82.003,
                43.206
              ],
              [
                -82.008,
                43.209
              ],
              [
                -82.013,
                43.219
              ],
              [
                -82.016,
                43.214
              ],
              [
                -82.032,
                43.193
              ],
              [
                -82.031,
                43.191
              ],
              [
                -82.023,
                43.188
              ],
              [
                -82.021,
                43.187
              ],
              [
                -82.018,
                43.184
              ],
              [
                -82.018,
                43.18
              ],
              [
                -82.018,
                43.178
              ],
              [
                -82.023,
                43.167
              ],
              [
                -82.03,
                43.16
              ],
              [
                -82.055,
                43.142
              ],
              [
                -82.059,
                43.138
              ],
              [
                -82.069,
                43.129
              ],
              [
                -82.071,
                43.127
              ],
              [
                -82.085,
                43.113
              ],
              [
                -82.097,
                43.105
              ],
              [
                -82.106,
                43.102
              ],
              [
                -82.111,
                43.1
              ],
              [
                -82.113,
                43.099
              ],
              [
                -82.125,
                43.096
              ],
              [
                -82.126,
                43.096
              ],
              [
                -82.133,
                43.094
              ],
              [
                -82.145,
                43.089
              ],
              [
                -82.147,
                43.08
              ],
              [
                -82.148,
                43.077
              ],
              [
                -82.148,
                43.072
              ],
              [
                -82.149,
                43.071
              ],
              [
                -82.149,
                43.069
              ],
              [
                -82.152,
                43.065
              ],
              [
                -82.176,
                43.052
              ],
              [
                -82.191,
                43.045
              ],
              [
                -82.244,
                43.031
              ],
              [
                -82.281,
                43.028
              ],
              [
                -82.284,
                43.028
              ],
              [
                -82.339,
                43.018
              ],
              [
                -82.352,
                43.018
              ],
              [
                -82.365,
                43.016
              ],
              [
                -82.367,
                43.015
              ],
              [
                -82.386,
                43.009
              ],
              [
                -82.41,
                43.001
              ],
              [
                -82.0,
                43.0
              ]
            ]
          ],
          [
            [
              [
                -83.0,
                43.0
              ],
              [
                -82.42,
                43.001
              ],
              [
                -82.42,
                43.009
              ],
              [
                -82.43,
                43.022
              ],
              [
                -82.454,
                43.064
              ],
              [
                -82.461,
                43.075
              ],
              [
                -82.481,
                43.098
              ],
              [
                -82.485,
                43.106
              ],
              [
                -82.489,
                43.131
              ],
              [
                -82.515,
                43.208
              ],
              [
                -82.524,
                43.264
              ],
              [
                -82.522,
                43.274
              ],
              [
                -82.526,
                43.303
              ],
              [
                -82.525,
                43.305
              ],
              [
                -82.521,
                43.315
              ],
              [
                -82.522,
                43.324
              ],
              [
                -82.528,
                43.335
              ],
              [
                -82.532,
                43.343
              ],
              [
                -82.53,
                43.357
              ],
              [
                -82.53,
                43.359
              ],
              [
                -82.531,
                43.369
              ],
              [
                -82.535,
                43.394
              ],
              [
                -82.537,
                43.429
              ],
              [
                -82.552,
                43.47
              ],
              [
                -82.563,
                43.493
              ],
              [
                -82.582,
                43.555
              ],
              [
                -82.59,
                43.581
              ],
              [
                -82.595,
                43.592
              ],
              [
                -82.593,
                43.61
              ],
              [
                -82.597,
                43.625
              ],
              [
                -82.605,
                43.728
              ],
              [
                -82.607,
                43.735
              ],
              [
                -82.614,
                43.753
              ],
              [
                -82.611,
                43.773
              ],
              [
                -82.629,
                43.822
              ],
              [
                -82.638,
                43.835
              ],
              [
                -82.635,
                43.84
              ],
              [
                -82.635,
                43.847
              ],
              [
                -82.655,
                43.867
              ],
              [
                -82.668,
                43.875
              ],
              [
                -82.674,
                43.883
              ],
              [
                -82.679,
                43.902
              ],
              [
                -82.681,
                43.908
              ],
              [
                -82.681,
                43.91
              ],
              [
                -82.682,
                43.91
              ],
              [
                -82.688,
                43.912
              ],
              [
                -82.691,
                43.916
              ],
              [
                -82.701,
                43.936
              ],
              [
                -82.703,
                43.939
              ],
              [
                -82.738,
                43.985
              ],
              [
                -82.752,
                43.999
              ],
              [
                -82.757,
                44.001
              ],
              [
                -83.0,
                44.0
              ],
              [
                -83.0,
                43.0
              ]
            ]
          ],
          [
            [
              [
                -86.0,
                43.0
              ],
              [
                -85.0,
                43.0
              ],
              [
                -85.0,
                44.0
              ],
              [
                -86.0,
                44.0
              ],
              [
                -86.0,
                43.0
              ]
            ]
          ],
          [
            [
              [
                -83.193,
                41.991
              ],
              [
                -83.178,
                42.001
              ],
              [
                -83.187,
                42.001
              ],
              [
                -83.19,
                41.999
              ],
              [
                -83.196,
                41.992
              ],
              [
                -83.193,
                41.991
              ]
            ]
          ],
          [
            [
              [
                -82.915,
                41.973
              ],
              [
                -82.9,
                41.974
              ],
              [
                -82.896,
                41.976
              ],
              [
                -82.89,
                41.98
              ],
              [
                -82.889,
                41.98
              ],
              [
                -82.888,
                41.98
              ],
              [
                -82.854,
                41.983
              ],
              [
                -82.829,
                41.986
              ],
              [
                -82.823,
                41.986
              ],
              [
                -82.811,
                41.991
              ],
              [
                -82.791,
                41.998
              ],
              [
                -82.784,
                42.001
              ],
              [
                -82.973,
                42.0
              ],
              [
                -82.97,
                41.999
              ],
              [
                -82.942,
                41.983
              ],
              [
                -82.933,
                41.978
              ],
              [
                -82.915,
                41.973
              ]
            ]
          ],
          [
            [
              [
                -82.505,
                41.902
              ],
              [
                -82.497,
                41.931
              ],
              [
                -82.497,
                41.941
              ],
              [
                -82.498,
                41.971
              ],
              [
                -82.491,
                41.998
              ],
              [
                -82.489,
                42.001
              ],
              [
                -82.57,
                42.001
              ],
              [
                -82.54,
                41.975
              ],
              [
                -82.528,
                41.961
              ],
              [
                -82.516,
                41.939
              ],
              [
                -82.51,
                41.926
              ],
              [
                -82.508,
                41.908
              ],
              [
                -82.508,
                41.905
              ],
              [
                -82.505,
                41.902
              ]
            ]
          ],
          [
            [
              [
                -82.672,
                41.708
              ],
              [
                -82.668,
                41.709
              ],
              [
                -82.663,
                41.727
              ],
              [
                -82.659,
                41.732
              ],
              [
                -82.655,
                41.737
              ],
              [
                -82.648,
                41.74
              ],
              [
                -82.632,
                41.738
              ],
              [
                -82.624,
                41.741
              ],
              [
                -82.619,
                41.746
              ],
              [
                -82.617,
                41.75
              ],
              [
                -82.625,
                41.776
              ],
              [
                -82.625,
                41.784
              ],
              [
                -82.624,
                41.799
              ],
              [
                -82.627,
                41.81
              ],
              [
                -82.632,
                41.827
              ],
              [
                -82.635,
                41.83
              ],
              [
                -82.64,
                41.823
              ],
              [
                -82.644,
                41.811
              ],
              [
                -82.646,
                41.81
              ],
              [
                -82.659,
                41.808
              ],
              [
                -82.667,
                41.808
              ],
              [
                -82.68,
                41.813
              ],
              [
                -82.686,
                41.759
              ],
              [
                -82.684,
                41.745
              ],
              [
                -82.678,
                41.735
              ],
              [
                -82.672,
                41.728
              ],
              [
                -82.67,
                41.72
              ],
              [
                -82.671,
                41.718
              ],
              [
                -82.673,
                41.71
              ],
              [
                -82.672,
                41.708
              ]
            ]
          ],
          [
            [
              [
                -82.803,
                41.704
              ],
              [
                -82.8,
                41.705
              ],
              [
                -82.806,
                41.718
              ],
              [
                -82.809,
                41.722
              ],
              [
                -82.814,
                41.724
              ],
              [
                -82.817,
                41.724
              ],
              [
                -82.819,
                41.723
              ],
              [
                -82.827,
                41.711
              ],
              [
                -82.824,
                41.707
              ],
              [
                -82.808,
                41.707
              ],
              [
                -82.803,
                41.704
              ]
            ]
          ],
          [
            [
              [
                -82.808,
                41.669
              ],
              [
                -82.803,
                41.669
              ],
              [
                -82.797,
                41.679
              ],
              [
                -82.796,
                41.68
              ],
              [
                -82.791,
                41.689
              ],
              [
                -82.782,
                41.69
              ],
              [
                -82.775,
                41.695
              ],
              [
                -82.776,
                41.697
              ],
              [
                -82.784,
                41.697
              ],
              [
                -82.79,
                41.694
              ],
              [
                -82.802,
                41.689
              ],
              [
                -82.811,
                41.689
              ],
              [
                -82.814,
                41.687
              ],
              [
                -82.81,
                41.673
              ],
              [
                -82.808,
                41.669
              ]
            ]
          ],
          [
            [
              [
                -82.836,
                41.624
              ],
              [
                -82.826,
                41.624
              ],
              [
                -82.809,
                41.64
              ],
              [
                -82.797,
                41.647
              ],
              [
                -82.789,
                41.66
              ],
              [
                -82.791,
                41.662
              ],
              [
                -82.795,
                41.664
              ],
              [
                -82.822,
                41.656
              ],
              [
                -82.831,
                41.652
              ],
              [
                -82.839,
                41.647
              ],
              [
                -82.839,
                41.626
              ],
              [
                -82.836,
                41.624
              ]
            ]
          ],
          [
            [
              [
                -82.694,
                41.583
              ],
              [
                -82.691,
                41.583
              ],
              [
                -82.673,
                41.594
              ],
              [
                -82.666,
                41.619
              ],
              [
                -82.667,
                41.62
              ],
              [
                -82.671,
                41.62
              ],
              [
                -82.677,
                41.614
              ],
              [
                -82.681,
                41.61
              ],
              [
                -82.685,
                41.608
              ],
              [
                -82.692,
                41.609
              ],
              [
                -82.695,
                41.61
              ],
              [
                -82.709,
                41.616
              ],
              [
                -82.715,
                41.614
              ],
              [
                -82.729,
                41.602
              ],
              [
                -82.73,
                41.6
              ],
              [
                -82.727,
                41.597
              ],
              [
                -82.714,
                41.591
              ],
              [
                -82.694,
                41.583
              ]
            ]
          ],
          [
            [
              [
                -82.735,
                41.485
              ],
              [
                -82.732,
                41.486
              ],
              [
                -82.728,
                41.49
              ],
              [
                -82.727,
                41.493
              ],
              [
                -82.729,
                41.497
              ],
              [
                -82.739,
                41.492
              ],
              [
                -82.739,
                41.489
              ],
              [
                -82.735,
                41.485
              ]
            ]
          ],
          [
            [
              [
                -78.0,
                41.0
              ],
              [
                -77.0,
                41.0
              ],
              [
                -77.0,
                42.0
              ],
              [
                -77.0,
                43.0
              ],
              [
                -78.0,
                43.0
              ],
              [
                -78.0,
                42.0
              ],
              [
                -78.0,
                41.0
              ]
            ]
          ],
          [
            [
              [
                -89.0,
                40.0
              ],
              [
                -88.0,
                40.0
              ],
              [
                -87.0,
                40.0
              ],
              [
                -86.0,
                40.0
              ],
              [
                -85.0,
                40.0
              ],
              [
                -84.0,
                40.0
              ],
              [
                -84.0,
                41.0
              ],
              [
                -83.0,
                41.0
              ],
              [
                -82.0,
                41.0
              ],
              [
                -82.0,
                41.516
              ],
              [
                -82.021,
                41.515
              ],
              [
                -82.096,
                41.497
              ],
              [
                -82.14,
                41.482
              ],
              [
                -82.168,
                41.476
              ],
              [
                -82.19,
                41.467
              ],
              [
                -82.197,
                41.463
              ],
              [
                -82.2,
                41.461
              ],
              [
                -82.248,
                41.438
              ],
              [
                -82.262,
                41.433
              ],
              [
                -82.297,
                41.426
              ],
              [
                -82.316,
                41.427
              ],
              [
                -82.338,
                41.428
              ],
              [
                -82.347,
                41.425
              ],
              [
                -82.359,
                41.423
              ],
              [
                -82.404,
                41.41
              ],
              [
                -82.422,
                41.402
              ],
              [
                -82.445,
                41.388
              ],
              [
                -82.465,
                41.382
              ],
              [
                -82.489,
                41.381
              ],
              [
                -82.512,
                41.383
              ],
              [
                -82.529,
                41.388
              ],
              [
                -82.555,
                41.402
              ],
              [
                -82.572,
                41.406
              ],
              [
                -82.579,
                41.411
              ],
              [
                -82.598,
                41.427
              ],
              [
                -82.608,
                41.433
              ],
              [
                -82.613,
                41.436
              ],
              [
                -82.637,
                41.451
              ],
              [
                -82.643,
                41.455
              ],
              [
                -82.679,
                41.487
              ],
              [
                -82.686,
                41.485
              ],
              [
                -82.69,
                41.481
              ],
              [
                -82.674,
                41.471
              ],
              [
                -82.655,
                41.455
              ],
              [
                -82.643,
                41.446
              ],
              [
                -82.632,
                41.437
              ],
              [
                -82.606,
                41.422
              ],
              [
                -82.596,
                41.418
              ],
              [
                -82.593,
                41.417
              ],
              [
                -82.591,
                41.415
              ],
              [
                -82.586,
                41.409
              ],
              [
                -82.59,
                41.409
              ],
              [
                -82.621,
                41.422
              ],
              [
                -82.624,
                41.423
              ],
              [
                -82.632,
                41.427
              ],
              [
                -82.645,
                41.434
              ],
              [
                -82.646,
                41.439
              ],
              [
                -82.647,
                41.441
              ],
              [
                -82.663,
                41.451
              ],
              [
                -82.684,
                41.45
              ],
              [
                -82.698,
                41.455
              ],
              [
                -82.716,
                41.45
              ],
              [
                -82.721,
                41.448
              ],
              [
                -82.723,
                41.446
              ],
              [
                -82.727,
                41.445
              ],
              [
                -82.743,
                41.445
              ],
              [
                -82.762,
                41.449
              ],
              [
                -82.776,
                41.458
              ],
              [
                -82.786,
                41.465
              ],
              [
                -82.788,
                41.466
              ],
              [
                -82.803,
                41.469
              ],
              [
                -82.818,
                41.463
              ],
              [
                -82.822,
                41.462
              ],
              [
                -82.822,
                41.461
              ],
              [
                -82.827,
                41.453
              ],
              [
                -82.837,
                41.445
              ],
              [
                -82.854,
                41.438
              ],
              [
                -82.868,
                41.439
              ],
              [
                -82.902,
                41.424
              ],
              [
                -82.922,
                41.415
              ],
              [
                -82.934,
                41.415
              ],
              [
                -82.951,
                41.423
              ],
              [
                -82.959,
                41.432
              ],
              [
                -82.963,
                41.44
              ],
              [
                -82.966,
                41.446
              ],
              [
                -82.975,
                41.45
              ],
              [
                -82.977,
                41.462
              ],
              [
                -82.957,
                41.482
              ],
              [
                -82.937,
                41.486
              ],
              [
                -82.925,
                41.486
              ],
              [
                -82.918,
                41.485
              ],
              [
                -82.902,
                41.483
              ],
              [
                -82.885,
                41.484
              ],
              [
                -82.863,
                41.488
              ],
              [
                -82.856,
                41.491
              ],
              [
                -82.839,
                41.498
              ],
              [
                -82.831,
                41.498
              ],
              [
                -82.821,
                41.494
              ],
              [
                -82.815,
                41.493
              ],
              [
                -82.812,
                41.495
              ],
              [
                -82.806,
                41.499
              ],
              [
                -82.8,
                41.501
              ],
              [
                -82.795,
                41.501
              ],
              [
                -82.783,
                41.501
              ],
              [
                -82.766,
                41.499
              ],
              [
                -82.758,
                41.498
              ],
              [
                -82.755,
                41.5
              ],
              [
                -82.745,
                41.506
              ],
              [
                -82.731,
                41.506
              ],
              [
                -82.72,
                41.503
              ],
              [
                -82.709,
                41.496
              ],
              [
                -82.707,
                41.499
              ],
              [
                -82.713,
                41.511
              ],
              [
                -82.707,
                41.528
              ],
              [
                -82.707,
                41.531
              ],
              [
                -82.712,
                41.537
              ],
              [
                -82.716,
                41.539
              ],
              [
                -82.717,
                41.539
              ],
              [
                -82.723,
                41.54
              ],
              [
                -82.746,
                41.541
              ],
              [
                -82.754,
                41.54
              ],
              [
                -82.77,
                41.533
              ],
              [
                -82.805,
                41.527
              ],
              [
                -82.81,
                41.53
              ],
              [
                -82.811,
                41.532
              ],
              [
                -82.811,
                41.533
              ],
              [
                -82.809,
                41.538
              ],
              [
                -82.8,
                41.544
              ],
              [
                -82.795,
                41.544
              ],
              [
                -82.78,
                41.536
              ],
              [
                -82.776,
                41.536
              ],
              [
                -82.804,
                41.56
              ],
              [
                -82.816,
                41.559
              ],
              [
                -82.818,
                41.557
              ],
              [
                -82.819,
                41.554
              ],
              [
                -82.82,
                41.546
              ],
              [
                -82.824,
                41.535
              ],
              [
                -82.826,
                41.532
              ],
              [
                -82.85,
                41.523
              ],
              [
                -82.855,
                41.522
              ],
              [
                -82.86,
                41.521
              ],
              [
                -82.864,
                41.522
              ],
              [
                -82.862,
                41.524
              ],
              [
                -82.861,
                41.524
              ],
              [
                -82.845,
                41.532
              ],
              [
                -82.834,
                41.535
              ],
              [
                -82.832,
                41.537
              ],
              [
                -82.831,
                41.538
              ],
              [
                -82.833,
                41.542
              ],
              [
                -82.827,
                41.551
              ],
              [
                -82.815,
                41.567
              ],
              [
                -82.827,
                41.587
              ],
              [
                -82.83,
                41.591
              ],
              [
                -82.831,
                41.592
              ],
              [
                -82.855,
                41.576
              ],
              [
                -82.855,
                41.571
              ],
              [
                -82.851,
                41.561
              ],
              [
                -82.85,
                41.559
              ],
              [
                -82.852,
                41.551
              ],
              [
                -82.859,
                41.54
              ],
              [
                -82.86,
                41.539
              ],
              [
                -82.871,
                41.528
              ],
              [
                -82.875,
                41.524
              ],
              [
                -82.881,
                41.52
              ],
              [
                -82.893,
                41.516
              ],
              [
                -82.912,
                41.515
              ],
              [
                -82.924,
                41.514
              ],
              [
                -82.937,
                41.509
              ],
              [
                -82.949,
                41.519
              ],
              [
                -82.957,
                41.522
              ],
              [
                -82.98,
                41.53
              ],
              [
                -82.984,
                41.531
              ],
              [
                -82.988,
                41.532
              ],
              [
                -82.995,
                41.533
              ],
              [
                -83.0,
                41.536
              ],
              [
                -83.011,
                41.542
              ],
              [
                -83.02,
                41.55
              ],
              [
                -83.029,
                41.557
              ],
              [
                -83.03,
                41.557
              ],
              [
                -83.053,
                41.584
              ],
              [
                -83.055,
                41.585
              ],
              [
                -83.071,
                41.598
              ],
              [
                -83.082,
                41.604
              ],
              [
                -83.095,
                41.61
              ],
              [
                -83.104,
                41.613
              ],
              [
                -83.107,
                41.613
              ],
              [
                -83.116,
                41.611
              ],
              [
                -83.118,
                41.611
              ],
              [
                -83.119,
                41.611
              ],
              [
                -83.129,
                41.612
              ],
              [
                -83.155,
                41.62
              ],
              [
                -83.178,
                41.626
              ],
              [
                -83.182,
                41.627
              ],
              [
                -83.215,
                41.635
              ],
              [
                -83.223,
                41.636
              ],
              [
                -83.231,
                41.632
              ],
              [
                -83.24,
                41.633
              ],
              [
                -83.241,
                41.633
              ],
              [
                -83.243,
                41.636
              ],
              [
                -83.243,
                41.641
              ],
              [
                -83.241,
                41.644
              ],
              [
                -83.231,
                41.643
              ],
              [
                -83.23,
                41.644
              ],
              [
                -83.23,
                41.645
              ],
              [
                -83.243,
                41.651
              ],
              [
                -83.263,
                41.66
              ],
              [
                -83.289,
                41.677
              ],
              [
                -83.293,
                41.68
              ],
              [
                -83.303,
                41.686
              ],
              [
                -83.333,
                41.701
              ],
              [
                -83.338,
                41.703
              ],
              [
                -83.338,
                41.702
              ],
              [
                -83.338,
                41.699
              ],
              [
                -83.338,
                41.696
              ],
              [
                -83.338,
                41.692
              ],
              [
                -83.347,
                41.687
              ],
              [
                -83.353,
                41.685
              ],
              [
                -83.375,
                41.684
              ],
              [
                -83.411,
                41.688
              ],
              [
                -83.431,
                41.69
              ],
              [
                -83.452,
                41.695
              ],
              [
                -83.462,
                41.702
              ],
              [
                -83.459,
                41.717
              ],
              [
                -83.449,
                41.724
              ],
              [
                -83.446,
                41.73
              ],
              [
                -83.447,
                41.735
              ],
              [
                -83.447,
                41.736
              ],
              [
                -83.45,
                41.74
              ],
              [
                -83.454,
                41.74
              ],
              [
                -83.456,
                41.738
              ],
              [
                -83.463,
                41.734
              ],
              [
                -83.472,
                41.735
              ],
              [
                -83.473,
                41.735
              ],
              [
                -83.476,
                41.745
              ],
              [
                -83.471,
                41.751
              ],
              [
                -83.468,
                41.754
              ],
              [
                -83.464,
                41.76
              ],
              [
                -83.461,
                41.759
              ],
              [
                -83.458,
                41.758
              ],
              [
                -83.448,
                41.759
              ],
              [
                -83.452,
                41.767
              ],
              [
                -83.452,
                41.768
              ],
              [
                -83.454,
                41.772
              ],
              [
                -83.455,
                41.781
              ],
              [
                -83.453,
                41.783
              ],
              [
                -83.445,
                41.79
              ],
              [
                -83.441,
                41.789
              ],
              [
                -83.443,
                41.776
              ],
              [
                -83.442,
                41.776
              ],
              [
                -83.433,
                41.759
              ],
              [
                -83.429,
                41.74
              ],
              [
                -83.421,
                41.736
              ],
              [
                -83.42,
                41.742
              ],
              [
                -83.425,
                41.754
              ],
              [
                -83.432,
                41.773
              ],
              [
                -83.434,
                41.783
              ],
              [
                -83.435,
                41.789
              ],
              [
                -83.434,
                41.807
              ],
              [
                -83.432,
                41.811
              ],
              [
                -83.429,
                41.812
              ],
              [
                -83.407,
                41.823
              ],
              [
                -83.4,
                41.83
              ],
              [
                -83.394,
                41.846
              ],
              [
                -83.382,
                41.862
              ],
              [
                -83.368,
                41.871
              ],
              [
                -83.361,
                41.872
              ],
              [
                -83.355,
                41.877
              ],
              [
                -83.355,
                41.88
              ],
              [
                -83.357,
                41.883
              ],
              [
                -83.375,
                41.883
              ],
              [
                -83.382,
                41.886
              ],
              [
                -83.385,
                41.889
              ],
              [
                -83.383,
                41.893
              ],
              [
                -83.364,
                41.889
              ],
              [
                -83.356,
                41.887
              ],
              [
                -83.348,
                41.886
              ],
              [
                -83.341,
                41.885
              ],
              [
                -83.33,
                41.886
              ],
              [
                -83.323,
                41.913
              ],
              [
                -83.324,
                41.916
              ],
              [
                -83.319,
                41.922
              ],
              [
                -83.309,
                41.934
              ],
              [
                -83.298,
                41.943
              ],
              [
                -83.287,
                41.943
              ],
              [
                -83.268,
                41.936
              ],
              [
                -83.267,
                41.935
              ],
              [
                -83.263,
                41.929
              ],
              [
                -83.259,
                41.929
              ],
              [
                -83.247,
                41.94
              ],
              [
                -83.248,
                41.952
              ],
              [
                -83.249,
                41.953
              ],
              [
                -83.25,
                41.964
              ],
              [
                -83.257,
                41.97
              ],
              [
                -83.272,
                41.975
              ],
              [
                -83.278,
                41.981
              ],
              [
                -83.267,
                41.98
              ],
              [
                -83.256,
                41.974
              ],
              [
                -83.24,
                41.972
              ],
              [
                -83.216,
                41.985
              ],
              [
                -83.204,
                41.993
              ],
              [
                -83.199,
                42.001
              ],
              [
                -84.0,
                42.0
              ],
              [
                -84.0,
                43.0
              ],
              [
                -85.0,
                43.0
              ],
              [
                -85.0,
                42.0
              ],
              [
                -85.0,
                41.0
              ],
              [
                -86.0,
                41.0
              ],
              [
                -87.0,
                41.0
              ],
              [
                -88.0,
                41.0
              ],
              [
                -89.0,
                41.0
              ],
              [
                -89.0,
                40.0
              ]
            ]
          ]
        ]
      },
      "properties": {
        "id": 19,
        "color": "green",
        "fillColor": "green",
        "strokeColor": "green",
        "strokeWidth": 2,
        "borderColor": "green",
        "boderWidth": 2
      }
    },
    {
      "type": "Feature",
      "geometry": {
        "type": "LineString",
        "coordinates": [
          [
            133.3,
            -10.0
          ],
          [
            133.3,
            -10.1
          ]
        ]
      },
      "properties": {
        "id": 20,
        "color": "green",
        "fillColor": "green",
        "strokeColor": "green",
        "strokeWidth": 2,
        "borderColor": "green",
        "boderWidth": 2
      }
    },
    {
      "type": "Feature",
      "geometry": {
        "type": "Polygon",
        "coordinates": [
          [
            [
              132.4,
              -9.53
            ],
            [
              132.4015,
              -9.53
            ],
            [
              132.4029,
              -9.5299
            ],
            [
              132.4044,
              -9.5297
            ],
            [
              132.4059,
              -9.5294
            ],
            [
              132.4073,
              -9.5291
            ],
            [
              132.4087,
              -9.5287
            ],
            [
              132.4101,
              -9.5282
            ],
            [
              132.4115,
              -9.5277
            ],
            [
              132.4128,
              -9.5271
            ],
            [
              132.4141,
              -9.5265
            ],
            [
              132.4154,
              -9.5257
            ],
            [
              132.4167,
              -9.5249
            ],
            [
              132.4179,
              -9.5241
            ],
            [
              132.419,
              -9.5232
            ],
            [
              132.4201,
              -9.5222
            ],
            [
              132.4212,
              -9.5212
            ],
            [
              132.4222,
              -9.5201
            ],
            [
              132.4232,
              -9.519
            ],
            [
              132.4241,
              -9.5179
            ],
            [
              132.4249,
              -9.5167
            ],
            [
              132.4257,
              -9.5154
            ],
            [
              132.4265,
              -9.5141
            ],
            [
              132.4271,
              -9.5128
            ],
            [
              132.4277,
              -9.5115
            ],
            [
              132.4282,
              -9.5101
            ],
            [
              132.4287,
              -9.5087
            ],
            [
              132.4291,
              -9.5073
            ],
            [
              132.4294,
              -9.5059
            ],
            [
              132.4297,
              -9.5044
            ],
            [
              132.4299,
              -9.5029
            ],
            [
              132.43,
              -9.5015
            ],
            [
              132.43,
              -9.5
            ],
            [
              132.43,
              -9.4985
            ],
            [
              132.4299,
              -9.4971
            ],
            [
              132.4297,
              -9.4956
            ],
            [
              132.4294,
              -9.4941
            ],
            [
              132.4291,
              -9.4927
            ],
            [
              132.4287,
              -9.4913
            ],
            [
              132.4282,
              -9.4899
            ],
            [
              132.4277,
              -9.4885
            ],
            [
              132.4271,
              -9.4872
            ],
            [
              132.4265,
              -9.4859
            ],
            [
              132.4257,
              -9.4846
            ],
            [
              132.4249,
              -9.4833
            ],
            [
              132.4241,
              -9.4821
            ],
            [
              132.4232,
              -9.481
            ],
            [
              132.4222,
              -9.4799
            ],
            [
              132.4212,
              -9.4788
            ],
            [
              132.4201,
              -9.4778
            ],
            [
              132.419,
              -9.4768
            ],
            [
              132.4179,
              -9.4759
            ],
            [
              132.4167,
              -9.4751
            ],
            [
              132.4154,
              -9.4743
            ],
            [
              132.4141,
              -9.4735
            ],
            [
              132.4128,
              -9.4729
            ],
            [
              132.4115,
              -9.4723
            ],
            [
              132.4101,
              -9.4718
            ],
            [
              132.4087,
              -9.4713
            ],
            [
              132.4073,
              -9.4709
            ],
            [
              132.4059,
              -9.4706
            ],
            [
              132.4044,
              -9.4703
            ],
            [
              132.4029,
              -9.4701
            ],
            [
              132.4015,
              -9.47
            ],
            [
              132.4,
              -9.47
            ],
            [
              132.3985,
              -9.47
            ],
            [
              132.3971,
              -9.4701
            ],
            [
              132.3956,
              -9.4703
            ],
            [
              132.3941,
              -9.4706
            ],
            [
              132.3927,
              -9.4709
            ],
            [
              132.3913,
              -9.4713
            ],
            [
              132.3899,
              -9.4718
            ],
            [
              132.3885,
              -9.4723
            ],
            [
              132.3872,
              -9.4729
            ],
            [
              132.3859,
              -9.4735
            ],
            [
              132.3846,
              -9.4743
            ],
            [
              132.3833,
              -9.4751
            ],
            [
              132.3821,
              -9.4759
            ],
            [
              132.381,
              -9.4768
            ],
            [
              132.3799,
              -9.4778
            ],
            [
              132.3788,
              -9.4788
            ],
            [
              132.3778,
              -9.4799
            ],
            [
              132.3768,
              -9.481
            ],
            [
              132.3759,
              -9.4821
            ],
            [
              132.3751,
              -9.4833
            ],
            [
              132.3743,
              -9.4846
            ],
            [
              132.3735,
              -9.4859
            ],
            [
              132.3729,
              -9.4872
            ],
            [
              132.3723,
              -9.4885
            ],
            [
              132.3718,
              -9.4899
            ],
            [
              132.3713,
              -9.4913
            ],
            [
              132.3709,
              -9.4927
            ],
            [
              132.3706,
              -9.4941
            ],
            [
              132.3703,
              -9.4956
            ],
            [
              132.3701,
              -9.4971
            ],
            [
              132.37,
              -9.4985
            ],
            [
              132.37,
              -9.5
            ],
            [
              132.37,
              -9.5015
            ],
            [
              132.3701,
              -9.5029
            ],
            [
              132.3703,
              -9.5044
            ],
            [
              132.3706,
              -9.5059
            ],
            [
              132.3709,
              -9.5073
            ],
            [
              132.3713,
              -9.5087
            ],
            [
              132.3718,
              -9.5101
            ],
            [
              132.3723,
              -9.5115
            ],
            [
              132.3729,
              -9.5128
            ],
            [
              132.3735,
              -9.5141
            ],
            [
              132.3743,
              -9.5154
            ],
            [
              132.3751,
              -9.5167
            ],
            [
              132.3759,
              -9.5179
            ],
            [
              132.3768,
              -9.519
            ],
            [
              132.3778,
              -9.5201
            ],
            [
              132.3788,
              -9.5212
            ],
            [
              132.3799,
              -9.5222
            ],
            [
              132.381,
              -9.5232
            ],
            [
              132.3821,
              -9.5241
            ],
            [
              132.3833,
              -9.5249
            ],
            [
              132.3846,
              -9.5257
            ],
            [
              132.3859,
              -9.5265
            ],
            [
              132.3872,
              -9.5271
            ],
            [
              132.3885,
              -9.5277
            ],
            [
              132.3899,
              -9.5282
            ],
            [
              132.3913,
              -9.5287
            ],
            [
              132.3927,
              -9.5291
            ],
            [
              132.3941,
              -9.5294
            ],
            [
              132.3956,
              -9.5297
            ],
            [
              132.3971,
              -9.5299
            ],
            [
              132.3985,
              -9.53
            ],
            [
              132.4,
              -9.53
            ]
          ]
        ]
      },
      "properties": {
        "id": 21,
        "color": "green",
        "fillColor": "green",
        "strokeColor": "green",
        "strokeWidth": 2,
        "borderColor": "green",
        "boderWidth": 2
      }
    },
    {
      "type": "Feature",
      "geometry": {
        "type": "Polygon",
        "coordinates": [
          [
            [
              127.3,
              -14.7
            ],
            [
              127.3,
              -14.7
            ],
            [
              127.3,
              -14.7
            ],
            [
              127.3,
              -14.7
            ],
            [
              127.3,
              -14.7
            ],
            [
              127.3,
              -14.7
            ],
            [
              127.3,
              -14.7
            ],
            [
              127.3,
              -14.7
            ],
            [
              127.3,
              -14.7
            ],
            [
              127.3,
              -14.7
            ],
            [
              127.3,
              -14.7
            ],
            [
              127.3,
              -14.7
            ],
            [
              127.3,
              -14.7
            ],
            [
              127.3,
              -14.7
            ],
            [
              127.3,
              -14.7
            ],
            [
              127.3,
              -14.7
            ],
            [
              127.3,
              -14.7
            ],
            [
              127.3,
              -14.7
            ],
            [
              127.3,
              -14.7
            ],
            [
              127.3,
              -14.7
            ],
            [
              127.3,
              -14.7
            ],
            [
              127.3,
              -14.7
            ],
            [
              127.3,
              -14.7
            ],
            [
              127.3,
              -14.7
            ],
            [
              127.3,
              -14.7
            ],
            [
              127.3,
              -14.7
            ],
            [
              127.3,
              -14.7
            ],
            [
              127.3,
              -14.7
            ],
            [
              127.3,
              -14.7
            ],
            [
              127.3,
              -14.7
            ],
            [
              127.3,
              -14.7
            ],
            [
              127.3,
              -14.7
            ],
            [
              127.3,
              -14.7
            ],
            [
              127.3,
              -14.7
            ],
            [
              127.3,
              -14.7
            ],
            [
              127.3,
              -14.7
            ],
            [
              127.3,
              -14.7
            ],
            [
              127.3,
              -14.7
            ],
            [
              127.3,
              -14.7
            ],
            [
              127.3,
              -14.7
            ],
            [
              127.3,
              -14.7
            ],
            [
              127.3,
              -14.7
            ],
            [
              127.3,
              -14.7
            ],
            [
              127.3,
              -14.7
            ],
            [
              127.3,
              -14.7
            ],
            [
              127.3,
              -14.7
            ],
            [
              127.3,
              -14.7
            ],
            [
              127.3,
              -14.7
            ],
            [
              127.3,
              -14.7
            ],
            [
              127.3,
              -14.7
            ],
            [
              127.3,
              -14.7
            ],
            [
              127.3,
              -14.7
            ],
            [
              127.3,
              -14.7
            ],
            [
              127.3,
              -14.7
            ],
            [
              127.3,
              -14.7
            ],
            [
              127.3,
              -14.7
            ],
            [
              127.3,
              -14.7
            ],
            [
              127.3,
              -14.7
            ],
            [
              127.3,
              -14.7
            ],
            [
              127.3,
              -14.7
            ],
            [
              127.3,
              -14.7
            ],
            [
              127.3,
              -14.7
            ],
            [
              127.3,
              -14.7
            ],
            [
              127.3,
              -14.7
            ],
            [
              127.3,
              -14.7
            ],
            [
              127.3,
              -14.7
            ],
            [
              127.3,
              -14.7
            ],
            [
              127.3,
              -14.7
            ],
            [
              127.3,
              -14.7
            ],
            [
              127.3,
              -14.7
            ],
            [
              127.3,
              -14.7
            ],
            [
              127.3,
              -14.7
            ],
            [
              127.3,
              -14.7
            ],
            [
              127.3,
              -14.7
            ],
            [
              127.3,
              -14.7
            ],
            [
              127.3,
              -14.7
            ],
            [
              127.3,
              -14.7
            ],
            [
              127.3,
              -14.7
            ],
            [
              127.3,
              -14.7
            ],
            [
              127.3,
              -14.7
            ],
            [
              127.3,
              -14.7
            ],
            [
              127.3,
              -14.7
            ],
            [
              127.3,
              -14.7
            ],
            [
              127.3,
              -14.7
            ],
            [
              127.3,
              -14.7
            ],
            [
              127.3,
              -14.7
            ],
            [
              127.3,
              -14.7
            ],
            [
              127.3,
              -14.7
            ],
            [
              127.3,
              -14.7
            ],
            [
              127.3,
              -14.7
            ],
            [
              127.3,
              -14.7
            ],
            [
              127.3,
              -14.7
            ],
            [
              127.3,
              -14.7
            ],
            [
              127.3,
              -14.7
            ],
            [
              127.3,
              -14.7
            ],
            [
              127.3,
              -14.7
            ],
            [
              127.3,
              -14.7
            ],
            [
              127.3,
              -14.7
            ],
            [
              127.3,
              -14.7
            ],
            [
              127.3,
              -14.7
            ],
            [
              127.3,
              -14.7
            ],
            [
              127.3,
              -14.7
            ],
            [
              127.3,
              -14.7
            ],
            [
              127.3,
              -14.7
            ],
            [
              127.3,
              -14.7
            ],
            [
              127.3,
              -14.7
            ],
            [
              127.3,
              -14.7
            ],
            [
              127.3,
              -14.7
            ],
            [
              127.3,
              -14.7
            ],
            [
              127.3,
              -14.7
            ],
            [
              127.3,
              -14.7
            ],
            [
              127.3,
              -14.7
            ],
            [
              127.3,
              -14.7
            ],
            [
              127.3,
              -14.7
            ],
            [
              127.3,
              -14.7
            ],
            [
              127.3,
              -14.7
            ],
            [
              127.3,
              -14.7
            ],
            [
              127.3,
              -14.7
            ],
            [
              127.3,
              -14.7
            ],
            [
              127.3,
              -14.7
            ],
            [
              127.3,
              -14.7
            ],
            [
              127.3,
              -14.7
            ],
            [
              127.3,
              -14.7
            ],
            [
              127.3,
              -14.7
            ],
            [
              127.3,
              -14.7
            ],
            [
              127.3,
              -14.7
            ],
            [
              127.3,
              -14.7
            ],
            [
              127.3,
              -14.7
            ],
            [
              127.3,
              -14.7
            ],
            [
              127.3,
              -14.7
            ],
            [
              127.3,
              -14.7
            ],
            [
              127.3,
              -14.7
            ],
            [
              127.3,
              -14.7
            ],
            [
              127.3,
              -14.7
            ],
            [
              127.3,
              -14.7
            ],
            [
              127.3,
              -14.7
            ],
            [
              127.3,
              -14.7
            ],
            [
              127.3,
              -14.7
            ],
            [
              127.3,
              -14.7
            ],
            [
              127.3,
              -14.7
            ],
            [
              127.3,
              -14.7
            ],
            [
              127.3,
              -14.7
            ],
            [
              127.3,
              -14.7
            ],
            [
              127.3,
              -14.7
            ],
            [
              127.3,
              -14.7
            ],
            [
              127.3,
              -14.7
            ],
            [
              127.3,
              -14.7
            ],
            [
              127.3,
              -14.7
            ],
            [
              127.3,
              -14.7
            ],
            [
              127.3,
              -14.7
            ],
            [
              127.3,
              -14.7
            ],
            [
              127.3,
              -14.7
            ],
            [
              127.3,
              -14.7
            ],
            [
              127.3,
              -14.7
            ],
            [
              127.3,
              -14.7
            ],
            [
              127.3,
              -14.7
            ],
            [
              127.3,
              -14.7
            ],
            [
              127.3,
              -14.7
            ],
            [
              127.3,
              -14.7
            ],
            [
              127.3,
              -14.7
            ],
            [
              127.3,
              -14.7
            ],
            [
              127.3,
              -14.7
            ],
            [
              127.3,
              -14.7
            ],
            [
              127.3,
              -14.7
            ],
            [
              127.3,
              -14.7
            ],
            [
              127.3,
              -14.7
            ],
            [
              127.3,
              -14.7
            ],
            [
              127.3,
              -14.7
            ],
            [
              127.3,
              -14.7
            ],
            [
              127.3,
              -14.7
            ],
            [
              127.3,
              -14.7
            ],
            [
              127.3,
              -14.7
            ],
            [
              127.3,
              -14.7
            ],
            [
              127.3,
              -14.7
            ],
            [
              127.3,
              -14.7
            ],
            [
              127.3,
              -14.7
            ],
            [
              127.3,
              -14.7
            ],
            [
              127.3,
              -14.7
            ],
            [
              127.3,
              -14.7
            ],
            [
              127.3,
              -14.7
            ],
            [
              127.3,
              -14.7
            ],
            [
              127.3,
              -14.7
            ],
            [
              127.3,
              -14.7
            ],
            [
              127.3,
              -14.7
            ],
            [
              127.3,
              -14.7
            ],
            [
              127.3,
              -14.7
            ],
            [
              127.3,
              -14.7
            ],
            [
              127.3,
              -14.7
            ],
            [
              127.3,
              -14.7
            ],
            [
              127.3,
              -14.7
            ],
            [
              127.3,
              -14.7
            ],
            [
              127.3,
              -14.7
            ],
            [
              127.3,
              -14.7
            ],
            [
              127.3,
              -14.7
            ],
            [
              127.3,
              -14.7
            ],
            [
              127.3,
              -14.7
            ],
            [
              127.3,
              -14.7
            ],
            [
              127.3,
              -14.7
            ],
            [
              127.3,
              -14.7
            ],
            [
              127.3,
              -14.7
            ],
            [
              127.3,
              -14.7
            ],
            [
              127.3,
              -14.7
            ],
            [
              127.3,
              -14.7
            ],
            [
              127.3,
              -14.7
            ],
            [
              127.3,
              -14.7
            ],
            [
              127.3,
              -14.7
            ],
            [
              127.3,
              -14.7
            ],
            [
              127.3,
              -14.7
            ],
            [
              127.3,
              -14.7
            ],
            [
              127.3,
              -14.7
            ],
            [
              127.3,
              -14.7
            ],
            [
              127.3,
              -14.7
            ],
            [
              127.3,
              -14.7
            ],
            [
              127.3,
              -14.7
            ],
            [
              127.3,
              -14.7
            ],
            [
              127.3,
              -14.7
            ],
            [
              127.3,
              -14.7
            ],
            [
              127.3,
              -14.7
            ],
            [
              127.3,
              -14.7
            ],
            [
              127.3,
              -14.7
            ],
            [
              127.3,
              -14.7
            ],
            [
              127.3,
              -14.7
            ],
            [
              127.3,
              -14.7
            ],
            [
              127.3,
              -14.7
            ],
            [
              127.3,
              -14.7
            ],
            [
              127.3,
              -14.7
            ],
            [
              127.3,
              -14.7
            ],
            [
              127.3,
              -14.7
            ],
            [
              127.3,
              -14.7
            ],
            [
              127.3,
              -14.7
            ],
            [
              127.3,
              -14.7
            ],
            [
              127.3,
              -14.7
            ],
            [
              127.3,
              -14.7
            ],
            [
              127.3,
              -14.7
            ],
            [
              127.3,
              -14.7
            ],
            [
              127.3,
              -14.7
            ],
            [
              127.3,
              -14.7
            ],
            [
              127.3,
              -14.7
            ],
            [
              127.3,
              -14.7
            ],
            [
              127.3,
              -14.7
            ],
            [
              127.3,
              -14.7
            ],
            [
              127.3,
              -14.7
            ],
            [
              127.3,
              -14.7
            ],
            [
              127.3,
              -14.7
            ],
            [
              127.3,
              -14.7
            ],
            [
              127.3,
              -14.7
            ],
            [
              127.3,
              -14.7
            ],
            [
              127.3,
              -14.7
            ],
            [
              127.3,
              -14.7
            ],
            [
              127.3,
              -14.7
            ],
            [
              127.3,
              -14.7
            ],
            [
              127.3,
              -14.7
            ],
            [
              127.3,
              -14.7
            ],
            [
              127.3,
              -14.7
            ],
            [
              127.3,
              -14.7
            ],
            [
              127.3,
              -14.7
            ],
            [
              127.3,
              -14.7
            ],
            [
              127.3,
              -14.7
            ],
            [
              127.3,
              -14.7
            ],
            [
              127.3,
              -14.7
            ],
            [
              127.3,
              -14.7
            ],
            [
              127.3,
              -14.7
            ],
            [
              127.3,
              -14.7
            ],
            [
              127.3,
              -14.7
            ],
            [
              127.3,
              -14.7
            ],
            [
              127.3,
              -14.7
            ],
            [
              127.3,
              -14.7
            ],
            [
              127.3,
              -14.7
            ],
            [
              127.3,
              -14.7
            ],
            [
              127.3,
              -14.7
            ],
            [
              127.3,
              -14.7
            ],
            [
              127.3,
              -14.7
            ],
            [
              127.3,
              -14.7
            ],
            [
              127.3,
              -14.7
            ],
            [
              127.3,
              -14.7
            ],
            [
              127.3,
              -14.7
            ],
            [
              127.3,
              -14.7
            ],
            [
              127.3,
              -14.7
            ],
            [
              127.3,
              -14.7
            ],
            [
              127.3,
              -14.7
            ],
            [
              127.3,
              -14.7
            ],
            [
              127.3,
              -14.7
            ],
            [
              127.3,
              -14.7
            ],
            [
              127.3,
              -14.7
            ],
            [
              127.3,
              -14.7
            ],
            [
              127.3,
              -14.7
            ],
            [
              127.3,
              -14.7
            ],
            [
              127.3,
              -14.7
            ],
            [
              127.3,
              -14.7
            ],
            [
              127.3,
              -14.7
            ],
            [
              127.3,
              -14.7
            ],
            [
              127.3,
              -14.7
            ],
            [
              127.3,
              -14.7
            ],
            [
              127.3,
              -14.7
            ],
            [
              127.3,
              -14.7
            ],
            [
              127.3,
              -14.7
            ],
            [
              127.3,
              -14.7
            ],
            [
              127.3,
              -14.7
            ],
            [
              127.3,
              -14.7
            ],
            [
              127.3,
              -14.7
            ],
            [
              127.3,
              -14.7
            ],
            [
              127.3,
              -14.7
            ],
            [
              127.3,
              -14.7
            ],
            [
              127.3,
              -14.7
            ],
            [
              127.3,
              -14.7
            ],
            [
              127.3,
              -14.7
            ],
            [
              127.3,
              -14.7
            ],
            [
              127.3,
              -14.7
            ],
            [
              127.3,
              -14.7
            ],
            [
              127.3,
              -14.7
            ],
            [
              127.3,
              -14.7
            ],
            [
              127.3,
              -14.7
            ],
            [
              127.3,
              -14.7
            ],
            [
              127.3,
              -14.7
            ],
            [
              127.3,
              -14.7
            ],
            [
              127.3,
              -14.7
            ],
            [
              127.3,
              -14.7
            ],
            [
              127.3,
              -14.7
            ],
            [
              127.3,
              -14.7
            ],
            [
              127.3,
              -14.7
            ],
            [
              127.3,
              -14.7
            ],
            [
              127.3,
              -14.7
            ],
            [
              127.3,
              -14.7
            ],
            [
              127.3,
              -14.7
            ],
            [
              127.3,
              -14.7
            ],
            [
              127.3,
              -14.7
            ],
            [
              127.3,
              -14.7
            ],
            [
              127.3,
              -14.7
            ],
            [
              127.3,
              -14.7
            ],
            [
              127.3,
              -14.7
            ],
            [
              127.3,
              -14.7
            ],
            [
              127.3,
              -14.7
            ],
            [
              127.3,
              -14.7
            ],
            [
              127.3,
              -14.7
            ],
            [
              127.3,
              -14.7
            ],
            [
              127.3,
              -14.7
            ],
            [
              127.3,
              -14.7
            ],
            [
              127.3,
              -14.7
            ],
            [
              127.3,
              -14.7
            ],
            [
              127.3,
              -14.7
            ],
            [
              127.3,
              -14.7
            ],
            [
              127.3,
              -14.7
            ],
            [
              127.3,
              -14.7
            ],
            [
              127.3,
              -14.7
            ],
            [
              127.3,
              -14.7
            ],
            [
              127.3,
              -14.7
            ],
            [
              127.3,
              -14.7
            ],
            [
              127.3,
              -14.7
            ],
            [
              127.3,
              -14.7
            ],
            [
              127.3,
              -14.7
            ],
            [
              127.3,
              -14.7
            ],
            [
              127.3,
              -14.7
            ],
            [
              127.3,
              -14.7
            ],
            [
              127.3,
              -14.7
            ],
            [
              127.3,
              -14.7
            ],
            [
              127.3,
              -14.7
            ],
            [
              127.3,
              -14.7
            ],
            [
              127.3,
              -14.7
            ],
            [
              127.3,
              -14.7
            ],
            [
              127.3,
              -14.7
            ],
            [
              127.3,
              -14.7
            ],
            [
              127.3,
              -14.7
            ],
            [
              127.3,
              -14.7
            ],
            [
              127.3,
              -14.7
            ],
            [
              127.3,
              -14.7
            ]
          ]
        ]
      },
      "properties": {
        "id": 22,
        "color": "Orange",
        "fillColor": "Orange",
        "strokeColor": "green",
        "strokeWidth": 2,
        "borderColor": "green",
        "boderWidth": 2
      }
    },
    {
      "type": "Feature",
      "geometry": {
        "type": "Polygon",
        "coordinates": [
          [
            [
              83.3,
              28.7
            ],
            [
              83.3,
              28.7
            ],
            [
              84.3333,
              26.5
            ],
            [
              101.25,
              27.2833
            ],
            [
              98.25,
              30.1333
            ],
            [
              83.3,
              28.7
            ]
          ]
        ]
      },
      "properties": {
        "id": 23,
        "color": "green",
        "fillColor": "green",
        "strokeColor": "green",
        "strokeWidth": 2,
        "borderColor": "green",
        "boderWidth": 2
      }
    },
    {
      "type": "Feature",
      "geometry": {
        "type": "LineString",
        "coordinates": [
          [
            130.8,
            -10.0
          ],
          [
            131.2,
            -9.9
          ]
        ]
      },
      "properties": {
        "id": 24,
        "color": "green",
        "fillColor": "green",
        "strokeColor": "green",
        "strokeWidth": 2,
        "borderColor": "green",
        "boderWidth": 2
      }
    },
    {
      "type": "Feature",
      "geometry": {
        "type": "Point",
        "coordinates": [
          -84.072,
          41.509
        ]
      },
      "properties": {
        "id": 25,
        "color": "green",
        "fillColor": "green",
        "strokeColor": "green",
        "strokeWidth": 2,
        "borderColor": "green",
        "boderWidth": 2
      }
    },
    {
      "type": "Feature",
      "geometry": {
        "type": "Polygon",
        "coordinates": [
          [
            [
              127.6,
              -13.6672
            ],
            [
              127.6,
              -13.5007
            ],
            [
              127.582,
              -13.5008
            ],
            [
              127.564,
              -13.5013
            ],
            [
              127.546,
              -13.502
            ],
            [
              127.528,
              -13.5031
            ],
            [
              127.51,
              -13.5045
            ],
            [
              127.4921,
              -13.5061
            ],
            [
              127.4742,
              -13.5081
            ],
            [
              127.4563,
              -13.5104
            ],
            [
              127.4385,
              -13.513
            ],
            [
              127.4208,
              -13.5159
            ],
            [
              127.403,
              -13.519
            ],
            [
              127.3854,
              -13.5225
            ],
            [
              127.3678,
              -13.5263
            ],
            [
              127.3503,
              -13.5304
            ],
            [
              127.3328,
              -13.5347
            ],
            [
              127.3155,
              -13.5394
            ],
            [
              127.2982,
              -13.5443
            ],
            [
              127.281,
              -13.5496
            ],
            [
              127.2639,
              -13.5551
            ],
            [
              127.247,
              -13.5609
            ],
            [
              127.2301,
              -13.567
            ],
            [
              127.2133,
              -13.5734
            ],
            [
              127.1967,
              -13.5801
            ],
            [
              127.1802,
              -13.5871
            ],
            [
              127.1638,
              -13.5943
            ],
            [
              127.1475,
              -13.6018
            ],
            [
              127.1314,
              -13.6096
            ],
            [
              127.1154,
              -13.6176
            ],
            [
              127.0996,
              -13.626
            ],
            [
              127.0839,
              -13.6346
            ],
            [
              127.0684,
              -13.6434
            ],
            [
              127.053,
              -13.6525
            ],
            [
              127.0378,
              -13.6619
            ],
            [
              127.0228,
              -13.6715
            ],
            [
              127.008,
              -13.6814
            ],
            [
              126.9933,
              -13.6915
            ],
            [
              126.9788,
              -13.7019
            ],
            [
              126.9645,
              -13.7125
            ],
            [
              126.9504,
              -13.7234
            ],
            [
              126.9365,
              -13.7345
            ],
            [
              126.9228,
              -13.7458
            ],
            [
              126.9093,
              -13.7574
            ],
            [
              126.896,
              -13.7691
            ],
            [
              126.883,
              -13.7811
            ],
            [
              126.8701,
              -13.7934
            ],
            [
              126.8575,
              -13.8058
            ],
            [
              126.8451,
              -13.8185
            ],
            [
              126.8329,
              -13.8313
            ],
            [
              126.821,
              -13.8444
            ],
            [
              126.8093,
              -13.8576
            ],
            [
              126.7978,
              -13.8711
            ],
            [
              126.7866,
              -13.8848
            ],
            [
              126.7756,
              -13.8986
            ],
            [
              126.7649,
              -13.9126
            ],
            [
              126.7545,
              -13.9268
            ],
            [
              126.7443,
              -13.9412
            ],
            [
              126.7343,
              -13.9557
            ],
            [
              126.7246,
              -13.9704
            ],
            [
              126.7152,
              -13.9853
            ],
            [
              126.7061,
              -14.0003
            ],
            [
              126.6972,
              -14.0155
            ],
            [
              126.6886,
              -14.0308
            ],
            [
              126.6803,
              -14.0463
            ],
            [
              126.6723,
              -14.0619
            ],
            [
              126.6645,
              -14.0777
            ],
            [
              126.657,
              -14.0935
            ],
            [
              126.6499,
              -14.1095
            ],
            [
              126.643,
              -14.1256
            ],
            [
              126.6364,
              -14.1419
            ],
            [
              126.63,
              -14.1582
            ],
            [
              126.624,
              -14.1747
            ],
            [
              126.6183,
              -14.1912
            ],
            [
              126.6129,
              -14.2078
            ],
            [
              126.6078,
              -14.2245
            ],
            [
              126.603,
              -14.2414
            ],
            [
              126.5985,
              -14.2582
            ],
            [
              126.5943,
              -14.2752
            ],
            [
              126.5904,
              -14.2922
            ],
            [
              126.5868,
              -14.3093
            ],
            [
              126.5835,
              -14.3265
            ],
            [
              126.5805,
              -14.3437
            ],
            [
              126.5778,
              -14.3609
            ],
            [
              126.5755,
              -14.3782
            ],
            [
              126.5734,
              -14.3955
            ],
            [
              126.5717,
              -14.4129
            ],
            [
              126.5703,
              -14.4303
            ],
            [
              126.5692,
              -14.4477
            ],
            [
              126.5684,
              -14.4651
            ],
            [
              126.568,
              -14.4826
            ],
            [
              126.5678,
              -14.5
            ],
            [
              126.6538,
              -14.5
            ],
            [
              126.654,
              -14.516
            ],
            [
              126.6544,
              -14.532
            ],
            [
              126.6551,
              -14.5479
            ],
            [
              126.6561,
              -14.5639
            ],
            [
              126.6574,
              -14.5798
            ],
            [
              126.659,
              -14.5958
            ],
            [
              126.6609,
              -14.6116
            ],
            [
              126.663,
              -14.6275
            ],
            [
              126.6655,
              -14.6433
            ],
            [
              126.6682,
              -14.6591
            ],
            [
              126.6712,
              -14.6748
            ],
            [
              126.6745,
              -14.6905
            ],
            [
              126.6781,
              -14.7061
            ],
            [
              126.6819,
              -14.7216
            ],
            [
              126.6861,
              -14.7371
            ],
            [
              126.6905,
              -14.7525
            ],
            [
              126.6952,
              -14.7678
            ],
            [
              126.7001,
              -14.7831
            ],
            [
              126.7054,
              -14.7982
            ],
            [
              126.7109,
              -14.8133
            ],
            [
              126.7167,
              -14.8283
            ],
            [
              126.7227,
              -14.8432
            ],
            [
              126.729,
              -14.8579
            ],
            [
              126.7356,
              -14.8726
            ],
            [
              126.7425,
              -14.8871
            ],
            [
              126.7496,
              -14.9016
            ],
            [
              126.7569,
              -14.9159
            ],
            [
              126.7646,
              -14.9301
            ],
            [
              126.7724,
              -14.9441
            ],
            [
              126.7806,
              -14.958
            ],
            [
              126.789,
              -14.9718
            ],
            [
              126.7976,
              -14.9854
            ],
            [
              126.8065,
              -14.9989
            ],
            [
              126.8156,
              -15.0122
            ],
            [
              126.8249,
              -15.0254
            ],
            [
              126.8345,
              -15.0384
            ],
            [
              126.8443,
              -15.0513
            ],
            [
              126.8544,
              -15.064
            ],
            [
              126.8647,
              -15.0765
            ],
            [
              126.8752,
              -15.0888
            ],
            [
              126.8859,
              -15.101
            ],
            [
              126.8968,
              -15.113
            ],
            [
              126.908,
              -15.1247
            ],
            [
              126.9194,
              -15.1363
            ],
            [
              126.9309,
              -15.1477
            ],
            [
              126.9427,
              -15.159
            ],
            [
              126.9547,
              -15.17
            ],
            [
              126.9669,
              -15.1808
            ],
            [
              126.9792,
              -15.1914
            ],
            [
              126.9918,
              -15.2017
            ],
            [
              127.0045,
              -15.2119
            ],
            [
              127.0175,
              -15.2219
            ],
            [
              127.0306,
              -15.2316
            ],
            [
              127.0438,
              -15.2411
            ],
            [
              127.0573,
              -15.2504
            ],
            [
              127.0709,
              -15.2594
            ],
            [
              127.0847,
              -15.2683
            ],
            [
              127.0986,
              -15.2769
            ],
            [
              127.1127,
              -15.2852
            ],
            [
              127.1269,
              -15.2933
            ],
            [
              127.1413,
              -15.3012
            ],
            [
              127.1558,
              -15.3088
            ],
            [
              127.1704,
              -15.3162
            ],
            [
              127.1852,
              -15.3233
            ],
            [
              127.2001,
              -15.3302
            ],
            [
              127.2152,
              -15.3369
            ],
            [
              127.2303,
              -15.3432
            ],
            [
              127.2456,
              -15.3493
            ],
            [
              127.2609,
              -15.3552
            ],
            [
              127.2764,
              -15.3608
            ],
            [
              127.292,
              -15.3661
            ],
            [
              127.3076,
              -15.3712
            ],
            [
              127.3234,
              -15.376
            ],
            [
              127.3392,
              -15.3806
            ],
            [
              127.3551,
              -15.3848
            ],
            [
              127.3711,
              -15.3888
            ],
            [
              127.3872,
              -15.3926
            ],
            [
              127.4033,
              -15.396
            ],
            [
              127.4195,
              -15.3992
            ],
            [
              127.4357,
              -15.4021
            ],
            [
              127.452,
              -15.4048
            ],
            [
              127.4683,
              -15.4071
            ],
            [
              127.4847,
              -15.4092
            ],
            [
              127.5011,
              -15.411
            ],
            [
              127.5175,
              -15.4126
            ],
            [
              127.534,
              -15.4138
            ],
            [
              127.5505,
              -15.4148
            ],
            [
              127.567,
              -15.4155
            ],
            [
              127.5835,
              -15.4159
            ],
            [
              127.6,
              -15.416
            ],
            [
              127.6,
              -15.3328
            ],
            [
              127.615,
              -15.3326
            ],
            [
              127.63,
              -15.3323
            ],
            [
              127.645,
              -15.3316
            ],
            [
              127.66,
              -15.3307
            ],
            [
              127.675,
              -15.3296
            ],
            [
              127.6899,
              -15.3282
            ],
            [
              127.7048,
              -15.3266
            ],
            [
              127.7197,
              -15.3247
            ],
            [
              127.7346,
              -15.3225
            ],
            [
              127.7494,
              -15.3201
            ],
            [
              127.7641,
              -15.3175
            ],
            [
              127.7788,
              -15.3146
            ],
            [
              127.7935,
              -15.3114
            ],
            [
              127.8081,
              -15.308
            ],
            [
              127.8226,
              -15.3044
            ],
            [
              127.8371,
              -15.3005
            ],
            [
              127.8515,
              -15.2964
            ],
            [
              127.8658,
              -15.292
            ],
            [
              127.88,
              -15.2874
            ],
            [
              127.8942,
              -15.2825
            ],
            [
              127.9083,
              -15.2775
            ],
            [
              127.9222,
              -15.2721
            ],
            [
              127.9361,
              -15.2666
            ],
            [
              127.9499,
              -15.2608
            ],
            [
              127.9635,
              -15.2547
            ],
            [
              127.9771,
              -15.2485
            ],
            [
              127.9905,
              -15.242
            ],
            [
              128.0038,
              -15.2353
            ],
            [
              128.017,
              -15.2284
            ],
            [
              128.0301,
              -15.2212
            ],
            [
              128.043,
              -15.2138
            ],
            [
              128.0558,
              -15.2062
            ],
            [
              128.0685,
              -15.1984
            ],
            [
              128.081,
              -15.1904
            ],
            [
              128.0934,
              -15.1822
            ],
            [
              128.1056,
              -15.1737
            ],
            [
              128.1177,
              -15.1651
            ],
            [
              128.1296,
              -15.1562
            ],
            [
              128.1413,
              -15.1472
            ],
            [
              128.1529,
              -15.1379
            ],
            [
              128.1643,
              -15.1285
            ],
            [
              128.1756,
              -15.1189
            ],
            [
              128.1866,
              -15.1091
            ],
            [
              128.1975,
              -15.099
            ],
            [
              128.2082,
              -15.0889
            ],
            [
              128.2188,
              -15.0785
            ],
            [
              128.2291,
              -15.0679
            ],
            [
              128.2392,
              -15.0572
            ],
            [
              128.2492,
              -15.0463
            ],
            [
              128.2589,
              -15.0353
            ],
            [
              128.2685,
              -15.0241
            ],
            [
              128.2778,
              -15.0127
            ],
            [
              128.287,
              -15.0012
            ],
            [
              128.2959,
              -14.9895
            ],
            [
              128.3046,
              -14.9777
            ],
            [
              128.3131,
              -14.9657
            ],
            [
              128.3214,
              -14.9536
            ],
            [
              128.3295,
              -14.9413
            ],
            [
              128.3373,
              -14.9289
            ],
            [
              128.3449,
              -14.9164
            ],
            [
              128.3523,
              -14.9037
            ],
            [
              128.3595,
              -14.891
            ],
            [
              128.3664,
              -14.8781
            ],
            [
              128.3731,
              -14.8651
            ],
            [
              128.3796,
              -14.8519
            ],
            [
              128.3858,
              -14.8387
            ],
            [
              128.3918,
              -14.8254
            ],
            [
              128.3975,
              -14.812
            ],
            [
              128.403,
              -14.7984
            ],
            [
              128.4083,
              -14.7848
            ],
            [
              128.4133,
              -14.7711
            ],
            [
              128.4181,
              -14.7573
            ],
            [
              128.4226,
              -14.7435
            ],
            [
              128.4268,
              -14.7295
            ],
            [
              128.4309,
              -14.7155
            ],
            [
              128.4346,
              -14.7015
            ],
            [
              128.4381,
              -14.6873
            ],
            [
              128.4414,
              -14.6731
            ],
            [
              128.4444,
              -14.6589
            ],
            [
              128.4471,
              -14.6446
            ],
            [
              128.4496,
              -14.6303
            ],
            [
              128.4518,
              -14.6159
            ],
            [
              128.4538,
              -14.6015
            ],
            [
              128.4555,
              -14.587
            ],
            [
              128.4569,
              -14.5726
            ],
            [
              128.4581,
              -14.5581
            ],
            [
              128.459,
              -14.5436
            ],
            [
              128.4596,
              -14.5291
            ],
            [
              128.46,
              -14.5145
            ],
            [
              128.4602,
              -14.5
            ],
            [
              128.4602,
              -14.5
            ],
            [
              128.46,
              -14.4855
            ],
            [
              128.4596,
              -14.4709
            ],
            [
              128.459,
              -14.4564
            ],
            [
              128.4581,
              -14.4419
            ],
            [
              128.4569,
              -14.4274
            ],
            [
              128.4555,
              -14.413
            ],
            [
              128.4538,
              -14.3985
            ],
            [
              128.4518,
              -14.3841
            ],
            [
              128.4496,
              -14.3697
            ],
            [
              128.4471,
              -14.3554
            ],
            [
              128.4444,
              -14.3411
            ],
            [
              128.4414,
              -14.3269
            ],
            [
              128.4381,
              -14.3127
            ],
            [
              128.4346,
              -14.2985
            ],
            [
              128.4309,
              -14.2845
            ],
            [
              128.4268,
              -14.2705
            ],
            [
              128.4226,
              -14.2565
            ],
            [
              128.4181,
              -14.2427
            ],
            [
              128.4133,
              -14.2289
            ],
            [
              128.4083,
              -14.2152
            ],
            [
              128.403,
              -14.2016
            ],
            [
              128.3975,
              -14.188
            ],
            [
              128.3918,
              -14.1746
            ],
            [
              128.3858,
              -14.1613
            ],
            [
              128.3796,
              -14.1481
            ],
            [
              128.3731,
              -14.1349
            ],
            [
              128.3664,
              -14.1219
            ],
            [
              128.3595,
              -14.109
            ],
            [
              128.3523,
              -14.0963
            ],
            [
              128.3449,
              -14.0836
            ],
            [
              128.3373,
              -14.0711
            ],
            [
              128.3295,
              -14.0587
            ],
            [
              128.3214,
              -14.0464
            ],
            [
              128.3131,
              -14.0343
            ],
            [
              128.3046,
              -14.0223
            ],
            [
              128.2959,
              -14.0105
            ],
            [
              128.287,
              -13.9988
            ],
            [
              128.2778,
              -13.9873
            ],
            [
              128.2685,
              -13.9759
            ],
            [
              128.2589,
              -13.9647
            ],
            [
              128.2492,
              -13.9537
            ],
            [
              128.2392,
              -13.9428
            ],
            [
              128.2291,
              -13.9321
            ],
            [
              128.2188,
              -13.9215
            ],
            [
              128.2082,
              -13.9111
            ],
            [
              128.1975,
              -13.901
            ],
            [
              128.1866,
              -13.8909
            ],
            [
              128.1756,
              -13.8811
            ],
            [
              128.1643,
              -13.8715
            ],
            [
              128.1529,
              -13.8621
            ],
            [
              128.1413,
              -13.8528
            ],
            [
              128.1296,
              -13.8438
            ],
            [
              128.1177,
              -13.8349
            ],
            [
              128.1056,
              -13.8263
            ],
            [
              128.0934,
              -13.8178
            ],
            [
              128.081,
              -13.8096
            ],
            [
              128.0685,
              -13.8016
            ],
            [
              128.0558,
              -13.7938
            ],
            [
              128.043,
              -13.7862
            ],
            [
              128.0301,
              -13.7788
            ],
            [
              128.017,
              -13.7716
            ],
            [
              128.0038,
              -13.7647
            ],
            [
              127.9905,
              -13.758
            ],
            [
              127.9771,
              -13.7515
            ],
            [
              127.9635,
              -13.7453
            ],
            [
              127.9499,
              -13.7392
            ],
            [
              127.9361,
              -13.7334
            ],
            [
              127.9222,
              -13.7279
            ],
            [
              127.9083,
              -13.7225
            ],
            [
              127.8942,
              -13.7175
            ],
            [
              127.88,
              -13.7126
            ],
            [
              127.8658,
              -13.708
            ],
            [
              127.8515,
              -13.7036
            ],
            [
              127.8371,
              -13.6995
            ],
            [
              127.8226,
              -13.6956
            ],
            [
              127.8081,
              -13.692
            ],
            [
              127.7935,
              -13.6886
            ],
            [
              127.7788,
              -13.6854
            ],
            [
              127.7641,
              -13.6825
            ],
            [
              127.7494,
              -13.6799
            ],
            [
              127.7346,
              -13.6775
            ],
            [
              127.7197,
              -13.6753
            ],
            [
              127.7048,
              -13.6734
            ],
            [
              127.6899,
              -13.6718
            ],
            [
              127.675,
              -13.6704
            ],
            [
              127.66,
              -13.6693
            ],
            [
              127.645,
              -13.6684
            ],
            [
              127.63,
              -13.6677
            ],
            [
              127.615,
              -13.6674
            ],
            [
              127.6,
              -13.6672
            ]
          ]
        ]
      },
      "properties": {
        "id": 26,
        "color": "Green",
        "fillColor": "Green",
        "strokeColor": "green",
        "strokeWidth": 2,
        "borderColor": "green",
        "boderWidth": 2
      }
    },
    {
      "type": "Feature",
      "geometry": {
        "type": "Polygon",
        "coordinates": [
          [
            [
              126.9,
              -15.2
            ],
            [
              126.9,
              -15.2
            ],
            [
              126.9,
              -15.2
            ],
            [
              126.9,
              -15.2
            ],
            [
              126.9,
              -15.2
            ],
            [
              126.9,
              -15.2
            ],
            [
              126.9,
              -15.2
            ],
            [
              126.9,
              -15.2
            ],
            [
              126.9,
              -15.2
            ],
            [
              126.9,
              -15.2
            ],
            [
              126.9,
              -15.2
            ],
            [
              126.9,
              -15.2
            ],
            [
              126.9,
              -15.2
            ],
            [
              126.9,
              -15.2
            ],
            [
              126.9,
              -15.2
            ],
            [
              126.9,
              -15.2
            ],
            [
              126.9,
              -15.2
            ],
            [
              126.9,
              -15.2
            ],
            [
              126.9,
              -15.2
            ],
            [
              126.9,
              -15.2
            ],
            [
              126.9,
              -15.2
            ],
            [
              126.9,
              -15.2
            ],
            [
              126.9,
              -15.2
            ],
            [
              126.9,
              -15.2
            ],
            [
              126.9,
              -15.2
            ],
            [
              126.9,
              -15.2
            ],
            [
              126.9,
              -15.2
            ],
            [
              126.9,
              -15.2
            ],
            [
              126.9,
              -15.2
            ],
            [
              126.9,
              -15.2
            ],
            [
              126.9,
              -15.2
            ],
            [
              126.9,
              -15.2
            ],
            [
              126.9,
              -15.2
            ],
            [
              126.9,
              -15.2
            ],
            [
              126.9,
              -15.2
            ],
            [
              126.9,
              -15.2
            ],
            [
              126.9,
              -15.2
            ],
            [
              126.9,
              -15.2
            ],
            [
              126.9,
              -15.2
            ],
            [
              126.9,
              -15.2
            ],
            [
              126.9,
              -15.2
            ],
            [
              126.9,
              -15.2
            ],
            [
              126.9,
              -15.2
            ],
            [
              126.9,
              -15.2
            ],
            [
              126.9,
              -15.2
            ],
            [
              126.9,
              -15.2
            ],
            [
              126.9,
              -15.2
            ],
            [
              126.9,
              -15.2
            ],
            [
              126.9,
              -15.2
            ],
            [
              126.9,
              -15.2
            ],
            [
              126.9,
              -15.2
            ],
            [
              126.9,
              -15.2
            ],
            [
              126.9,
              -15.2
            ],
            [
              126.9,
              -15.2
            ],
            [
              126.9,
              -15.2
            ],
            [
              126.9,
              -15.2
            ],
            [
              126.9,
              -15.2
            ],
            [
              126.9,
              -15.2
            ],
            [
              126.9,
              -15.2
            ],
            [
              126.9,
              -15.2
            ],
            [
              126.9,
              -15.2
            ],
            [
              126.9,
              -15.2
            ],
            [
              126.9,
              -15.2
            ],
            [
              126.9,
              -15.2
            ],
            [
              126.9,
              -15.2
            ],
            [
              126.9,
              -15.2
            ],
            [
              126.9,
              -15.2
            ],
            [
              126.9,
              -15.2
            ],
            [
              126.9,
              -15.2
            ],
            [
              126.9,
              -15.2
            ],
            [
              126.9,
              -15.2
            ],
            [
              126.9,
              -15.2
            ],
            [
              126.9,
              -15.2
            ],
            [
              126.9,
              -15.2
            ],
            [
              126.9,
              -15.2
            ],
            [
              126.9,
              -15.2
            ],
            [
              126.9,
              -15.2
            ],
            [
              126.9,
              -15.2
            ],
            [
              126.9,
              -15.2
            ],
            [
              126.9,
              -15.2
            ],
            [
              126.9,
              -15.2
            ],
            [
              126.9,
              -15.2
            ],
            [
              126.9,
              -15.2
            ],
            [
              126.9,
              -15.2
            ],
            [
              126.9,
              -15.2
            ],
            [
              126.9,
              -15.2
            ],
            [
              126.9,
              -15.2
            ],
            [
              126.9,
              -15.2
            ],
            [
              126.9,
              -15.2
            ],
            [
              126.9,
              -15.2
            ],
            [
              126.9,
              -15.2
            ],
            [
              126.9,
              -15.2
            ],
            [
              126.9,
              -15.2
            ],
            [
              126.9,
              -15.2
            ],
            [
              126.9,
              -15.2
            ],
            [
              126.9,
              -15.2
            ],
            [
              126.9,
              -15.2
            ],
            [
              126.9,
              -15.2
            ],
            [
              126.9,
              -15.2
            ],
            [
              126.9,
              -15.2
            ],
            [
              126.9,
              -15.2
            ],
            [
              126.9,
              -15.2
            ],
            [
              126.9,
              -15.2
            ],
            [
              126.9,
              -15.2
            ],
            [
              126.9,
              -15.2
            ],
            [
              126.9,
              -15.2
            ],
            [
              126.9,
              -15.2
            ],
            [
              126.9,
              -15.2
            ],
            [
              126.9,
              -15.2
            ],
            [
              126.9,
              -15.2
            ],
            [
              126.9,
              -15.2
            ],
            [
              126.9,
              -15.2
            ],
            [
              126.9,
              -15.2
            ],
            [
              126.9,
              -15.2
            ],
            [
              126.9,
              -15.2
            ],
            [
              126.9,
              -15.2
            ],
            [
              126.9,
              -15.2
            ],
            [
              126.9,
              -15.2
            ],
            [
              126.9,
              -15.2
            ],
            [
              126.9,
              -15.2
            ],
            [
              126.9,
              -15.2
            ],
            [
              126.9,
              -15.2
            ],
            [
              126.9,
              -15.2
            ],
            [
              126.9,
              -15.2
            ],
            [
              126.9,
              -15.2
            ],
            [
              126.9,
              -15.2
            ],
            [
              126.9,
              -15.2
            ],
            [
              126.9,
              -15.2
            ],
            [
              126.9,
              -15.2
            ],
            [
              126.9,
              -15.2
            ],
            [
              126.9,
              -15.2
            ],
            [
              126.9,
              -15.2
            ],
            [
              126.9,
              -15.2
            ],
            [
              126.9,
              -15.2
            ],
            [
              126.9,
              -15.2
            ],
            [
              126.9,
              -15.2
            ],
            [
              126.9,
              -15.2
            ],
            [
              126.9,
              -15.2
            ],
            [
              126.9,
              -15.2
            ],
            [
              126.9,
              -15.2
            ],
            [
              126.9,
              -15.2
            ],
            [
              126.9,
              -15.2
            ],
            [
              126.9,
              -15.2
            ],
            [
              126.9,
              -15.2
            ],
            [
              126.9,
              -15.2
            ],
            [
              126.9,
              -15.2
            ],
            [
              126.9,
              -15.2
            ],
            [
              126.9,
              -15.2
            ],
            [
              126.9,
              -15.2
            ],
            [
              126.9,
              -15.2
            ],
            [
              126.9,
              -15.2
            ],
            [
              126.9,
              -15.2
            ],
            [
              126.9,
              -15.2
            ],
            [
              126.9,
              -15.2
            ],
            [
              126.9,
              -15.2
            ],
            [
              126.9,
              -15.2
            ],
            [
              126.9,
              -15.2
            ],
            [
              126.9,
              -15.2
            ],
            [
              126.9,
              -15.2
            ],
            [
              126.9,
              -15.2
            ],
            [
              126.9,
              -15.2
            ],
            [
              126.9,
              -15.2
            ],
            [
              126.9,
              -15.2
            ],
            [
              126.9,
              -15.2
            ],
            [
              126.9,
              -15.2
            ],
            [
              126.9,
              -15.2
            ],
            [
              126.9,
              -15.2
            ],
            [
              126.9,
              -15.2
            ],
            [
              126.9,
              -15.2
            ],
            [
              126.9,
              -15.2
            ],
            [
              126.9,
              -15.2
            ],
            [
              126.9,
              -15.2
            ],
            [
              126.9,
              -15.2
            ],
            [
              126.9,
              -15.2
            ],
            [
              126.9,
              -15.2
            ],
            [
              126.9,
              -15.2
            ],
            [
              126.9,
              -15.2
            ],
            [
              126.9,
              -15.2
            ],
            [
              126.9,
              -15.2
            ],
            [
              126.9,
              -15.2
            ],
            [
              126.9,
              -15.2
            ],
            [
              126.9,
              -15.2
            ],
            [
              126.9,
              -15.2
            ],
            [
              126.9,
              -15.2
            ],
            [
              126.9,
              -15.2
            ],
            [
              126.9,
              -15.2
            ],
            [
              126.9,
              -15.2
            ],
            [
              126.9,
              -15.2
            ],
            [
              126.9,
              -15.2
            ],
            [
              126.9,
              -15.2
            ],
            [
              126.9,
              -15.2
            ],
            [
              126.9,
              -15.2
            ],
            [
              126.9,
              -15.2
            ],
            [
              126.9,
              -15.2
            ],
            [
              126.9,
              -15.2
            ],
            [
              126.9,
              -15.2
            ],
            [
              126.9,
              -15.2
            ],
            [
              126.9,
              -15.2
            ],
            [
              126.9,
              -15.2
            ],
            [
              126.9,
              -15.2
            ],
            [
              126.9,
              -15.2
            ],
            [
              126.9,
              -15.2
            ],
            [
              126.9,
              -15.2
            ],
            [
              126.9,
              -15.2
            ],
            [
              126.9,
              -15.2
            ],
            [
              126.9,
              -15.2
            ],
            [
              126.9,
              -15.2
            ],
            [
              126.9,
              -15.2
            ],
            [
              126.9,
              -15.2
            ],
            [
              126.9,
              -15.2
            ],
            [
              126.9,
              -15.2
            ],
            [
              126.9,
              -15.2
            ],
            [
              126.9,
              -15.2
            ],
            [
              126.9,
              -15.2
            ],
            [
              126.9,
              -15.2
            ],
            [
              126.9,
              -15.2
            ],
            [
              126.9,
              -15.2
            ],
            [
              126.9,
              -15.2
            ],
            [
              126.9,
              -15.2
            ],
            [
              126.9,
              -15.2
            ],
            [
              126.9,
              -15.2
            ],
            [
              126.9,
              -15.2
            ],
            [
              126.9,
              -15.2
            ],
            [
              126.9,
              -15.2
            ],
            [
              126.9,
              -15.2
            ],
            [
              126.9,
              -15.2
            ],
            [
              126.9,
              -15.2
            ],
            [
              126.9,
              -15.2
            ],
            [
              126.9,
              -15.2
            ],
            [
              126.9,
              -15.2
            ],
            [
              126.9,
              -15.2
            ],
            [
              126.9,
              -15.2
            ],
            [
              126.9,
              -15.2
            ],
            [
              126.9,
              -15.2
            ],
            [
              126.9,
              -15.2
            ],
            [
              126.9,
              -15.2
            ],
            [
              126.9,
              -15.2
            ],
            [
              126.9,
              -15.2
            ],
            [
              126.9,
              -15.2
            ],
            [
              126.9,
              -15.2
            ],
            [
              126.9,
              -15.2
            ],
            [
              126.9,
              -15.2
            ],
            [
              126.9,
              -15.2
            ],
            [
              126.9,
              -15.2
            ],
            [
              126.9,
              -15.2
            ],
            [
              126.9,
              -15.2
            ],
            [
              126.9,
              -15.2
            ],
            [
              126.9,
              -15.2
            ],
            [
              126.9,
              -15.2
            ],
            [
              126.9,
              -15.2
            ],
            [
              126.9,
              -15.2
            ],
            [
              126.9,
              -15.2
            ],
            [
              126.9,
              -15.2
            ],
            [
              126.9,
              -15.2
            ],
            [
              126.9,
              -15.2
            ],
            [
              126.9,
              -15.2
            ],
            [
              126.9,
              -15.2
            ],
            [
              126.9,
              -15.2
            ],
            [
              126.9,
              -15.2
            ],
            [
              126.9,
              -15.2
            ],
            [
              126.9,
              -15.2
            ],
            [
              126.9,
              -15.2
            ],
            [
              126.9,
              -15.2
            ],
            [
              126.9,
              -15.2
            ],
            [
              126.9,
              -15.2
            ],
            [
              126.9,
              -15.2
            ],
            [
              126.9,
              -15.2
            ],
            [
              126.9,
              -15.2
            ],
            [
              126.9,
              -15.2
            ],
            [
              126.9,
              -15.2
            ],
            [
              126.9,
              -15.2
            ],
            [
              126.9,
              -15.2
            ],
            [
              126.9,
              -15.2
            ],
            [
              126.9,
              -15.2
            ],
            [
              126.9,
              -15.2
            ],
            [
              126.9,
              -15.2
            ],
            [
              126.9,
              -15.2
            ],
            [
              126.9,
              -15.2
            ],
            [
              126.9,
              -15.2
            ],
            [
              126.9,
              -15.2
            ],
            [
              126.9,
              -15.2
            ],
            [
              126.9,
              -15.2
            ],
            [
              126.9,
              -15.2
            ],
            [
              126.9,
              -15.2
            ],
            [
              126.9,
              -15.2
            ],
            [
              126.9,
              -15.2
            ],
            [
              126.9,
              -15.2
            ],
            [
              126.9,
              -15.2
            ],
            [
              126.9,
              -15.2
            ],
            [
              126.9,
              -15.2
            ],
            [
              126.9,
              -15.2
            ],
            [
              126.9,
              -15.2
            ],
            [
              126.9,
              -15.2
            ],
            [
              126.9,
              -15.2
            ],
            [
              126.9,
              -15.2
            ],
            [
              126.9,
              -15.2
            ],
            [
              126.9,
              -15.2
            ],
            [
              126.9,
              -15.2
            ],
            [
              126.9,
              -15.2
            ],
            [
              126.9,
              -15.2
            ],
            [
              126.9,
              -15.2
            ],
            [
              126.9,
              -15.2
            ],
            [
              126.9,
              -15.2
            ],
            [
              126.9,
              -15.2
            ],
            [
              126.9,
              -15.2
            ],
            [
              126.9,
              -15.2
            ],
            [
              126.9,
              -15.2
            ],
            [
              126.9,
              -15.2
            ],
            [
              126.9,
              -15.2
            ],
            [
              126.9,
              -15.2
            ],
            [
              126.9,
              -15.2
            ],
            [
              126.9,
              -15.2
            ],
            [
              126.9,
              -15.2
            ],
            [
              126.9,
              -15.2
            ],
            [
              126.9,
              -15.2
            ],
            [
              126.9,
              -15.2
            ],
            [
              126.9,
              -15.2
            ],
            [
              126.9,
              -15.2
            ],
            [
              126.9,
              -15.2
            ],
            [
              126.9,
              -15.2
            ],
            [
              126.9,
              -15.2
            ],
            [
              126.9,
              -15.2
            ],
            [
              126.9,
              -15.2
            ],
            [
              126.9,
              -15.2
            ],
            [
              126.9,
              -15.2
            ],
            [
              126.9,
              -15.2
            ],
            [
              126.9,
              -15.2
            ],
            [
              126.9,
              -15.2
            ],
            [
              126.9,
              -15.2
            ],
            [
              126.9,
              -15.2
            ],
            [
              126.9,
              -15.2
            ],
            [
              126.9,
              -15.2
            ],
            [
              126.9,
              -15.2
            ],
            [
              126.9,
              -15.2
            ],
            [
              126.9,
              -15.2
            ],
            [
              126.9,
              -15.2
            ],
            [
              126.9,
              -15.2
            ],
            [
              126.9,
              -15.2
            ],
            [
              126.9,
              -15.2
            ],
            [
              126.9,
              -15.2
            ],
            [
              126.9,
              -15.2
            ],
            [
              126.9,
              -15.2
            ],
            [
              126.9,
              -15.2
            ],
            [
              126.9,
              -15.2
            ],
            [
              126.9,
              -15.2
            ],
            [
              126.9,
              -15.2
            ],
            [
              126.9,
              -15.2
            ],
            [
              126.9,
              -15.2
            ],
            [
              126.9,
              -15.2
            ],
            [
              126.9,
              -15.2
            ],
            [
              126.9,
              -15.2
            ],
            [
              126.9,
              -15.2
            ],
            [
              126.9,
              -15.2
            ],
            [
              126.9,
              -15.2
            ],
            [
              126.9,
              -15.2
            ],
            [
              126.9,
              -15.2
            ],
            [
              126.9,
              -15.2
            ],
            [
              126.9,
              -15.2
            ],
            [
              126.9,
              -15.2
            ],
            [
              126.9,
              -15.2
            ],
            [
              126.9,
              -15.2
            ],
            [
              126.9,
              -15.2
            ],
            [
              126.9,
              -15.2
            ],
            [
              126.9,
              -15.2
            ],
            [
              126.9,
              -15.2
            ]
          ]
        ]
      },
      "properties": {
        "id": 27,
        "color": "Green",
        "fillColor": "Green",
        "strokeColor": "green",
        "strokeWidth": 2,
        "borderColor": "green",
        "boderWidth": 2
      }
    },
    {
      "type": "Feature",
      "geometry": {
        "type": "Polygon",
        "coordinates": [
          [
            [
              128.5,
              -13.93
            ],
            [
              128.5015,
              -13.93
            ],
            [
              128.5029,
              -13.9299
            ],
            [
              128.5044,
              -13.9297
            ],
            [
              128.5059,
              -13.9294
            ],
            [
              128.5073,
              -13.9291
            ],
            [
              128.5087,
              -13.9287
            ],
            [
              128.5101,
              -13.9282
            ],
            [
              128.5115,
              -13.9277
            ],
            [
              128.5128,
              -13.9271
            ],
            [
              128.5141,
              -13.9265
            ],
            [
              128.5154,
              -13.9257
            ],
            [
              128.5167,
              -13.9249
            ],
            [
              128.5179,
              -13.9241
            ],
            [
              128.519,
              -13.9232
            ],
            [
              128.5201,
              -13.9222
            ],
            [
              128.5212,
              -13.9212
            ],
            [
              128.5222,
              -13.9201
            ],
            [
              128.5232,
              -13.919
            ],
            [
              128.5241,
              -13.9179
            ],
            [
              128.5249,
              -13.9167
            ],
            [
              128.5257,
              -13.9154
            ],
            [
              128.5265,
              -13.9141
            ],
            [
              128.5271,
              -13.9128
            ],
            [
              128.5277,
              -13.9115
            ],
            [
              128.5282,
              -13.9101
            ],
            [
              128.5287,
              -13.9087
            ],
            [
              128.5291,
              -13.9073
            ],
            [
              128.5294,
              -13.9059
            ],
            [
              128.5297,
              -13.9044
            ],
            [
              128.5299,
              -13.9029
            ],
            [
              128.53,
              -13.9015
            ],
            [
              128.53,
              -13.9
            ],
            [
              128.53,
              -13.8985
            ],
            [
              128.5299,
              -13.8971
            ],
            [
              128.5297,
              -13.8956
            ],
            [
              128.5294,
              -13.8941
            ],
            [
              128.5291,
              -13.8927
            ],
            [
              128.5287,
              -13.8913
            ],
            [
              128.5282,
              -13.8899
            ],
            [
              128.5277,
              -13.8885
            ],
            [
              128.5271,
              -13.8872
            ],
            [
              128.5265,
              -13.8859
            ],
            [
              128.5257,
              -13.8846
            ],
            [
              128.5249,
              -13.8833
            ],
            [
              128.5241,
              -13.8821
            ],
            [
              128.5232,
              -13.881
            ],
            [
              128.5222,
              -13.8799
            ],
            [
              128.5212,
              -13.8788
            ],
            [
              128.5201,
              -13.8778
            ],
            [
              128.519,
              -13.8768
            ],
            [
              128.5179,
              -13.8759
            ],
            [
              128.5167,
              -13.8751
            ],
            [
              128.5154,
              -13.8743
            ],
            [
              128.5141,
              -13.8735
            ],
            [
              128.5128,
              -13.8729
            ],
            [
              128.5115,
              -13.8723
            ],
            [
              128.5101,
              -13.8718
            ],
            [
              128.5087,
              -13.8713
            ],
            [
              128.5073,
              -13.8709
            ],
            [
              128.5059,
              -13.8706
            ],
            [
              128.5044,
              -13.8703
            ],
            [
              128.5029,
              -13.8701
            ],
            [
              128.5015,
              -13.87
            ],
            [
              128.5,
              -13.87
            ],
            [
              128.4985,
              -13.87
            ],
            [
              128.4971,
              -13.8701
            ],
            [
              128.4956,
              -13.8703
            ],
            [
              128.4941,
              -13.8706
            ],
            [
              128.4927,
              -13.8709
            ],
            [
              128.4913,
              -13.8713
            ],
            [
              128.4899,
              -13.8718
            ],
            [
              128.4885,
              -13.8723
            ],
            [
              128.4872,
              -13.8729
            ],
            [
              128.4859,
              -13.8735
            ],
            [
              128.4846,
              -13.8743
            ],
            [
              128.4833,
              -13.8751
            ],
            [
              128.4821,
              -13.8759
            ],
            [
              128.481,
              -13.8768
            ],
            [
              128.4799,
              -13.8778
            ],
            [
              128.4788,
              -13.8788
            ],
            [
              128.4778,
              -13.8799
            ],
            [
              128.4768,
              -13.881
            ],
            [
              128.4759,
              -13.8821
            ],
            [
              128.4751,
              -13.8833
            ],
            [
              128.4743,
              -13.8846
            ],
            [
              128.4735,
              -13.8859
            ],
            [
              128.4729,
              -13.8872
            ],
            [
              128.4723,
              -13.8885
            ],
            [
              128.4718,
              -13.8899
            ],
            [
              128.4713,
              -13.8913
            ],
            [
              128.4709,
              -13.8927
            ],
            [
              128.4706,
              -13.8941
            ],
            [
              128.4703,
              -13.8956
            ],
            [
              128.4701,
              -13.8971
            ],
            [
              128.47,
              -13.8985
            ],
            [
              128.47,
              -13.9
            ],
            [
              128.47,
              -13.9015
            ],
            [
              128.4701,
              -13.9029
            ],
            [
              128.4703,
              -13.9044
            ],
            [
              128.4706,
              -13.9059
            ],
            [
              128.4709,
              -13.9073
            ],
            [
              128.4713,
              -13.9087
            ],
            [
              128.4718,
              -13.9101
            ],
            [
              128.4723,
              -13.9115
            ],
            [
              128.4729,
              -13.9128
            ],
            [
              128.4735,
              -13.9141
            ],
            [
              128.4743,
              -13.9154
            ],
            [
              128.4751,
              -13.9167
            ],
            [
              128.4759,
              -13.9179
            ],
            [
              128.4768,
              -13.919
            ],
            [
              128.4778,
              -13.9201
            ],
            [
              128.4788,
              -13.9212
            ],
            [
              128.4799,
              -13.9222
            ],
            [
              128.481,
              -13.9232
            ],
            [
              128.4821,
              -13.9241
            ],
            [
              128.4833,
              -13.9249
            ],
            [
              128.4846,
              -13.9257
            ],
            [
              128.4859,
              -13.9265
            ],
            [
              128.4872,
              -13.9271
            ],
            [
              128.4885,
              -13.9277
            ],
            [
              128.4899,
              -13.9282
            ],
            [
              128.4913,
              -13.9287
            ],
            [
              128.4927,
              -13.9291
            ],
            [
              128.4941,
              -13.9294
            ],
            [
              128.4956,
              -13.9297
            ],
            [
              128.4971,
              -13.9299
            ],
            [
              128.4985,
              -13.93
            ],
            [
              128.5,
              -13.93
            ]
          ]
        ]
      },
      "properties": {
        "id": 28,
        "color": "green",
        "fillColor": "green",
        "strokeColor": "green",
        "strokeWidth": 2,
        "borderColor": "green",
        "boderWidth": 2
      }
    },
    {
      "type": "Feature",
      "geometry": {
        "type": "Polygon",
        "coordinates": [
          [
            [
              40.45,
              13.6833
            ],
            [
              40.45,
              13.6833
            ],
            [
              41.7833,
              11.4
            ],
            [
              57.15,
              16.5333
            ],
            [
              52.95,
              17.5333
            ],
            [
              40.45,
              13.6833
            ]
          ]
        ]
      },
      "properties": {
        "id": 29,
        "color": "green",
        "fillColor": "green",
        "strokeColor": "green",
        "strokeWidth": 2,
        "borderColor": "green",
        "boderWidth": 2
      }
    },
    {
      "type": "Feature",
      "geometry": {
        "type": "Polygon",
        "coordinates": [
          [
            [
              131.2,
              -9.93
            ],
            [
              131.2015,
              -9.93
            ],
            [
              131.2029,
              -9.9299
            ],
            [
              131.2044,
              -9.9297
            ],
            [
              131.2059,
              -9.9294
            ],
            [
              131.2073,
              -9.9291
            ],
            [
              131.2087,
              -9.9287
            ],
            [
              131.2101,
              -9.9282
            ],
            [
              131.2115,
              -9.9277
            ],
            [
              131.2128,
              -9.9271
            ],
            [
              131.2141,
              -9.9265
            ],
            [
              131.2154,
              -9.9257
            ],
            [
              131.2167,
              -9.9249
            ],
            [
              131.2179,
              -9.9241
            ],
            [
              131.219,
              -9.9232
            ],
            [
              131.2201,
              -9.9222
            ],
            [
              131.2212,
              -9.9212
            ],
            [
              131.2222,
              -9.9201
            ],
            [
              131.2232,
              -9.919
            ],
            [
              131.2241,
              -9.9179
            ],
            [
              131.2249,
              -9.9167
            ],
            [
              131.2257,
              -9.9154
            ],
            [
              131.2265,
              -9.9141
            ],
            [
              131.2271,
              -9.9128
            ],
            [
              131.2277,
              -9.9115
            ],
            [
              131.2282,
              -9.9101
            ],
            [
              131.2287,
              -9.9087
            ],
            [
              131.2291,
              -9.9073
            ],
            [
              131.2294,
              -9.9059
            ],
            [
              131.2297,
              -9.9044
            ],
            [
              131.2299,
              -9.9029
            ],
            [
              131.23,
              -9.9015
            ],
            [
              131.23,
              -9.9
            ],
            [
              131.23,
              -9.8985
            ],
            [
              131.2299,
              -9.8971
            ],
            [
              131.2297,
              -9.8956
            ],
            [
              131.2294,
              -9.8941
            ],
            [
              131.2291,
              -9.8927
            ],
            [
              131.2287,
              -9.8913
            ],
            [
              131.2282,
              -9.8899
            ],
            [
              131.2277,
              -9.8885
            ],
            [
              131.2271,
              -9.8872
            ],
            [
              131.2265,
              -9.8859
            ],
            [
              131.2257,
              -9.8846
            ],
            [
              131.2249,
              -9.8833
            ],
            [
              131.2241,
              -9.8821
            ],
            [
              131.2232,
              -9.881
            ],
            [
              131.2222,
              -9.8799
            ],
            [
              131.2212,
              -9.8788
            ],
            [
              131.2201,
              -9.8778
            ],
            [
              131.219,
              -9.8768
            ],
            [
              131.2179,
              -9.8759
            ],
            [
              131.2167,
              -9.8751
            ],
            [
              131.2154,
              -9.8743
            ],
            [
              131.2141,
              -9.8735
            ],
            [
              131.2128,
              -9.8729
            ],
            [
              131.2115,
              -9.8723
            ],
            [
              131.2101,
              -9.8718
            ],
            [
              131.2087,
              -9.8713
            ],
            [
              131.2073,
              -9.8709
            ],
            [
              131.2059,
              -9.8706
            ],
            [
              131.2044,
              -9.8703
            ],
            [
              131.2029,
              -9.8701
            ],
            [
              131.2015,
              -9.87
            ],
            [
              131.2,
              -9.87
            ],
            [
              131.1985,
              -9.87
            ],
            [
              131.1971,
              -9.8701
            ],
            [
              131.1956,
              -9.8703
            ],
            [
              131.1941,
              -9.8706
            ],
            [
              131.1927,
              -9.8709
            ],
            [
              131.1913,
              -9.8713
            ],
            [
              131.1899,
              -9.8718
            ],
            [
              131.1885,
              -9.8723
            ],
            [
              131.1872,
              -9.8729
            ],
            [
              131.1859,
              -9.8735
            ],
            [
              131.1846,
              -9.8743
            ],
            [
              131.1833,
              -9.8751
            ],
            [
              131.1821,
              -9.8759
            ],
            [
              131.181,
              -9.8768
            ],
            [
              131.1799,
              -9.8778
            ],
            [
              131.1788,
              -9.8788
            ],
            [
              131.1778,
              -9.8799
            ],
            [
              131.1768,
              -9.881
            ],
            [
              131.1759,
              -9.8821
            ],
            [
              131.1751,
              -9.8833
            ],
            [
              131.1743,
              -9.8846
            ],
            [
              131.1735,
              -9.8859
            ],
            [
              131.1729,
              -9.8872
            ],
            [
              131.1723,
              -9.8885
            ],
            [
              131.1718,
              -9.8899
            ],
            [
              131.1713,
              -9.8913
            ],
            [
              131.1709,
              -9.8927
            ],
            [
              131.1706,
              -9.8941
            ],
            [
              131.1703,
              -9.8956
            ],
            [
              131.1701,
              -9.8971
            ],
            [
              131.17,
              -9.8985
            ],
            [
              131.17,
              -9.9
            ],
            [
              131.17,
              -9.9015
            ],
            [
              131.1701,
              -9.9029
            ],
            [
              131.1703,
              -9.9044
            ],
            [
              131.1706,
              -9.9059
            ],
            [
              131.1709,
              -9.9073
            ],
            [
              131.1713,
              -9.9087
            ],
            [
              131.1718,
              -9.9101
            ],
            [
              131.1723,
              -9.9115
            ],
            [
              131.1729,
              -9.9128
            ],
            [
              131.1735,
              -9.9141
            ],
            [
              131.1743,
              -9.9154
            ],
            [
              131.1751,
              -9.9167
            ],
            [
              131.1759,
              -9.9179
            ],
            [
              131.1768,
              -9.919
            ],
            [
              131.1778,
              -9.9201
            ],
            [
              131.1788,
              -9.9212
            ],
            [
              131.1799,
              -9.9222
            ],
            [
              131.181,
              -9.9232
            ],
            [
              131.1821,
              -9.9241
            ],
            [
              131.1833,
              -9.9249
            ],
            [
              131.1846,
              -9.9257
            ],
            [
              131.1859,
              -9.9265
            ],
            [
              131.1872,
              -9.9271
            ],
            [
              131.1885,
              -9.9277
            ],
            [
              131.1899,
              -9.9282
            ],
            [
              131.1913,
              -9.9287
            ],
            [
              131.1927,
              -9.9291
            ],
            [
              131.1941,
              -9.9294
            ],
            [
              131.1956,
              -9.9297
            ],
            [
              131.1971,
              -9.9299
            ],
            [
              131.1985,
              -9.93
            ],
            [
              131.2,
              -9.93
            ]
          ]
        ]
      },
      "properties": {
        "id": 30,
        "color": "green",
        "fillColor": "green",
        "strokeColor": "green",
        "strokeWidth": 2,
        "borderColor": "green",
        "boderWidth": 2
      }
    },
    {
      "type": "Feature",
      "geometry": {
        "type": "Polygon",
        "coordinates": [
          [
            [
              126.9,
              -15.23
            ],
            [
              126.9015,
              -15.23
            ],
            [
              126.9029,
              -15.2299
            ],
            [
              126.9044,
              -15.2297
            ],
            [
              126.9059,
              -15.2294
            ],
            [
              126.9073,
              -15.2291
            ],
            [
              126.9087,
              -15.2287
            ],
            [
              126.9101,
              -15.2282
            ],
            [
              126.9115,
              -15.2277
            ],
            [
              126.9128,
              -15.2271
            ],
            [
              126.9141,
              -15.2265
            ],
            [
              126.9154,
              -15.2257
            ],
            [
              126.9167,
              -15.2249
            ],
            [
              126.9179,
              -15.2241
            ],
            [
              126.919,
              -15.2232
            ],
            [
              126.9201,
              -15.2222
            ],
            [
              126.9212,
              -15.2212
            ],
            [
              126.9222,
              -15.2201
            ],
            [
              126.9232,
              -15.219
            ],
            [
              126.9241,
              -15.2179
            ],
            [
              126.9249,
              -15.2167
            ],
            [
              126.9257,
              -15.2154
            ],
            [
              126.9265,
              -15.2141
            ],
            [
              126.9271,
              -15.2128
            ],
            [
              126.9277,
              -15.2115
            ],
            [
              126.9282,
              -15.2101
            ],
            [
              126.9287,
              -15.2087
            ],
            [
              126.9291,
              -15.2073
            ],
            [
              126.9294,
              -15.2059
            ],
            [
              126.9297,
              -15.2044
            ],
            [
              126.9299,
              -15.2029
            ],
            [
              126.93,
              -15.2015
            ],
            [
              126.93,
              -15.2
            ],
            [
              126.93,
              -15.1985
            ],
            [
              126.9299,
              -15.1971
            ],
            [
              126.9297,
              -15.1956
            ],
            [
              126.9294,
              -15.1941
            ],
            [
              126.9291,
              -15.1927
            ],
            [
              126.9287,
              -15.1913
            ],
            [
              126.9282,
              -15.1899
            ],
            [
              126.9277,
              -15.1885
            ],
            [
              126.9271,
              -15.1872
            ],
            [
              126.9265,
              -15.1859
            ],
            [
              126.9257,
              -15.1846
            ],
            [
              126.9249,
              -15.1833
            ],
            [
              126.9241,
              -15.1821
            ],
            [
              126.9232,
              -15.181
            ],
            [
              126.9222,
              -15.1799
            ],
            [
              126.9212,
              -15.1788
            ],
            [
              126.9201,
              -15.1778
            ],
            [
              126.919,
              -15.1768
            ],
            [
              126.9179,
              -15.1759
            ],
            [
              126.9167,
              -15.1751
            ],
            [
              126.9154,
              -15.1743
            ],
            [
              126.9141,
              -15.1735
            ],
            [
              126.9128,
              -15.1729
            ],
            [
              126.9115,
              -15.1723
            ],
            [
              126.9101,
              -15.1718
            ],
            [
              126.9087,
              -15.1713
            ],
            [
              126.9073,
              -15.1709
            ],
            [
              126.9059,
              -15.1706
            ],
            [
              126.9044,
              -15.1703
            ],
            [
              126.9029,
              -15.1701
            ],
            [
              126.9015,
              -15.17
            ],
            [
              126.9,
              -15.17
            ],
            [
              126.8985,
              -15.17
            ],
            [
              126.8971,
              -15.1701
            ],
            [
              126.8956,
              -15.1703
            ],
            [
              126.8941,
              -15.1706
            ],
            [
              126.8927,
              -15.1709
            ],
            [
              126.8913,
              -15.1713
            ],
            [
              126.8899,
              -15.1718
            ],
            [
              126.8885,
              -15.1723
            ],
            [
              126.8872,
              -15.1729
            ],
            [
              126.8859,
              -15.1735
            ],
            [
              126.8846,
              -15.1743
            ],
            [
              126.8833,
              -15.1751
            ],
            [
              126.8821,
              -15.1759
            ],
            [
              126.881,
              -15.1768
            ],
            [
              126.8799,
              -15.1778
            ],
            [
              126.8788,
              -15.1788
            ],
            [
              126.8778,
              -15.1799
            ],
            [
              126.8768,
              -15.181
            ],
            [
              126.8759,
              -15.1821
            ],
            [
              126.8751,
              -15.1833
            ],
            [
              126.8743,
              -15.1846
            ],
            [
              126.8735,
              -15.1859
            ],
            [
              126.8729,
              -15.1872
            ],
            [
              126.8723,
              -15.1885
            ],
            [
              126.8718,
              -15.1899
            ],
            [
              126.8713,
              -15.1913
            ],
            [
              126.8709,
              -15.1927
            ],
            [
              126.8706,
              -15.1941
            ],
            [
              126.8703,
              -15.1956
            ],
            [
              126.8701,
              -15.1971
            ],
            [
              126.87,
              -15.1985
            ],
            [
              126.87,
              -15.2
            ],
            [
              126.87,
              -15.2015
            ],
            [
              126.8701,
              -15.2029
            ],
            [
              126.8703,
              -15.2044
            ],
            [
              126.8706,
              -15.2059
            ],
            [
              126.8709,
              -15.2073
            ],
            [
              126.8713,
              -15.2087
            ],
            [
              126.8718,
              -15.2101
            ],
            [
              126.8723,
              -15.2115
            ],
            [
              126.8729,
              -15.2128
            ],
            [
              126.8735,
              -15.2141
            ],
            [
              126.8743,
              -15.2154
            ],
            [
              126.8751,
              -15.2167
            ],
            [
              126.8759,
              -15.2179
            ],
            [
              126.8768,
              -15.219
            ],
            [
              126.8778,
              -15.2201
            ],
            [
              126.8788,
              -15.2212
            ],
            [
              126.8799,
              -15.2222
            ],
            [
              126.881,
              -15.2232
            ],
            [
              126.8821,
              -15.2241
            ],
            [
              126.8833,
              -15.2249
            ],
            [
              126.8846,
              -15.2257
            ],
            [
              126.8859,
              -15.2265
            ],
            [
              126.8872,
              -15.2271
            ],
            [
              126.8885,
              -15.2277
            ],
            [
              126.8899,
              -15.2282
            ],
            [
              126.8913,
              -15.2287
            ],
            [
              126.8927,
              -15.2291
            ],
            [
              126.8941,
              -15.2294
            ],
            [
              126.8956,
              -15.2297
            ],
            [
              126.8971,
              -15.2299
            ],
            [
              126.8985,
              -15.23
            ],
            [
              126.9,
              -15.23
            ]
          ]
        ]
      },
      "properties": {
        "id": 31,
        "color": "green",
        "fillColor": "green",
        "strokeColor": "green",
        "strokeWidth": 2,
        "borderColor": "green",
        "boderWidth": 2
      }
    },
    {
      "type": "Feature",
      "geometry": {
        "type": "Polygon",
        "coordinates": [
          [
            [
              126.9,
              -15.2
            ],
            [
              126.9,
              -15.2
            ],
            [
              126.9,
              -15.2
            ],
            [
              126.9,
              -15.2
            ],
            [
              126.9,
              -15.2
            ],
            [
              126.9,
              -15.2
            ],
            [
              126.9,
              -15.2
            ],
            [
              126.9,
              -15.2
            ],
            [
              126.9,
              -15.2
            ],
            [
              126.9,
              -15.2
            ],
            [
              126.9,
              -15.2
            ],
            [
              126.9,
              -15.2
            ],
            [
              126.9,
              -15.2
            ],
            [
              126.9,
              -15.2
            ],
            [
              126.9,
              -15.2
            ],
            [
              126.9,
              -15.2
            ],
            [
              126.9,
              -15.2
            ],
            [
              126.9,
              -15.2
            ],
            [
              126.9,
              -15.2
            ],
            [
              126.9,
              -15.2
            ],
            [
              126.9,
              -15.2
            ],
            [
              126.9,
              -15.2
            ],
            [
              126.9,
              -15.2
            ],
            [
              126.9,
              -15.2
            ],
            [
              126.9,
              -15.2
            ],
            [
              126.9,
              -15.2
            ],
            [
              126.9,
              -15.2
            ],
            [
              126.9,
              -15.2
            ],
            [
              126.9,
              -15.2
            ],
            [
              126.9,
              -15.2
            ],
            [
              126.9,
              -15.2
            ],
            [
              126.9,
              -15.2
            ],
            [
              126.9,
              -15.2
            ],
            [
              126.9,
              -15.2
            ],
            [
              126.9,
              -15.2
            ],
            [
              126.9,
              -15.2
            ],
            [
              126.9,
              -15.2
            ],
            [
              126.9,
              -15.2
            ],
            [
              126.9,
              -15.2
            ],
            [
              126.9,
              -15.2
            ],
            [
              126.9,
              -15.2
            ],
            [
              126.9,
              -15.2
            ],
            [
              126.9,
              -15.2
            ],
            [
              126.9,
              -15.2
            ],
            [
              126.9,
              -15.2
            ],
            [
              126.9,
              -15.2
            ],
            [
              126.9,
              -15.2
            ],
            [
              126.9,
              -15.2
            ],
            [
              126.9,
              -15.2
            ],
            [
              126.9,
              -15.2
            ],
            [
              126.9,
              -15.2
            ],
            [
              126.9,
              -15.2
            ],
            [
              126.9,
              -15.2
            ],
            [
              126.9,
              -15.2
            ],
            [
              126.9,
              -15.2
            ],
            [
              126.9,
              -15.2
            ],
            [
              126.9,
              -15.2
            ],
            [
              126.9,
              -15.2
            ],
            [
              126.9,
              -15.2
            ],
            [
              126.9,
              -15.2
            ],
            [
              126.9,
              -15.2
            ],
            [
              126.9,
              -15.2
            ],
            [
              126.9,
              -15.2
            ],
            [
              126.9,
              -15.2
            ],
            [
              126.9,
              -15.2
            ],
            [
              126.9,
              -15.2
            ],
            [
              126.9,
              -15.2
            ],
            [
              126.9,
              -15.2
            ],
            [
              126.9,
              -15.2
            ],
            [
              126.9,
              -15.2
            ],
            [
              126.9,
              -15.2
            ],
            [
              126.9,
              -15.2
            ],
            [
              126.9,
              -15.2
            ],
            [
              126.9,
              -15.2
            ],
            [
              126.9,
              -15.2
            ],
            [
              126.9,
              -15.2
            ],
            [
              126.9,
              -15.2
            ],
            [
              126.9,
              -15.2
            ],
            [
              126.9,
              -15.2
            ],
            [
              126.9,
              -15.2
            ],
            [
              126.9,
              -15.2
            ],
            [
              126.9,
              -15.2
            ],
            [
              126.9,
              -15.2
            ],
            [
              126.9,
              -15.2
            ],
            [
              126.9,
              -15.2
            ],
            [
              126.9,
              -15.2
            ],
            [
              126.9,
              -15.2
            ],
            [
              126.9,
              -15.2
            ],
            [
              126.9,
              -15.2
            ],
            [
              126.9,
              -15.2
            ],
            [
              126.9,
              -15.2
            ],
            [
              126.9,
              -15.2
            ],
            [
              126.9,
              -15.2
            ],
            [
              126.9,
              -15.2
            ],
            [
              126.9,
              -15.2
            ],
            [
              126.9,
              -15.2
            ],
            [
              126.9,
              -15.2
            ],
            [
              126.9,
              -15.2
            ],
            [
              126.9,
              -15.2
            ],
            [
              126.9,
              -15.2
            ],
            [
              126.9,
              -15.2
            ],
            [
              126.9,
              -15.2
            ],
            [
              126.9,
              -15.2
            ],
            [
              126.9,
              -15.2
            ],
            [
              126.9,
              -15.2
            ],
            [
              126.9,
              -15.2
            ],
            [
              126.9,
              -15.2
            ],
            [
              126.9,
              -15.2
            ],
            [
              126.9,
              -15.2
            ],
            [
              126.9,
              -15.2
            ],
            [
              126.9,
              -15.2
            ],
            [
              126.9,
              -15.2
            ],
            [
              126.9,
              -15.2
            ],
            [
              126.9,
              -15.2
            ],
            [
              126.9,
              -15.2
            ],
            [
              126.9,
              -15.2
            ],
            [
              126.9,
              -15.2
            ],
            [
              126.9,
              -15.2
            ],
            [
              126.9,
              -15.2
            ],
            [
              126.9,
              -15.2
            ],
            [
              126.9,
              -15.2
            ],
            [
              126.9,
              -15.2
            ],
            [
              126.9,
              -15.2
            ],
            [
              126.9,
              -15.2
            ],
            [
              126.9,
              -15.2
            ],
            [
              126.9,
              -15.2
            ],
            [
              126.9,
              -15.2
            ],
            [
              126.9,
              -15.2
            ],
            [
              126.9,
              -15.2
            ],
            [
              126.9,
              -15.2
            ],
            [
              126.9,
              -15.2
            ],
            [
              126.9,
              -15.2
            ],
            [
              126.9,
              -15.2
            ],
            [
              126.9,
              -15.2
            ],
            [
              126.9,
              -15.2
            ],
            [
              126.9,
              -15.2
            ],
            [
              126.9,
              -15.2
            ],
            [
              126.9,
              -15.2
            ],
            [
              126.9,
              -15.2
            ],
            [
              126.9,
              -15.2
            ],
            [
              126.9,
              -15.2
            ],
            [
              126.9,
              -15.2
            ],
            [
              126.9,
              -15.2
            ],
            [
              126.9,
              -15.2
            ],
            [
              126.9,
              -15.2
            ],
            [
              126.9,
              -15.2
            ],
            [
              126.9,
              -15.2
            ],
            [
              126.9,
              -15.2
            ],
            [
              126.9,
              -15.2
            ],
            [
              126.9,
              -15.2
            ],
            [
              126.9,
              -15.2
            ],
            [
              126.9,
              -15.2
            ],
            [
              126.9,
              -15.2
            ],
            [
              126.9,
              -15.2
            ],
            [
              126.9,
              -15.2
            ],
            [
              126.9,
              -15.2
            ],
            [
              126.9,
              -15.2
            ],
            [
              126.9,
              -15.2
            ],
            [
              126.9,
              -15.2
            ],
            [
              126.9,
              -15.2
            ],
            [
              126.9,
              -15.2
            ],
            [
              126.9,
              -15.2
            ],
            [
              126.9,
              -15.2
            ],
            [
              126.9,
              -15.2
            ],
            [
              126.9,
              -15.2
            ],
            [
              126.9,
              -15.2
            ],
            [
              126.9,
              -15.2
            ],
            [
              126.9,
              -15.2
            ],
            [
              126.9,
              -15.2
            ],
            [
              126.9,
              -15.2
            ],
            [
              126.9,
              -15.2
            ],
            [
              126.9,
              -15.2
            ],
            [
              126.9,
              -15.2
            ],
            [
              126.9,
              -15.2
            ],
            [
              126.9,
              -15.2
            ],
            [
              126.9,
              -15.2
            ],
            [
              126.9,
              -15.2
            ],
            [
              126.9,
              -15.2
            ],
            [
              126.9,
              -15.2
            ],
            [
              126.9,
              -15.2
            ],
            [
              126.9,
              -15.2
            ],
            [
              126.9,
              -15.2
            ],
            [
              126.9,
              -15.2
            ],
            [
              126.9,
              -15.2
            ],
            [
              126.9,
              -15.2
            ],
            [
              126.9,
              -15.2
            ],
            [
              126.9,
              -15.2
            ],
            [
              126.9,
              -15.2
            ],
            [
              126.9,
              -15.2
            ],
            [
              126.9,
              -15.2
            ],
            [
              126.9,
              -15.2
            ],
            [
              126.9,
              -15.2
            ],
            [
              126.9,
              -15.2
            ],
            [
              126.9,
              -15.2
            ],
            [
              126.9,
              -15.2
            ],
            [
              126.9,
              -15.2
            ],
            [
              126.9,
              -15.2
            ],
            [
              126.9,
              -15.2
            ],
            [
              126.9,
              -15.2
            ],
            [
              126.9,
              -15.2
            ],
            [
              126.9,
              -15.2
            ],
            [
              126.9,
              -15.2
            ],
            [
              126.9,
              -15.2
            ],
            [
              126.9,
              -15.2
            ],
            [
              126.9,
              -15.2
            ],
            [
              126.9,
              -15.2
            ],
            [
              126.9,
              -15.2
            ],
            [
              126.9,
              -15.2
            ],
            [
              126.9,
              -15.2
            ],
            [
              126.9,
              -15.2
            ],
            [
              126.9,
              -15.2
            ],
            [
              126.9,
              -15.2
            ],
            [
              126.9,
              -15.2
            ],
            [
              126.9,
              -15.2
            ],
            [
              126.9,
              -15.2
            ],
            [
              126.9,
              -15.2
            ],
            [
              126.9,
              -15.2
            ],
            [
              126.9,
              -15.2
            ],
            [
              126.9,
              -15.2
            ],
            [
              126.9,
              -15.2
            ],
            [
              126.9,
              -15.2
            ],
            [
              126.9,
              -15.2
            ],
            [
              126.9,
              -15.2
            ],
            [
              126.9,
              -15.2
            ],
            [
              126.9,
              -15.2
            ],
            [
              126.9,
              -15.2
            ],
            [
              126.9,
              -15.2
            ],
            [
              126.9,
              -15.2
            ],
            [
              126.9,
              -15.2
            ],
            [
              126.9,
              -15.2
            ],
            [
              126.9,
              -15.2
            ],
            [
              126.9,
              -15.2
            ],
            [
              126.9,
              -15.2
            ],
            [
              126.9,
              -15.2
            ],
            [
              126.9,
              -15.2
            ],
            [
              126.9,
              -15.2
            ],
            [
              126.9,
              -15.2
            ],
            [
              126.9,
              -15.2
            ],
            [
              126.9,
              -15.2
            ],
            [
              126.9,
              -15.2
            ],
            [
              126.9,
              -15.2
            ],
            [
              126.9,
              -15.2
            ],
            [
              126.9,
              -15.2
            ],
            [
              126.9,
              -15.2
            ],
            [
              126.9,
              -15.2
            ],
            [
              126.9,
              -15.2
            ],
            [
              126.9,
              -15.2
            ],
            [
              126.9,
              -15.2
            ],
            [
              126.9,
              -15.2
            ],
            [
              126.9,
              -15.2
            ],
            [
              126.9,
              -15.2
            ],
            [
              126.9,
              -15.2
            ],
            [
              126.9,
              -15.2
            ],
            [
              126.9,
              -15.2
            ],
            [
              126.9,
              -15.2
            ],
            [
              126.9,
              -15.2
            ],
            [
              126.9,
              -15.2
            ],
            [
              126.9,
              -15.2
            ],
            [
              126.9,
              -15.2
            ],
            [
              126.9,
              -15.2
            ],
            [
              126.9,
              -15.2
            ],
            [
              126.9,
              -15.2
            ],
            [
              126.9,
              -15.2
            ],
            [
              126.9,
              -15.2
            ],
            [
              126.9,
              -15.2
            ],
            [
              126.9,
              -15.2
            ],
            [
              126.9,
              -15.2
            ],
            [
              126.9,
              -15.2
            ],
            [
              126.9,
              -15.2
            ],
            [
              126.9,
              -15.2
            ],
            [
              126.9,
              -15.2
            ],
            [
              126.9,
              -15.2
            ],
            [
              126.9,
              -15.2
            ],
            [
              126.9,
              -15.2
            ],
            [
              126.9,
              -15.2
            ],
            [
              126.9,
              -15.2
            ],
            [
              126.9,
              -15.2
            ],
            [
              126.9,
              -15.2
            ],
            [
              126.9,
              -15.2
            ],
            [
              126.9,
              -15.2
            ],
            [
              126.9,
              -15.2
            ],
            [
              126.9,
              -15.2
            ],
            [
              126.9,
              -15.2
            ],
            [
              126.9,
              -15.2
            ],
            [
              126.9,
              -15.2
            ],
            [
              126.9,
              -15.2
            ],
            [
              126.9,
              -15.2
            ],
            [
              126.9,
              -15.2
            ],
            [
              126.9,
              -15.2
            ],
            [
              126.9,
              -15.2
            ],
            [
              126.9,
              -15.2
            ],
            [
              126.9,
              -15.2
            ],
            [
              126.9,
              -15.2
            ],
            [
              126.9,
              -15.2
            ],
            [
              126.9,
              -15.2
            ],
            [
              126.9,
              -15.2
            ],
            [
              126.9,
              -15.2
            ],
            [
              126.9,
              -15.2
            ],
            [
              126.9,
              -15.2
            ],
            [
              126.9,
              -15.2
            ],
            [
              126.9,
              -15.2
            ],
            [
              126.9,
              -15.2
            ],
            [
              126.9,
              -15.2
            ],
            [
              126.9,
              -15.2
            ],
            [
              126.9,
              -15.2
            ],
            [
              126.9,
              -15.2
            ],
            [
              126.9,
              -15.2
            ],
            [
              126.9,
              -15.2
            ],
            [
              126.9,
              -15.2
            ],
            [
              126.9,
              -15.2
            ],
            [
              126.9,
              -15.2
            ],
            [
              126.9,
              -15.2
            ],
            [
              126.9,
              -15.2
            ],
            [
              126.9,
              -15.2
            ],
            [
              126.9,
              -15.2
            ],
            [
              126.9,
              -15.2
            ],
            [
              126.9,
              -15.2
            ],
            [
              126.9,
              -15.2
            ],
            [
              126.9,
              -15.2
            ],
            [
              126.9,
              -15.2
            ],
            [
              126.9,
              -15.2
            ],
            [
              126.9,
              -15.2
            ],
            [
              126.9,
              -15.2
            ],
            [
              126.9,
              -15.2
            ],
            [
              126.9,
              -15.2
            ],
            [
              126.9,
              -15.2
            ],
            [
              126.9,
              -15.2
            ],
            [
              126.9,
              -15.2
            ],
            [
              126.9,
              -15.2
            ],
            [
              126.9,
              -15.2
            ],
            [
              126.9,
              -15.2
            ],
            [
              126.9,
              -15.2
            ],
            [
              126.9,
              -15.2
            ],
            [
              126.9,
              -15.2
            ],
            [
              126.9,
              -15.2
            ],
            [
              126.9,
              -15.2
            ],
            [
              126.9,
              -15.2
            ],
            [
              126.9,
              -15.2
            ],
            [
              126.9,
              -15.2
            ],
            [
              126.9,
              -15.2
            ],
            [
              126.9,
              -15.2
            ],
            [
              126.9,
              -15.2
            ],
            [
              126.9,
              -15.2
            ],
            [
              126.9,
              -15.2
            ],
            [
              126.9,
              -15.2
            ],
            [
              126.9,
              -15.2
            ],
            [
              126.9,
              -15.2
            ],
            [
              126.9,
              -15.2
            ],
            [
              126.9,
              -15.2
            ],
            [
              126.9,
              -15.2
            ],
            [
              126.9,
              -15.2
            ],
            [
              126.9,
              -15.2
            ],
            [
              126.9,
              -15.2
            ],
            [
              126.9,
              -15.2
            ],
            [
              126.9,
              -15.2
            ],
            [
              126.9,
              -15.2
            ],
            [
              126.9,
              -15.2
            ],
            [
              126.9,
              -15.2
            ],
            [
              126.9,
              -15.2
            ],
            [
              126.9,
              -15.2
            ],
            [
              126.9,
              -15.2
            ],
            [
              126.9,
              -15.2
            ],
            [
              126.9,
              -15.2
            ],
            [
              126.9,
              -15.2
            ],
            [
              126.9,
              -15.2
            ]
          ]
        ]
      },
      "properties": {
        "id": 32,
        "color": "Red",
        "fillColor": "Red",
        "strokeColor": "green",
        "strokeWidth": 2,
        "borderColor": "green",
        "boderWidth": 2
      }
    },
    {
      "type": "Feature",
      "geometry": {
        "type": "LineString",
        "coordinates": [
          [
            133.2,
            -9.8
          ],
          [
            133.3,
            -10.0
          ]
        ]
      },
      "properties": {
        "id": 33,
        "color": "green",
        "fillColor": "green",
        "strokeColor": "green",
        "strokeWidth": 2,
        "borderColor": "green",
        "boderWidth": 2
      }
    },
    {
      "type": "Feature",
      "geometry": {
        "type": "LineString",
        "coordinates": [
          [
            133.3,
            -10.1
          ],
          [
            133.0,
            -10.4
          ]
        ]
      },
      "properties": {
        "id": 34,
        "color": "green",
        "fillColor": "green",
        "strokeColor": "green",
        "strokeWidth": 2,
        "borderColor": "green",
        "boderWidth": 2
      }
    },
    {
      "type": "Feature",
      "geometry": {
        "type": "Polygon",
        "coordinates": [
          [
            [
              131.0,
              -11.93
            ],
            [
              131.0015,
              -11.93
            ],
            [
              131.0029,
              -11.9299
            ],
            [
              131.0044,
              -11.9297
            ],
            [
              131.0059,
              -11.9294
            ],
            [
              131.0073,
              -11.9291
            ],
            [
              131.0087,
              -11.9287
            ],
            [
              131.0101,
              -11.9282
            ],
            [
              131.0115,
              -11.9277
            ],
            [
              131.0128,
              -11.9271
            ],
            [
              131.0141,
              -11.9265
            ],
            [
              131.0154,
              -11.9257
            ],
            [
              131.0167,
              -11.9249
            ],
            [
              131.0179,
              -11.9241
            ],
            [
              131.019,
              -11.9232
            ],
            [
              131.0201,
              -11.9222
            ],
            [
              131.0212,
              -11.9212
            ],
            [
              131.0222,
              -11.9201
            ],
            [
              131.0232,
              -11.919
            ],
            [
              131.0241,
              -11.9179
            ],
            [
              131.0249,
              -11.9167
            ],
            [
              131.0257,
              -11.9154
            ],
            [
              131.0265,
              -11.9141
            ],
            [
              131.0271,
              -11.9128
            ],
            [
              131.0277,
              -11.9115
            ],
            [
              131.0282,
              -11.9101
            ],
            [
              131.0287,
              -11.9087
            ],
            [
              131.0291,
              -11.9073
            ],
            [
              131.0294,
              -11.9059
            ],
            [
              131.0297,
              -11.9044
            ],
            [
              131.0299,
              -11.9029
            ],
            [
              131.03,
              -11.9015
            ],
            [
              131.03,
              -11.9
            ],
            [
              131.03,
              -11.8985
            ],
            [
              131.0299,
              -11.8971
            ],
            [
              131.0297,
              -11.8956
            ],
            [
              131.0294,
              -11.8941
            ],
            [
              131.0291,
              -11.8927
            ],
            [
              131.0287,
              -11.8913
            ],
            [
              131.0282,
              -11.8899
            ],
            [
              131.0277,
              -11.8885
            ],
            [
              131.0271,
              -11.8872
            ],
            [
              131.0265,
              -11.8859
            ],
            [
              131.0257,
              -11.8846
            ],
            [
              131.0249,
              -11.8833
            ],
            [
              131.0241,
              -11.8821
            ],
            [
              131.0232,
              -11.881
            ],
            [
              131.0222,
              -11.8799
            ],
            [
              131.0212,
              -11.8788
            ],
            [
              131.0201,
              -11.8778
            ],
            [
              131.019,
              -11.8768
            ],
            [
              131.0179,
              -11.8759
            ],
            [
              131.0167,
              -11.8751
            ],
            [
              131.0154,
              -11.8743
            ],
            [
              131.0141,
              -11.8735
            ],
            [
              131.0128,
              -11.8729
            ],
            [
              131.0115,
              -11.8723
            ],
            [
              131.0101,
              -11.8718
            ],
            [
              131.0087,
              -11.8713
            ],
            [
              131.0073,
              -11.8709
            ],
            [
              131.0059,
              -11.8706
            ],
            [
              131.0044,
              -11.8703
            ],
            [
              131.0029,
              -11.8701
            ],
            [
              131.0015,
              -11.87
            ],
            [
              131.0,
              -11.87
            ],
            [
              130.9985,
              -11.87
            ],
            [
              130.9971,
              -11.8701
            ],
            [
              130.9956,
              -11.8703
            ],
            [
              130.9941,
              -11.8706
            ],
            [
              130.9927,
              -11.8709
            ],
            [
              130.9913,
              -11.8713
            ],
            [
              130.9899,
              -11.8718
            ],
            [
              130.9885,
              -11.8723
            ],
            [
              130.9872,
              -11.8729
            ],
            [
              130.9859,
              -11.8735
            ],
            [
              130.9846,
              -11.8743
            ],
            [
              130.9833,
              -11.8751
            ],
            [
              130.9821,
              -11.8759
            ],
            [
              130.981,
              -11.8768
            ],
            [
              130.9799,
              -11.8778
            ],
            [
              130.9788,
              -11.8788
            ],
            [
              130.9778,
              -11.8799
            ],
            [
              130.9768,
              -11.881
            ],
            [
              130.9759,
              -11.8821
            ],
            [
              130.9751,
              -11.8833
            ],
            [
              130.9743,
              -11.8846
            ],
            [
              130.9735,
              -11.8859
            ],
            [
              130.9729,
              -11.8872
            ],
            [
              130.9723,
              -11.8885
            ],
            [
              130.9718,
              -11.8899
            ],
            [
              130.9713,
              -11.8913
            ],
            [
              130.9709,
              -11.8927
            ],
            [
              130.9706,
              -11.8941
            ],
            [
              130.9703,
              -11.8956
            ],
            [
              130.9701,
              -11.8971
            ],
            [
              130.97,
              -11.8985
            ],
            [
              130.97,
              -11.9
            ],
            [
              130.97,
              -11.9015
            ],
            [
              130.9701,
              -11.9029
            ],
            [
              130.9703,
              -11.9044
            ],
            [
              130.9706,
              -11.9059
            ],
            [
              130.9709,
              -11.9073
            ],
            [
              130.9713,
              -11.9087
            ],
            [
              130.9718,
              -11.9101
            ],
            [
              130.9723,
              -11.9115
            ],
            [
              130.9729,
              -11.9128
            ],
            [
              130.9735,
              -11.9141
            ],
            [
              130.9743,
              -11.9154
            ],
            [
              130.9751,
              -11.9167
            ],
            [
              130.9759,
              -11.9179
            ],
            [
              130.9768,
              -11.919
            ],
            [
              130.9778,
              -11.9201
            ],
            [
              130.9788,
              -11.9212
            ],
            [
              130.9799,
              -11.9222
            ],
            [
              130.981,
              -11.9232
            ],
            [
              130.9821,
              -11.9241
            ],
            [
              130.9833,
              -11.9249
            ],
            [
              130.9846,
              -11.9257
            ],
            [
              130.9859,
              -11.9265
            ],
            [
              130.9872,
              -11.9271
            ],
            [
              130.9885,
              -11.9277
            ],
            [
              130.9899,
              -11.9282
            ],
            [
              130.9913,
              -11.9287
            ],
            [
              130.9927,
              -11.9291
            ],
            [
              130.9941,
              -11.9294
            ],
            [
              130.9956,
              -11.9297
            ],
            [
              130.9971,
              -11.9299
            ],
            [
              130.9985,
              -11.93
            ],
            [
              131.0,
              -11.93
            ]
          ]
        ]
      },
      "properties": {
        "id": 35,
        "color": "green",
        "fillColor": "green",
        "strokeColor": "green",
        "strokeWidth": 2,
        "borderColor": "green",
        "boderWidth": 2
      }
    },
    {
      "type": "Feature",
      "geometry": {
        "type": "Polygon",
        "coordinates": [
          [
            [
              128.0,
              -14.33
            ],
            [
              128.0015,
              -14.33
            ],
            [
              128.0029,
              -14.3299
            ],
            [
              128.0044,
              -14.3297
            ],
            [
              128.0059,
              -14.3294
            ],
            [
              128.0073,
              -14.3291
            ],
            [
              128.0087,
              -14.3287
            ],
            [
              128.0101,
              -14.3282
            ],
            [
              128.0115,
              -14.3277
            ],
            [
              128.0128,
              -14.3271
            ],
            [
              128.0141,
              -14.3265
            ],
            [
              128.0154,
              -14.3257
            ],
            [
              128.0167,
              -14.3249
            ],
            [
              128.0179,
              -14.3241
            ],
            [
              128.019,
              -14.3232
            ],
            [
              128.0201,
              -14.3222
            ],
            [
              128.0212,
              -14.3212
            ],
            [
              128.0222,
              -14.3201
            ],
            [
              128.0232,
              -14.319
            ],
            [
              128.0241,
              -14.3179
            ],
            [
              128.0249,
              -14.3167
            ],
            [
              128.0257,
              -14.3154
            ],
            [
              128.0265,
              -14.3141
            ],
            [
              128.0271,
              -14.3128
            ],
            [
              128.0277,
              -14.3115
            ],
            [
              128.0282,
              -14.3101
            ],
            [
              128.0287,
              -14.3087
            ],
            [
              128.0291,
              -14.3073
            ],
            [
              128.0294,
              -14.3059
            ],
            [
              128.0297,
              -14.3044
            ],
            [
              128.0299,
              -14.3029
            ],
            [
              128.03,
              -14.3015
            ],
            [
              128.03,
              -14.3
            ],
            [
              128.03,
              -14.2985
            ],
            [
              128.0299,
              -14.2971
            ],
            [
              128.0297,
              -14.2956
            ],
            [
              128.0294,
              -14.2941
            ],
            [
              128.0291,
              -14.2927
            ],
            [
              128.0287,
              -14.2913
            ],
            [
              128.0282,
              -14.2899
            ],
            [
              128.0277,
              -14.2885
            ],
            [
              128.0271,
              -14.2872
            ],
            [
              128.0265,
              -14.2859
            ],
            [
              128.0257,
              -14.2846
            ],
            [
              128.0249,
              -14.2833
            ],
            [
              128.0241,
              -14.2821
            ],
            [
              128.0232,
              -14.281
            ],
            [
              128.0222,
              -14.2799
            ],
            [
              128.0212,
              -14.2788
            ],
            [
              128.0201,
              -14.2778
            ],
            [
              128.019,
              -14.2768
            ],
            [
              128.0179,
              -14.2759
            ],
            [
              128.0167,
              -14.2751
            ],
            [
              128.0154,
              -14.2743
            ],
            [
              128.0141,
              -14.2735
            ],
            [
              128.0128,
              -14.2729
            ],
            [
              128.0115,
              -14.2723
            ],
            [
              128.0101,
              -14.2718
            ],
            [
              128.0087,
              -14.2713
            ],
            [
              128.0073,
              -14.2709
            ],
            [
              128.0059,
              -14.2706
            ],
            [
              128.0044,
              -14.2703
            ],
            [
              128.0029,
              -14.2701
            ],
            [
              128.0015,
              -14.27
            ],
            [
              128.0,
              -14.27
            ],
            [
              127.9985,
              -14.27
            ],
            [
              127.9971,
              -14.2701
            ],
            [
              127.9956,
              -14.2703
            ],
            [
              127.9941,
              -14.2706
            ],
            [
              127.9927,
              -14.2709
            ],
            [
              127.9913,
              -14.2713
            ],
            [
              127.9899,
              -14.2718
            ],
            [
              127.9885,
              -14.2723
            ],
            [
              127.9872,
              -14.2729
            ],
            [
              127.9859,
              -14.2735
            ],
            [
              127.9846,
              -14.2743
            ],
            [
              127.9833,
              -14.2751
            ],
            [
              127.9821,
              -14.2759
            ],
            [
              127.981,
              -14.2768
            ],
            [
              127.9799,
              -14.2778
            ],
            [
              127.9788,
              -14.2788
            ],
            [
              127.9778,
              -14.2799
            ],
            [
              127.9768,
              -14.281
            ],
            [
              127.9759,
              -14.2821
            ],
            [
              127.9751,
              -14.2833
            ],
            [
              127.9743,
              -14.2846
            ],
            [
              127.9735,
              -14.2859
            ],
            [
              127.9729,
              -14.2872
            ],
            [
              127.9723,
              -14.2885
            ],
            [
              127.9718,
              -14.2899
            ],
            [
              127.9713,
              -14.2913
            ],
            [
              127.9709,
              -14.2927
            ],
            [
              127.9706,
              -14.2941
            ],
            [
              127.9703,
              -14.2956
            ],
            [
              127.9701,
              -14.2971
            ],
            [
              127.97,
              -14.2985
            ],
            [
              127.97,
              -14.3
            ],
            [
              127.97,
              -14.3015
            ],
            [
              127.9701,
              -14.3029
            ],
            [
              127.9703,
              -14.3044
            ],
            [
              127.9706,
              -14.3059
            ],
            [
              127.9709,
              -14.3073
            ],
            [
              127.9713,
              -14.3087
            ],
            [
              127.9718,
              -14.3101
            ],
            [
              127.9723,
              -14.3115
            ],
            [
              127.9729,
              -14.3128
            ],
            [
              127.9735,
              -14.3141
            ],
            [
              127.9743,
              -14.3154
            ],
            [
              127.9751,
              -14.3167
            ],
            [
              127.9759,
              -14.3179
            ],
            [
              127.9768,
              -14.319
            ],
            [
              127.9778,
              -14.3201
            ],
            [
              127.9788,
              -14.3212
            ],
            [
              127.9799,
              -14.3222
            ],
            [
              127.981,
              -14.3232
            ],
            [
              127.9821,
              -14.3241
            ],
            [
              127.9833,
              -14.3249
            ],
            [
              127.9846,
              -14.3257
            ],
            [
              127.9859,
              -14.3265
            ],
            [
              127.9872,
              -14.3271
            ],
            [
              127.9885,
              -14.3277
            ],
            [
              127.9899,
              -14.3282
            ],
            [
              127.9913,
              -14.3287
            ],
            [
              127.9927,
              -14.3291
            ],
            [
              127.9941,
              -14.3294
            ],
            [
              127.9956,
              -14.3297
            ],
            [
              127.9971,
              -14.3299
            ],
            [
              127.9985,
              -14.33
            ],
            [
              128.0,
              -14.33
            ]
          ]
        ]
      },
      "properties": {
        "id": 36,
        "color": "green",
        "fillColor": "green",
        "strokeColor": "green",
        "strokeWidth": 2,
        "borderColor": "green",
        "boderWidth": 2
      }
    },
    {
      "type": "Feature",
      "geometry": {
        "type": "LineString",
        "coordinates": [
          [
            130.6,
            -12.1
          ],
          [
            129.8,
            -12.4
          ]
        ]
      },
      "properties": {
        "id": 37,
        "color": "green",
        "fillColor": "green",
        "strokeColor": "green",
        "strokeWidth": 2,
        "borderColor": "green",
        "boderWidth": 2
      }
    },
    {
      "type": "Feature",
      "geometry": {
        "type": "Polygon",
        "coordinates": [
          [
            [
              128.0,
              -13.8836
            ],
            [
              128.0,
              -13.8003
            ],
            [
              127.991,
              -13.8004
            ],
            [
              127.982,
              -13.8006
            ],
            [
              127.973,
              -13.801
            ],
            [
              127.964,
              -13.8016
            ],
            [
              127.9551,
              -13.8022
            ],
            [
              127.9461,
              -13.8031
            ],
            [
              127.9372,
              -13.8041
            ],
            [
              127.9282,
              -13.8052
            ],
            [
              127.9193,
              -13.8065
            ],
            [
              127.9105,
              -13.8079
            ],
            [
              127.9016,
              -13.8095
            ],
            [
              127.8928,
              -13.8113
            ],
            [
              127.884,
              -13.8131
            ],
            [
              127.8753,
              -13.8152
            ],
            [
              127.8665,
              -13.8174
            ],
            [
              127.8579,
              -13.8197
            ],
            [
              127.8492,
              -13.8222
            ],
            [
              127.8407,
              -13.8248
            ],
            [
              127.8321,
              -13.8276
            ],
            [
              127.8236,
              -13.8305
            ],
            [
              127.8152,
              -13.8335
            ],
            [
              127.8068,
              -13.8367
            ],
            [
              127.7985,
              -13.8401
            ],
            [
              127.7903,
              -13.8435
            ],
            [
              127.7821,
              -13.8472
            ],
            [
              127.774,
              -13.8509
            ],
            [
              127.7659,
              -13.8548
            ],
            [
              127.7579,
              -13.8588
            ],
            [
              127.75,
              -13.863
            ],
            [
              127.7422,
              -13.8673
            ],
            [
              127.7344,
              -13.8717
            ],
            [
              127.7268,
              -13.8763
            ],
            [
              127.7192,
              -13.8809
            ],
            [
              127.7117,
              -13.8858
            ],
            [
              127.7042,
              -13.8907
            ],
            [
              127.6969,
              -13.8958
            ],
            [
              127.6897,
              -13.901
            ],
            [
              127.6825,
              -13.9063
            ],
            [
              127.6755,
              -13.9117
            ],
            [
              127.6686,
              -13.9172
            ],
            [
              127.6617,
              -13.9229
            ],
            [
              127.655,
              -13.9287
            ],
            [
              127.6483,
              -13.9346
            ],
            [
              127.6418,
              -13.9406
            ],
            [
              127.6354,
              -13.9467
            ],
            [
              127.6291,
              -13.9529
            ],
            [
              127.6229,
              -13.9592
            ],
            [
              127.6168,
              -13.9657
            ],
            [
              127.6108,
              -13.9722
            ],
            [
              127.605,
              -13.9788
            ],
            [
              127.5993,
              -13.9856
            ],
            [
              127.5937,
              -13.9924
            ],
            [
              127.5882,
              -13.9993
            ],
            [
              127.5828,
              -14.0063
            ],
            [
              127.5776,
              -14.0134
            ],
            [
              127.5725,
              -14.0206
            ],
            [
              127.5675,
              -14.0279
            ],
            [
              127.5627,
              -14.0352
            ],
            [
              127.558,
              -14.0427
            ],
            [
              127.5534,
              -14.0502
            ],
            [
              127.549,
              -14.0578
            ],
            [
              127.5447,
              -14.0654
            ],
            [
              127.5406,
              -14.0732
            ],
            [
              127.5365,
              -14.081
            ],
            [
              127.5327,
              -14.0888
            ],
            [
              127.5289,
              -14.0968
            ],
            [
              127.5254,
              -14.1048
            ],
            [
              127.5219,
              -14.1128
            ],
            [
              127.5186,
              -14.1209
            ],
            [
              127.5155,
              -14.1291
            ],
            [
              127.5125,
              -14.1373
            ],
            [
              127.5096,
              -14.1456
            ],
            [
              127.5069,
              -14.1539
            ],
            [
              127.5043,
              -14.1623
            ],
            [
              127.5019,
              -14.1707
            ],
            [
              127.4997,
              -14.1791
            ],
            [
              127.4976,
              -14.1876
            ],
            [
              127.4956,
              -14.1961
            ],
            [
              127.4938,
              -14.2047
            ],
            [
              127.4922,
              -14.2132
            ],
            [
              127.4907,
              -14.2218
            ],
            [
              127.4894,
              -14.2305
            ],
            [
              127.4882,
              -14.2391
            ],
            [
              127.4872,
              -14.2478
            ],
            [
              127.4863,
              -14.2565
            ],
            [
              127.4856,
              -14.2651
            ],
            [
              127.4851,
              -14.2738
            ],
            [
              127.4847,
              -14.2826
            ],
            [
              127.4844,
              -14.2913
            ],
            [
              127.4844,
              -14.3
            ],
            [
              127.4844,
              -14.3
            ],
            [
              127.4844,
              -14.3087
            ],
            [
              127.4847,
              -14.3174
            ],
            [
              127.4851,
              -14.3262
            ],
            [
              127.4856,
              -14.3349
            ],
            [
              127.4863,
              -14.3435
            ],
            [
              127.4872,
              -14.3522
            ],
            [
              127.4882,
              -14.3609
            ],
            [
              127.4894,
              -14.3695
            ],
            [
              127.4907,
              -14.3782
            ],
            [
              127.4922,
              -14.3868
            ],
            [
              127.4938,
              -14.3953
            ],
            [
              127.4956,
              -14.4039
            ],
            [
              127.4976,
              -14.4124
            ],
            [
              127.4997,
              -14.4209
            ],
            [
              127.5019,
              -14.4293
            ],
            [
              127.5043,
              -14.4377
            ],
            [
              127.5069,
              -14.4461
            ],
            [
              127.5096,
              -14.4544
            ],
            [
              127.5125,
              -14.4627
            ],
            [
              127.5155,
              -14.4709
            ],
            [
              127.5186,
              -14.4791
            ],
            [
              127.5219,
              -14.4872
            ],
            [
              127.5254,
              -14.4952
            ],
            [
              127.5289,
              -14.5032
            ],
            [
              127.5327,
              -14.5112
            ],
            [
              127.5365,
              -14.519
            ],
            [
              127.5406,
              -14.5268
            ],
            [
              127.5447,
              -14.5346
            ],
            [
              127.549,
              -14.5422
            ],
            [
              127.5534,
              -14.5498
            ],
            [
              127.558,
              -14.5573
            ],
            [
              127.5627,
              -14.5648
            ],
            [
              127.5675,
              -14.5721
            ],
            [
              127.5725,
              -14.5794
            ],
            [
              127.5776,
              -14.5866
            ],
            [
              127.5828,
              -14.5937
            ],
            [
              127.5882,
              -14.6007
            ],
            [
              127.5937,
              -14.6076
            ],
            [
              127.5993,
              -14.6144
            ],
            [
              127.605,
              -14.6212
            ],
            [
              127.6108,
              -14.6278
            ],
            [
              127.6168,
              -14.6343
            ],
            [
              127.6229,
              -14.6408
            ],
            [
              127.6291,
              -14.6471
            ],
            [
              127.6354,
              -14.6533
            ],
            [
              127.6418,
              -14.6594
            ],
            [
              127.6483,
              -14.6654
            ],
            [
              127.655,
              -14.6713
            ],
            [
              127.6617,
              -14.6771
            ],
            [
              127.6686,
              -14.6828
            ],
            [
              127.6755,
              -14.6883
            ],
            [
              127.6825,
              -14.6937
            ],
            [
              127.6897,
              -14.699
            ],
            [
              127.6969,
              -14.7042
            ],
            [
              127.7042,
              -14.7093
            ],
            [
              127.7117,
              -14.7142
            ],
            [
              127.7192,
              -14.7191
            ],
            [
              127.7268,
              -14.7237
            ],
            [
              127.7344,
              -14.7283
            ],
            [
              127.7422,
              -14.7327
            ],
            [
              127.75,
              -14.737
            ],
            [
              127.7579,
              -14.7412
            ],
            [
              127.7659,
              -14.7452
            ],
            [
              127.774,
              -14.7491
            ],
            [
              127.7821,
              -14.7528
            ],
            [
              127.7903,
              -14.7565
            ],
            [
              127.7985,
              -14.7599
            ],
            [
              127.8068,
              -14.7633
            ],
            [
              127.8152,
              -14.7665
            ],
            [
              127.8236,
              -14.7695
            ],
            [
              127.8321,
              -14.7724
            ],
            [
              127.8407,
              -14.7752
            ],
            [
              127.8492,
              -14.7778
            ],
            [
              127.8579,
              -14.7803
            ],
            [
              127.8665,
              -14.7826
            ],
            [
              127.8753,
              -14.7848
            ],
            [
              127.884,
              -14.7869
            ],
            [
              127.8928,
              -14.7887
            ],
            [
              127.9016,
              -14.7905
            ],
            [
              127.9105,
              -14.7921
            ],
            [
              127.9193,
              -14.7935
            ],
            [
              127.9282,
              -14.7948
            ],
            [
              127.9372,
              -14.7959
            ],
            [
              127.9461,
              -14.7969
            ],
            [
              127.9551,
              -14.7978
            ],
            [
              127.964,
              -14.7984
            ],
            [
              127.973,
              -14.799
            ],
            [
              127.982,
              -14.7994
            ],
            [
              127.991,
              -14.7996
            ],
            [
              128.0,
              -14.7997
            ],
            [
              128.0,
              -14.7164
            ],
            [
              128.0075,
              -14.7163
            ],
            [
              128.015,
              -14.7161
            ],
            [
              128.0225,
              -14.7158
            ],
            [
              128.03,
              -14.7154
            ],
            [
              128.0375,
              -14.7148
            ],
            [
              128.0449,
              -14.7141
            ],
            [
              128.0524,
              -14.7133
            ],
            [
              128.0598,
              -14.7123
            ],
            [
              128.0672,
              -14.7113
            ],
            [
              128.0746,
              -14.7101
            ],
            [
              128.082,
              -14.7087
            ],
            [
              128.0893,
              -14.7073
            ],
            [
              128.0967,
              -14.7057
            ],
            [
              128.104,
              -14.704
            ],
            [
              128.1112,
              -14.7022
            ],
            [
              128.1184,
              -14.7003
            ],
            [
              128.1256,
              -14.6982
            ],
            [
              128.1328,
              -14.696
            ],
            [
              128.1399,
              -14.6937
            ],
            [
              128.147,
              -14.6913
            ],
            [
              128.154,
              -14.6887
            ],
            [
              128.161,
              -14.6861
            ],
            [
              128.1679,
              -14.6833
            ],
            [
              128.1748,
              -14.6804
            ],
            [
              128.1816,
              -14.6774
            ],
            [
              128.1884,
              -14.6742
            ],
            [
              128.1951,
              -14.671
            ],
            [
              128.2017,
              -14.6676
            ],
            [
              128.2083,
              -14.6642
            ],
            [
              128.2148,
              -14.6606
            ],
            [
              128.2213,
              -14.6569
            ],
            [
              128.2277,
              -14.6531
            ],
            [
              128.234,
              -14.6492
            ],
            [
              128.2403,
              -14.6452
            ],
            [
              128.2465,
              -14.6411
            ],
            [
              128.2526,
              -14.6369
            ],
            [
              128.2586,
              -14.6325
            ],
            [
              128.2645,
              -14.6281
            ],
            [
              128.2704,
              -14.6236
            ],
            [
              128.2762,
              -14.619
            ],
            [
              128.2819,
              -14.6143
            ],
            [
              128.2875,
              -14.6094
            ],
            [
              128.2931,
              -14.6045
            ],
            [
              128.2985,
              -14.5995
            ],
            [
              128.3038,
              -14.5944
            ],
            [
              128.3091,
              -14.5892
            ],
            [
              128.3143,
              -14.584
            ],
            [
              128.3193,
              -14.5786
            ],
            [
              128.3243,
              -14.5732
            ],
            [
              128.3292,
              -14.5676
            ],
            [
              128.3339,
              -14.562
            ],
            [
              128.3386,
              -14.5564
            ],
            [
              128.3432,
              -14.5506
            ],
            [
              128.3476,
              -14.5447
            ],
            [
              128.352,
              -14.5388
            ],
            [
              128.3562,
              -14.5328
            ],
            [
              128.3604,
              -14.5268
            ],
            [
              128.3644,
              -14.5207
            ],
            [
              128.3683,
              -14.5145
            ],
            [
              128.3721,
              -14.5082
            ],
            [
              128.3758,
              -14.5019
            ],
            [
              128.3794,
              -14.4955
            ],
            [
              128.3829,
              -14.489
            ],
            [
              128.3862,
              -14.4825
            ],
            [
              128.3894,
              -14.476
            ],
            [
              128.3926,
              -14.4694
            ],
            [
              128.3955,
              -14.4627
            ],
            [
              128.3984,
              -14.456
            ],
            [
              128.4012,
              -14.4492
            ],
            [
              128.4038,
              -14.4424
            ],
            [
              128.4063,
              -14.4356
            ],
            [
              128.4087,
              -14.4287
            ],
            [
              128.4109,
              -14.4217
            ],
            [
              128.4131,
              -14.4148
            ],
            [
              128.4151,
              -14.4078
            ],
            [
              128.4169,
              -14.4007
            ],
            [
              128.4187,
              -14.3937
            ],
            [
              128.4203,
              -14.3866
            ],
            [
              128.4218,
              -14.3795
            ],
            [
              128.4232,
              -14.3723
            ],
            [
              128.4244,
              -14.3651
            ],
            [
              128.4255,
              -14.3579
            ],
            [
              128.4265,
              -14.3507
            ],
            [
              128.4273,
              -14.3435
            ],
            [
              128.4281,
              -14.3363
            ],
            [
              128.4287,
              -14.329
            ],
            [
              128.4291,
              -14.3218
            ],
            [
              128.4294,
              -14.3145
            ],
            [
              128.4296,
              -14.3073
            ],
            [
              128.4297,
              -14.3
            ],
            [
              128.4297,
              -14.3
            ],
            [
              128.4296,
              -14.2927
            ],
            [
              128.4294,
              -14.2855
            ],
            [
              128.4291,
              -14.2782
            ],
            [
              128.4287,
              -14.271
            ],
            [
              128.4281,
              -14.2637
            ],
            [
              128.4273,
              -14.2565
            ],
            [
              128.4265,
              -14.2493
            ],
            [
              128.4255,
              -14.2421
            ],
            [
              128.4244,
              -14.2349
            ],
            [
              128.4232,
              -14.2277
            ],
            [
              128.4218,
              -14.2205
            ],
            [
              128.4203,
              -14.2134
            ],
            [
              128.4187,
              -14.2063
            ],
            [
              128.4169,
              -14.1993
            ],
            [
              128.4151,
              -14.1922
            ],
            [
              128.4131,
              -14.1852
            ],
            [
              128.4109,
              -14.1783
            ],
            [
              128.4087,
              -14.1713
            ],
            [
              128.4063,
              -14.1644
            ],
            [
              128.4038,
              -14.1576
            ],
            [
              128.4012,
              -14.1508
            ],
            [
              128.3984,
              -14.144
            ],
            [
              128.3955,
              -14.1373
            ],
            [
              128.3926,
              -14.1306
            ],
            [
              128.3894,
              -14.124
            ],
            [
              128.3862,
              -14.1175
            ],
            [
              128.3829,
              -14.111
            ],
            [
              128.3794,
              -14.1045
            ],
            [
              128.3758,
              -14.0981
            ],
            [
              128.3721,
              -14.0918
            ],
            [
              128.3683,
              -14.0855
            ],
            [
              128.3644,
              -14.0793
            ],
            [
              128.3604,
              -14.0732
            ],
            [
              128.3562,
              -14.0672
            ],
            [
              128.352,
              -14.0612
            ],
            [
              128.3476,
              -14.0553
            ],
            [
              128.3432,
              -14.0494
            ],
            [
              128.3386,
              -14.0436
            ],
            [
              128.3339,
              -14.038
            ],
            [
              128.3292,
              -14.0324
            ],
            [
              128.3243,
              -14.0268
            ],
            [
              128.3193,
              -14.0214
            ],
            [
              128.3143,
              -14.016
            ],
            [
              128.3091,
              -14.0108
            ],
            [
              128.3038,
              -14.0056
            ],
            [
              128.2985,
              -14.0005
            ],
            [
              128.2931,
              -13.9955
            ],
            [
              128.2875,
              -13.9906
            ],
            [
              128.2819,
              -13.9857
            ],
            [
              128.2762,
              -13.981
            ],
            [
              128.2704,
              -13.9764
            ],
            [
              128.2645,
              -13.9719
            ],
            [
              128.2586,
              -13.9675
            ],
            [
              128.2526,
              -13.9631
            ],
            [
              128.2465,
              -13.9589
            ],
            [
              128.2403,
              -13.9548
            ],
            [
              128.234,
              -13.9508
            ],
            [
              128.2277,
              -13.9469
            ],
            [
              128.2213,
              -13.9431
            ],
            [
              128.2148,
              -13.9394
            ],
            [
              128.2083,
              -13.9358
            ],
            [
              128.2017,
              -13.9324
            ],
            [
              128.1951,
              -13.929
            ],
            [
              128.1884,
              -13.9258
            ],
            [
              128.1816,
              -13.9226
            ],
            [
              128.1748,
              -13.9196
            ],
            [
              128.1679,
              -13.9167
            ],
            [
              128.161,
              -13.9139
            ],
            [
              128.154,
              -13.9113
            ],
            [
              128.147,
              -13.9087
            ],
            [
              128.1399,
              -13.9063
            ],
            [
              128.1328,
              -13.904
            ],
            [
              128.1256,
              -13.9018
            ],
            [
              128.1184,
              -13.8997
            ],
            [
              128.1112,
              -13.8978
            ],
            [
              128.104,
              -13.896
            ],
            [
              128.0967,
              -13.8943
            ],
            [
              128.0893,
              -13.8927
            ],
            [
              128.082,
              -13.8913
            ],
            [
              128.0746,
              -13.8899
            ],
            [
              128.0672,
              -13.8887
            ],
            [
              128.0598,
              -13.8877
            ],
            [
              128.0524,
              -13.8867
            ],
            [
              128.0449,
              -13.8859
            ],
            [
              128.0375,
              -13.8852
            ],
            [
              128.03,
              -13.8846
            ],
            [
              128.0225,
              -13.8842
            ],
            [
              128.015,
              -13.8839
            ],
            [
              128.0075,
              -13.8837
            ],
            [
              128.0,
              -13.8836
            ]
          ]
        ]
      },
      "properties": {
        "id": 38,
        "color": "Orange",
        "fillColor": "Orange",
        "strokeColor": "green",
        "strokeWidth": 2,
        "borderColor": "green",
        "boderWidth": 2
      }
    },
    {
      "type": "Feature",
      "geometry": {
        "type": "LineString",
        "coordinates": [
          [
            132.2,
            -11.1
          ],
          [
            131.8,
            -11.7
          ]
        ]
      },
      "properties": {
        "id": 39,
        "color": "green",
        "fillColor": "green",
        "strokeColor": "green",
        "strokeWidth": 2,
        "borderColor": "green",
        "boderWidth": 2
      }
    },
    {
      "type": "Feature",
      "geometry": {
        "type": "LineString",
        "coordinates": [
          [
            128.5,
            -13.9
          ],
          [
            128.2,
            -14.1
          ]
        ]
      },
      "properties": {
        "id": 40,
        "color": "green",
        "fillColor": "green",
        "strokeColor": "green",
        "strokeWidth": 2,
        "borderColor": "green",
        "boderWidth": 2
      }
    },
    {
      "type": "Feature",
      "geometry": {
        "type": "Polygon",
        "coordinates": [
          [
            [
              133.3,
              -10.03
            ],
            [
              133.3015,
              -10.03
            ],
            [
              133.3029,
              -10.0299
            ],
            [
              133.3044,
              -10.0297
            ],
            [
              133.3059,
              -10.0294
            ],
            [
              133.3073,
              -10.0291
            ],
            [
              133.3087,
              -10.0287
            ],
            [
              133.3101,
              -10.0282
            ],
            [
              133.3115,
              -10.0277
            ],
            [
              133.3128,
              -10.0271
            ],
            [
              133.3141,
              -10.0265
            ],
            [
              133.3154,
              -10.0257
            ],
            [
              133.3167,
              -10.0249
            ],
            [
              133.3179,
              -10.0241
            ],
            [
              133.319,
              -10.0232
            ],
            [
              133.3201,
              -10.0222
            ],
            [
              133.3212,
              -10.0212
            ],
            [
              133.3222,
              -10.0201
            ],
            [
              133.3232,
              -10.019
            ],
            [
              133.3241,
              -10.0179
            ],
            [
              133.3249,
              -10.0167
            ],
            [
              133.3257,
              -10.0154
            ],
            [
              133.3265,
              -10.0141
            ],
            [
              133.3271,
              -10.0128
            ],
            [
              133.3277,
              -10.0115
            ],
            [
              133.3282,
              -10.0101
            ],
            [
              133.3287,
              -10.0087
            ],
            [
              133.3291,
              -10.0073
            ],
            [
              133.3294,
              -10.0059
            ],
            [
              133.3297,
              -10.0044
            ],
            [
              133.3299,
              -10.0029
            ],
            [
              133.33,
              -10.0015
            ],
            [
              133.33,
              -10.0
            ],
            [
              133.33,
              -9.9985
            ],
            [
              133.3299,
              -9.9971
            ],
            [
              133.3297,
              -9.9956
            ],
            [
              133.3294,
              -9.9941
            ],
            [
              133.3291,
              -9.9927
            ],
            [
              133.3287,
              -9.9913
            ],
            [
              133.3282,
              -9.9899
            ],
            [
              133.3277,
              -9.9885
            ],
            [
              133.3271,
              -9.9872
            ],
            [
              133.3265,
              -9.9859
            ],
            [
              133.3257,
              -9.9846
            ],
            [
              133.3249,
              -9.9833
            ],
            [
              133.3241,
              -9.9821
            ],
            [
              133.3232,
              -9.981
            ],
            [
              133.3222,
              -9.9799
            ],
            [
              133.3212,
              -9.9788
            ],
            [
              133.3201,
              -9.9778
            ],
            [
              133.319,
              -9.9768
            ],
            [
              133.3179,
              -9.9759
            ],
            [
              133.3167,
              -9.9751
            ],
            [
              133.3154,
              -9.9743
            ],
            [
              133.3141,
              -9.9735
            ],
            [
              133.3128,
              -9.9729
            ],
            [
              133.3115,
              -9.9723
            ],
            [
              133.3101,
              -9.9718
            ],
            [
              133.3087,
              -9.9713
            ],
            [
              133.3073,
              -9.9709
            ],
            [
              133.3059,
              -9.9706
            ],
            [
              133.3044,
              -9.9703
            ],
            [
              133.3029,
              -9.9701
            ],
            [
              133.3015,
              -9.97
            ],
            [
              133.3,
              -9.97
            ],
            [
              133.2985,
              -9.97
            ],
            [
              133.2971,
              -9.9701
            ],
            [
              133.2956,
              -9.9703
            ],
            [
              133.2941,
              -9.9706
            ],
            [
              133.2927,
              -9.9709
            ],
            [
              133.2913,
              -9.9713
            ],
            [
              133.2899,
              -9.9718
            ],
            [
              133.2885,
              -9.9723
            ],
            [
              133.2872,
              -9.9729
            ],
            [
              133.2859,
              -9.9735
            ],
            [
              133.2846,
              -9.9743
            ],
            [
              133.2833,
              -9.9751
            ],
            [
              133.2821,
              -9.9759
            ],
            [
              133.281,
              -9.9768
            ],
            [
              133.2799,
              -9.9778
            ],
            [
              133.2788,
              -9.9788
            ],
            [
              133.2778,
              -9.9799
            ],
            [
              133.2768,
              -9.981
            ],
            [
              133.2759,
              -9.9821
            ],
            [
              133.2751,
              -9.9833
            ],
            [
              133.2743,
              -9.9846
            ],
            [
              133.2735,
              -9.9859
            ],
            [
              133.2729,
              -9.9872
            ],
            [
              133.2723,
              -9.9885
            ],
            [
              133.2718,
              -9.9899
            ],
            [
              133.2713,
              -9.9913
            ],
            [
              133.2709,
              -9.9927
            ],
            [
              133.2706,
              -9.9941
            ],
            [
              133.2703,
              -9.9956
            ],
            [
              133.2701,
              -9.9971
            ],
            [
              133.27,
              -9.9985
            ],
            [
              133.27,
              -10.0
            ],
            [
              133.27,
              -10.0015
            ],
            [
              133.2701,
              -10.0029
            ],
            [
              133.2703,
              -10.0044
            ],
            [
              133.2706,
              -10.0059
            ],
            [
              133.2709,
              -10.0073
            ],
            [
              133.2713,
              -10.0087
            ],
            [
              133.2718,
              -10.0101
            ],
            [
              133.2723,
              -10.0115
            ],
            [
              133.2729,
              -10.0128
            ],
            [
              133.2735,
              -10.0141
            ],
            [
              133.2743,
              -10.0154
            ],
            [
              133.2751,
              -10.0167
            ],
            [
              133.2759,
              -10.0179
            ],
            [
              133.2768,
              -10.019
            ],
            [
              133.2778,
              -10.0201
            ],
            [
              133.2788,
              -10.0212
            ],
            [
              133.2799,
              -10.0222
            ],
            [
              133.281,
              -10.0232
            ],
            [
              133.2821,
              -10.0241
            ],
            [
              133.2833,
              -10.0249
            ],
            [
              133.2846,
              -10.0257
            ],
            [
              133.2859,
              -10.0265
            ],
            [
              133.2872,
              -10.0271
            ],
            [
              133.2885,
              -10.0277
            ],
            [
              133.2899,
              -10.0282
            ],
            [
              133.2913,
              -10.0287
            ],
            [
              133.2927,
              -10.0291
            ],
            [
              133.2941,
              -10.0294
            ],
            [
              133.2956,
              -10.0297
            ],
            [
              133.2971,
              -10.0299
            ],
            [
              133.2985,
              -10.03
            ],
            [
              133.3,
              -10.03
            ]
          ]
        ]
      },
      "properties": {
        "id": 41,
        "color": "green",
        "fillColor": "green",
        "strokeColor": "green",
        "strokeWidth": 2,
        "borderColor": "green",
        "boderWidth": 2
      }
    },
    {
      "type": "Feature",
      "geometry": {
        "type": "Polygon",
        "coordinates": [
          [
            [
              132.2,
              -11.13
            ],
            [
              132.2015,
              -11.13
            ],
            [
              132.2029,
              -11.1299
            ],
            [
              132.2044,
              -11.1297
            ],
            [
              132.2059,
              -11.1294
            ],
            [
              132.2073,
              -11.1291
            ],
            [
              132.2087,
              -11.1287
            ],
            [
              132.2101,
              -11.1282
            ],
            [
              132.2115,
              -11.1277
            ],
            [
              132.2128,
              -11.1271
            ],
            [
              132.2141,
              -11.1265
            ],
            [
              132.2154,
              -11.1257
            ],
            [
              132.2167,
              -11.1249
            ],
            [
              132.2179,
              -11.1241
            ],
            [
              132.219,
              -11.1232
            ],
            [
              132.2201,
              -11.1222
            ],
            [
              132.2212,
              -11.1212
            ],
            [
              132.2222,
              -11.1201
            ],
            [
              132.2232,
              -11.119
            ],
            [
              132.2241,
              -11.1179
            ],
            [
              132.2249,
              -11.1167
            ],
            [
              132.2257,
              -11.1154
            ],
            [
              132.2265,
              -11.1141
            ],
            [
              132.2271,
              -11.1128
            ],
            [
              132.2277,
              -11.1115
            ],
            [
              132.2282,
              -11.1101
            ],
            [
              132.2287,
              -11.1087
            ],
            [
              132.2291,
              -11.1073
            ],
            [
              132.2294,
              -11.1059
            ],
            [
              132.2297,
              -11.1044
            ],
            [
              132.2299,
              -11.1029
            ],
            [
              132.23,
              -11.1015
            ],
            [
              132.23,
              -11.1
            ],
            [
              132.23,
              -11.0985
            ],
            [
              132.2299,
              -11.0971
            ],
            [
              132.2297,
              -11.0956
            ],
            [
              132.2294,
              -11.0941
            ],
            [
              132.2291,
              -11.0927
            ],
            [
              132.2287,
              -11.0913
            ],
            [
              132.2282,
              -11.0899
            ],
            [
              132.2277,
              -11.0885
            ],
            [
              132.2271,
              -11.0872
            ],
            [
              132.2265,
              -11.0859
            ],
            [
              132.2257,
              -11.0846
            ],
            [
              132.2249,
              -11.0833
            ],
            [
              132.2241,
              -11.0821
            ],
            [
              132.2232,
              -11.081
            ],
            [
              132.2222,
              -11.0799
            ],
            [
              132.2212,
              -11.0788
            ],
            [
              132.2201,
              -11.0778
            ],
            [
              132.219,
              -11.0768
            ],
            [
              132.2179,
              -11.0759
            ],
            [
              132.2167,
              -11.0751
            ],
            [
              132.2154,
              -11.0743
            ],
            [
              132.2141,
              -11.0735
            ],
            [
              132.2128,
              -11.0729
            ],
            [
              132.2115,
              -11.0723
            ],
            [
              132.2101,
              -11.0718
            ],
            [
              132.2087,
              -11.0713
            ],
            [
              132.2073,
              -11.0709
            ],
            [
              132.2059,
              -11.0706
            ],
            [
              132.2044,
              -11.0703
            ],
            [
              132.2029,
              -11.0701
            ],
            [
              132.2015,
              -11.07
            ],
            [
              132.2,
              -11.07
            ],
            [
              132.1985,
              -11.07
            ],
            [
              132.1971,
              -11.0701
            ],
            [
              132.1956,
              -11.0703
            ],
            [
              132.1941,
              -11.0706
            ],
            [
              132.1927,
              -11.0709
            ],
            [
              132.1913,
              -11.0713
            ],
            [
              132.1899,
              -11.0718
            ],
            [
              132.1885,
              -11.0723
            ],
            [
              132.1872,
              -11.0729
            ],
            [
              132.1859,
              -11.0735
            ],
            [
              132.1846,
              -11.0743
            ],
            [
              132.1833,
              -11.0751
            ],
            [
              132.1821,
              -11.0759
            ],
            [
              132.181,
              -11.0768
            ],
            [
              132.1799,
              -11.0778
            ],
            [
              132.1788,
              -11.0788
            ],
            [
              132.1778,
              -11.0799
            ],
            [
              132.1768,
              -11.081
            ],
            [
              132.1759,
              -11.0821
            ],
            [
              132.1751,
              -11.0833
            ],
            [
              132.1743,
              -11.0846
            ],
            [
              132.1735,
              -11.0859
            ],
            [
              132.1729,
              -11.0872
            ],
            [
              132.1723,
              -11.0885
            ],
            [
              132.1718,
              -11.0899
            ],
            [
              132.1713,
              -11.0913
            ],
            [
              132.1709,
              -11.0927
            ],
            [
              132.1706,
              -11.0941
            ],
            [
              132.1703,
              -11.0956
            ],
            [
              132.1701,
              -11.0971
            ],
            [
              132.17,
              -11.0985
            ],
            [
              132.17,
              -11.1
            ],
            [
              132.17,
              -11.1015
            ],
            [
              132.1701,
              -11.1029
            ],
            [
              132.1703,
              -11.1044
            ],
            [
              132.1706,
              -11.1059
            ],
            [
              132.1709,
              -11.1073
            ],
            [
              132.1713,
              -11.1087
            ],
            [
              132.1718,
              -11.1101
            ],
            [
              132.1723,
              -11.1115
            ],
            [
              132.1729,
              -11.1128
            ],
            [
              132.1735,
              -11.1141
            ],
            [
              132.1743,
              -11.1154
            ],
            [
              132.1751,
              -11.1167
            ],
            [
              132.1759,
              -11.1179
            ],
            [
              132.1768,
              -11.119
            ],
            [
              132.1778,
              -11.1201
            ],
            [
              132.1788,
              -11.1212
            ],
            [
              132.1799,
              -11.1222
            ],
            [
              132.181,
              -11.1232
            ],
            [
              132.1821,
              -11.1241
            ],
            [
              132.1833,
              -11.1249
            ],
            [
              132.1846,
              -11.1257
            ],
            [
              132.1859,
              -11.1265
            ],
            [
              132.1872,
              -11.1271
            ],
            [
              132.1885,
              -11.1277
            ],
            [
              132.1899,
              -11.1282
            ],
            [
              132.1913,
              -11.1287
            ],
            [
              132.1927,
              -11.1291
            ],
            [
              132.1941,
              -11.1294
            ],
            [
              132.1956,
              -11.1297
            ],
            [
              132.1971,
              -11.1299
            ],
            [
              132.1985,
              -11.13
            ],
            [
              132.2,
              -11.13
            ]
          ]
        ]
      },
      "properties": {
        "id": 42,
        "color": "green",
        "fillColor": "green",
        "strokeColor": "green",
        "strokeWidth": 2,
        "borderColor": "green",
        "boderWidth": 2
      }
    },
    {
      "type": "Feature",
      "geometry": {
        "type": "LineString",
        "coordinates": [
          [
            132.4,
            -9.5
          ],
          [
            132.6,
            -9.7
          ]
        ]
      },
      "properties": {
        "id": 43,
        "color": "green",
        "fillColor": "green",
        "strokeColor": "green",
        "strokeWidth": 2,
        "borderColor": "green",
        "boderWidth": 2
      }
    },
    {
      "type": "Feature",
      "geometry": {
        "type": "Polygon",
        "coordinates": [
          [
            [
              129.3,
              -13.23
            ],
            [
              129.3015,
              -13.23
            ],
            [
              129.3029,
              -13.2299
            ],
            [
              129.3044,
              -13.2297
            ],
            [
              129.3059,
              -13.2294
            ],
            [
              129.3073,
              -13.2291
            ],
            [
              129.3087,
              -13.2287
            ],
            [
              129.3101,
              -13.2282
            ],
            [
              129.3115,
              -13.2277
            ],
            [
              129.3128,
              -13.2271
            ],
            [
              129.3141,
              -13.2265
            ],
            [
              129.3154,
              -13.2257
            ],
            [
              129.3167,
              -13.2249
            ],
            [
              129.3179,
              -13.2241
            ],
            [
              129.319,
              -13.2232
            ],
            [
              129.3201,
              -13.2222
            ],
            [
              129.3212,
              -13.2212
            ],
            [
              129.3222,
              -13.2201
            ],
            [
              129.3232,
              -13.219
            ],
            [
              129.3241,
              -13.2179
            ],
            [
              129.3249,
              -13.2167
            ],
            [
              129.3257,
              -13.2154
            ],
            [
              129.3265,
              -13.2141
            ],
            [
              129.3271,
              -13.2128
            ],
            [
              129.3277,
              -13.2115
            ],
            [
              129.3282,
              -13.2101
            ],
            [
              129.3287,
              -13.2087
            ],
            [
              129.3291,
              -13.2073
            ],
            [
              129.3294,
              -13.2059
            ],
            [
              129.3297,
              -13.2044
            ],
            [
              129.3299,
              -13.2029
            ],
            [
              129.33,
              -13.2015
            ],
            [
              129.33,
              -13.2
            ],
            [
              129.33,
              -13.1985
            ],
            [
              129.3299,
              -13.1971
            ],
            [
              129.3297,
              -13.1956
            ],
            [
              129.3294,
              -13.1941
            ],
            [
              129.3291,
              -13.1927
            ],
            [
              129.3287,
              -13.1913
            ],
            [
              129.3282,
              -13.1899
            ],
            [
              129.3277,
              -13.1885
            ],
            [
              129.3271,
              -13.1872
            ],
            [
              129.3265,
              -13.1859
            ],
            [
              129.3257,
              -13.1846
            ],
            [
              129.3249,
              -13.1833
            ],
            [
              129.3241,
              -13.1821
            ],
            [
              129.3232,
              -13.181
            ],
            [
              129.3222,
              -13.1799
            ],
            [
              129.3212,
              -13.1788
            ],
            [
              129.3201,
              -13.1778
            ],
            [
              129.319,
              -13.1768
            ],
            [
              129.3179,
              -13.1759
            ],
            [
              129.3167,
              -13.1751
            ],
            [
              129.3154,
              -13.1743
            ],
            [
              129.3141,
              -13.1735
            ],
            [
              129.3128,
              -13.1729
            ],
            [
              129.3115,
              -13.1723
            ],
            [
              129.3101,
              -13.1718
            ],
            [
              129.3087,
              -13.1713
            ],
            [
              129.3073,
              -13.1709
            ],
            [
              129.3059,
              -13.1706
            ],
            [
              129.3044,
              -13.1703
            ],
            [
              129.3029,
              -13.1701
            ],
            [
              129.3015,
              -13.17
            ],
            [
              129.3,
              -13.17
            ],
            [
              129.2985,
              -13.17
            ],
            [
              129.2971,
              -13.1701
            ],
            [
              129.2956,
              -13.1703
            ],
            [
              129.2941,
              -13.1706
            ],
            [
              129.2927,
              -13.1709
            ],
            [
              129.2913,
              -13.1713
            ],
            [
              129.2899,
              -13.1718
            ],
            [
              129.2885,
              -13.1723
            ],
            [
              129.2872,
              -13.1729
            ],
            [
              129.2859,
              -13.1735
            ],
            [
              129.2846,
              -13.1743
            ],
            [
              129.2833,
              -13.1751
            ],
            [
              129.2821,
              -13.1759
            ],
            [
              129.281,
              -13.1768
            ],
            [
              129.2799,
              -13.1778
            ],
            [
              129.2788,
              -13.1788
            ],
            [
              129.2778,
              -13.1799
            ],
            [
              129.2768,
              -13.181
            ],
            [
              129.2759,
              -13.1821
            ],
            [
              129.2751,
              -13.1833
            ],
            [
              129.2743,
              -13.1846
            ],
            [
              129.2735,
              -13.1859
            ],
            [
              129.2729,
              -13.1872
            ],
            [
              129.2723,
              -13.1885
            ],
            [
              129.2718,
              -13.1899
            ],
            [
              129.2713,
              -13.1913
            ],
            [
              129.2709,
              -13.1927
            ],
            [
              129.2706,
              -13.1941
            ],
            [
              129.2703,
              -13.1956
            ],
            [
              129.2701,
              -13.1971
            ],
            [
              129.27,
              -13.1985
            ],
            [
              129.27,
              -13.2
            ],
            [
              129.27,
              -13.2015
            ],
            [
              129.2701,
              -13.2029
            ],
            [
              129.2703,
              -13.2044
            ],
            [
              129.2706,
              -13.2059
            ],
            [
              129.2709,
              -13.2073
            ],
            [
              129.2713,
              -13.2087
            ],
            [
              129.2718,
              -13.2101
            ],
            [
              129.2723,
              -13.2115
            ],
            [
              129.2729,
              -13.2128
            ],
            [
              129.2735,
              -13.2141
            ],
            [
              129.2743,
              -13.2154
            ],
            [
              129.2751,
              -13.2167
            ],
            [
              129.2759,
              -13.2179
            ],
            [
              129.2768,
              -13.219
            ],
            [
              129.2778,
              -13.2201
            ],
            [
              129.2788,
              -13.2212
            ],
            [
              129.2799,
              -13.2222
            ],
            [
              129.281,
              -13.2232
            ],
            [
              129.2821,
              -13.2241
            ],
            [
              129.2833,
              -13.2249
            ],
            [
              129.2846,
              -13.2257
            ],
            [
              129.2859,
              -13.2265
            ],
            [
              129.2872,
              -13.2271
            ],
            [
              129.2885,
              -13.2277
            ],
            [
              129.2899,
              -13.2282
            ],
            [
              129.2913,
              -13.2287
            ],
            [
              129.2927,
              -13.2291
            ],
            [
              129.2941,
              -13.2294
            ],
            [
              129.2956,
              -13.2297
            ],
            [
              129.2971,
              -13.2299
            ],
            [
              129.2985,
              -13.23
            ],
            [
              129.3,
              -13.23
            ]
          ]
        ]
      },
      "properties": {
        "id": 44,
        "color": "green",
        "fillColor": "green",
        "strokeColor": "green",
        "strokeWidth": 2,
        "borderColor": "green",
        "boderWidth": 2
      }
    },
    {
      "type": "Feature",
      "geometry": {
        "type": "Polygon",
        "coordinates": [
          [
            [
              130.6,
              -12.13
            ],
            [
              130.6015,
              -12.13
            ],
            [
              130.6029,
              -12.1299
            ],
            [
              130.6044,
              -12.1297
            ],
            [
              130.6059,
              -12.1294
            ],
            [
              130.6073,
              -12.1291
            ],
            [
              130.6087,
              -12.1287
            ],
            [
              130.6101,
              -12.1282
            ],
            [
              130.6115,
              -12.1277
            ],
            [
              130.6128,
              -12.1271
            ],
            [
              130.6141,
              -12.1265
            ],
            [
              130.6154,
              -12.1257
            ],
            [
              130.6167,
              -12.1249
            ],
            [
              130.6179,
              -12.1241
            ],
            [
              130.619,
              -12.1232
            ],
            [
              130.6201,
              -12.1222
            ],
            [
              130.6212,
              -12.1212
            ],
            [
              130.6222,
              -12.1201
            ],
            [
              130.6232,
              -12.119
            ],
            [
              130.6241,
              -12.1179
            ],
            [
              130.6249,
              -12.1167
            ],
            [
              130.6257,
              -12.1154
            ],
            [
              130.6265,
              -12.1141
            ],
            [
              130.6271,
              -12.1128
            ],
            [
              130.6277,
              -12.1115
            ],
            [
              130.6282,
              -12.1101
            ],
            [
              130.6287,
              -12.1087
            ],
            [
              130.6291,
              -12.1073
            ],
            [
              130.6294,
              -12.1059
            ],
            [
              130.6297,
              -12.1044
            ],
            [
              130.6299,
              -12.1029
            ],
            [
              130.63,
              -12.1015
            ],
            [
              130.63,
              -12.1
            ],
            [
              130.63,
              -12.0985
            ],
            [
              130.6299,
              -12.0971
            ],
            [
              130.6297,
              -12.0956
            ],
            [
              130.6294,
              -12.0941
            ],
            [
              130.6291,
              -12.0927
            ],
            [
              130.6287,
              -12.0913
            ],
            [
              130.6282,
              -12.0899
            ],
            [
              130.6277,
              -12.0885
            ],
            [
              130.6271,
              -12.0872
            ],
            [
              130.6265,
              -12.0859
            ],
            [
              130.6257,
              -12.0846
            ],
            [
              130.6249,
              -12.0833
            ],
            [
              130.6241,
              -12.0821
            ],
            [
              130.6232,
              -12.081
            ],
            [
              130.6222,
              -12.0799
            ],
            [
              130.6212,
              -12.0788
            ],
            [
              130.6201,
              -12.0778
            ],
            [
              130.619,
              -12.0768
            ],
            [
              130.6179,
              -12.0759
            ],
            [
              130.6167,
              -12.0751
            ],
            [
              130.6154,
              -12.0743
            ],
            [
              130.6141,
              -12.0735
            ],
            [
              130.6128,
              -12.0729
            ],
            [
              130.6115,
              -12.0723
            ],
            [
              130.6101,
              -12.0718
            ],
            [
              130.6087,
              -12.0713
            ],
            [
              130.6073,
              -12.0709
            ],
            [
              130.6059,
              -12.0706
            ],
            [
              130.6044,
              -12.0703
            ],
            [
              130.6029,
              -12.0701
            ],
            [
              130.6015,
              -12.07
            ],
            [
              130.6,
              -12.07
            ],
            [
              130.5985,
              -12.07
            ],
            [
              130.5971,
              -12.0701
            ],
            [
              130.5956,
              -12.0703
            ],
            [
              130.5941,
              -12.0706
            ],
            [
              130.5927,
              -12.0709
            ],
            [
              130.5913,
              -12.0713
            ],
            [
              130.5899,
              -12.0718
            ],
            [
              130.5885,
              -12.0723
            ],
            [
              130.5872,
              -12.0729
            ],
            [
              130.5859,
              -12.0735
            ],
            [
              130.5846,
              -12.0743
            ],
            [
              130.5833,
              -12.0751
            ],
            [
              130.5821,
              -12.0759
            ],
            [
              130.581,
              -12.0768
            ],
            [
              130.5799,
              -12.0778
            ],
            [
              130.5788,
              -12.0788
            ],
            [
              130.5778,
              -12.0799
            ],
            [
              130.5768,
              -12.081
            ],
            [
              130.5759,
              -12.0821
            ],
            [
              130.5751,
              -12.0833
            ],
            [
              130.5743,
              -12.0846
            ],
            [
              130.5735,
              -12.0859
            ],
            [
              130.5729,
              -12.0872
            ],
            [
              130.5723,
              -12.0885
            ],
            [
              130.5718,
              -12.0899
            ],
            [
              130.5713,
              -12.0913
            ],
            [
              130.5709,
              -12.0927
            ],
            [
              130.5706,
              -12.0941
            ],
            [
              130.5703,
              -12.0956
            ],
            [
              130.5701,
              -12.0971
            ],
            [
              130.57,
              -12.0985
            ],
            [
              130.57,
              -12.1
            ],
            [
              130.57,
              -12.1015
            ],
            [
              130.5701,
              -12.1029
            ],
            [
              130.5703,
              -12.1044
            ],
            [
              130.5706,
              -12.1059
            ],
            [
              130.5709,
              -12.1073
            ],
            [
              130.5713,
              -12.1087
            ],
            [
              130.5718,
              -12.1101
            ],
            [
              130.5723,
              -12.1115
            ],
            [
              130.5729,
              -12.1128
            ],
            [
              130.5735,
              -12.1141
            ],
            [
              130.5743,
              -12.1154
            ],
            [
              130.5751,
              -12.1167
            ],
            [
              130.5759,
              -12.1179
            ],
            [
              130.5768,
              -12.119
            ],
            [
              130.5778,
              -12.1201
            ],
            [
              130.5788,
              -12.1212
            ],
            [
              130.5799,
              -12.1222
            ],
            [
              130.581,
              -12.1232
            ],
            [
              130.5821,
              -12.1241
            ],
            [
              130.5833,
              -12.1249
            ],
            [
              130.5846,
              -12.1257
            ],
            [
              130.5859,
              -12.1265
            ],
            [
              130.5872,
              -12.1271
            ],
            [
              130.5885,
              -12.1277
            ],
            [
              130.5899,
              -12.1282
            ],
            [
              130.5913,
              -12.1287
            ],
            [
              130.5927,
              -12.1291
            ],
            [
              130.5941,
              -12.1294
            ],
            [
              130.5956,
              -12.1297
            ],
            [
              130.5971,
              -12.1299
            ],
            [
              130.5985,
              -12.13
            ],
            [
              130.6,
              -12.13
            ]
          ]
        ]
      },
      "properties": {
        "id": 45,
        "color": "green",
        "fillColor": "green",
        "strokeColor": "green",
        "strokeWidth": 2,
        "borderColor": "green",
        "boderWidth": 2
      }
    },
    {
      "type": "Feature",
      "geometry": {
        "type": "Polygon",
        "coordinates": [
          [
            [
              129.8,
              -12.43
            ],
            [
              129.8015,
              -12.43
            ],
            [
              129.8029,
              -12.4299
            ],
            [
              129.8044,
              -12.4297
            ],
            [
              129.8059,
              -12.4294
            ],
            [
              129.8073,
              -12.4291
            ],
            [
              129.8087,
              -12.4287
            ],
            [
              129.8101,
              -12.4282
            ],
            [
              129.8115,
              -12.4277
            ],
            [
              129.8128,
              -12.4271
            ],
            [
              129.8141,
              -12.4265
            ],
            [
              129.8154,
              -12.4257
            ],
            [
              129.8167,
              -12.4249
            ],
            [
              129.8179,
              -12.4241
            ],
            [
              129.819,
              -12.4232
            ],
            [
              129.8201,
              -12.4222
            ],
            [
              129.8212,
              -12.4212
            ],
            [
              129.8222,
              -12.4201
            ],
            [
              129.8232,
              -12.419
            ],
            [
              129.8241,
              -12.4179
            ],
            [
              129.8249,
              -12.4167
            ],
            [
              129.8257,
              -12.4154
            ],
            [
              129.8265,
              -12.4141
            ],
            [
              129.8271,
              -12.4128
            ],
            [
              129.8277,
              -12.4115
            ],
            [
              129.8282,
              -12.4101
            ],
            [
              129.8287,
              -12.4087
            ],
            [
              129.8291,
              -12.4073
            ],
            [
              129.8294,
              -12.4059
            ],
            [
              129.8297,
              -12.4044
            ],
            [
              129.8299,
              -12.4029
            ],
            [
              129.83,
              -12.4015
            ],
            [
              129.83,
              -12.4
            ],
            [
              129.83,
              -12.3985
            ],
            [
              129.8299,
              -12.3971
            ],
            [
              129.8297,
              -12.3956
            ],
            [
              129.8294,
              -12.3941
            ],
            [
              129.8291,
              -12.3927
            ],
            [
              129.8287,
              -12.3913
            ],
            [
              129.8282,
              -12.3899
            ],
            [
              129.8277,
              -12.3885
            ],
            [
              129.8271,
              -12.3872
            ],
            [
              129.8265,
              -12.3859
            ],
            [
              129.8257,
              -12.3846
            ],
            [
              129.8249,
              -12.3833
            ],
            [
              129.8241,
              -12.3821
            ],
            [
              129.8232,
              -12.381
            ],
            [
              129.8222,
              -12.3799
            ],
            [
              129.8212,
              -12.3788
            ],
            [
              129.8201,
              -12.3778
            ],
            [
              129.819,
              -12.3768
            ],
            [
              129.8179,
              -12.3759
            ],
            [
              129.8167,
              -12.3751
            ],
            [
              129.8154,
              -12.3743
            ],
            [
              129.8141,
              -12.3735
            ],
            [
              129.8128,
              -12.3729
            ],
            [
              129.8115,
              -12.3723
            ],
            [
              129.8101,
              -12.3718
            ],
            [
              129.8087,
              -12.3713
            ],
            [
              129.8073,
              -12.3709
            ],
            [
              129.8059,
              -12.3706
            ],
            [
              129.8044,
              -12.3703
            ],
            [
              129.8029,
              -12.3701
            ],
            [
              129.8015,
              -12.37
            ],
            [
              129.8,
              -12.37
            ],
            [
              129.7985,
              -12.37
            ],
            [
              129.7971,
              -12.3701
            ],
            [
              129.7956,
              -12.3703
            ],
            [
              129.7941,
              -12.3706
            ],
            [
              129.7927,
              -12.3709
            ],
            [
              129.7913,
              -12.3713
            ],
            [
              129.7899,
              -12.3718
            ],
            [
              129.7885,
              -12.3723
            ],
            [
              129.7872,
              -12.3729
            ],
            [
              129.7859,
              -12.3735
            ],
            [
              129.7846,
              -12.3743
            ],
            [
              129.7833,
              -12.3751
            ],
            [
              129.7821,
              -12.3759
            ],
            [
              129.781,
              -12.3768
            ],
            [
              129.7799,
              -12.3778
            ],
            [
              129.7788,
              -12.3788
            ],
            [
              129.7778,
              -12.3799
            ],
            [
              129.7768,
              -12.381
            ],
            [
              129.7759,
              -12.3821
            ],
            [
              129.7751,
              -12.3833
            ],
            [
              129.7743,
              -12.3846
            ],
            [
              129.7735,
              -12.3859
            ],
            [
              129.7729,
              -12.3872
            ],
            [
              129.7723,
              -12.3885
            ],
            [
              129.7718,
              -12.3899
            ],
            [
              129.7713,
              -12.3913
            ],
            [
              129.7709,
              -12.3927
            ],
            [
              129.7706,
              -12.3941
            ],
            [
              129.7703,
              -12.3956
            ],
            [
              129.7701,
              -12.3971
            ],
            [
              129.77,
              -12.3985
            ],
            [
              129.77,
              -12.4
            ],
            [
              129.77,
              -12.4015
            ],
            [
              129.7701,
              -12.4029
            ],
            [
              129.7703,
              -12.4044
            ],
            [
              129.7706,
              -12.4059
            ],
            [
              129.7709,
              -12.4073
            ],
            [
              129.7713,
              -12.4087
            ],
            [
              129.7718,
              -12.4101
            ],
            [
              129.7723,
              -12.4115
            ],
            [
              129.7729,
              -12.4128
            ],
            [
              129.7735,
              -12.4141
            ],
            [
              129.7743,
              -12.4154
            ],
            [
              129.7751,
              -12.4167
            ],
            [
              129.7759,
              -12.4179
            ],
            [
              129.7768,
              -12.419
            ],
            [
              129.7778,
              -12.4201
            ],
            [
              129.7788,
              -12.4212
            ],
            [
              129.7799,
              -12.4222
            ],
            [
              129.781,
              -12.4232
            ],
            [
              129.7821,
              -12.4241
            ],
            [
              129.7833,
              -12.4249
            ],
            [
              129.7846,
              -12.4257
            ],
            [
              129.7859,
              -12.4265
            ],
            [
              129.7872,
              -12.4271
            ],
            [
              129.7885,
              -12.4277
            ],
            [
              129.7899,
              -12.4282
            ],
            [
              129.7913,
              -12.4287
            ],
            [
              129.7927,
              -12.4291
            ],
            [
              129.7941,
              -12.4294
            ],
            [
              129.7956,
              -12.4297
            ],
            [
              129.7971,
              -12.4299
            ],
            [
              129.7985,
              -12.43
            ],
            [
              129.8,
              -12.43
            ]
          ]
        ]
      },
      "properties": {
        "id": 46,
        "color": "green",
        "fillColor": "green",
        "strokeColor": "green",
        "strokeWidth": 2,
        "borderColor": "green",
        "boderWidth": 2
      }
    },
    {
      "type": "Feature",
      "geometry": {
        "type": "Polygon",
        "coordinates": [
          [
            [
              41.0,
              13.51
            ],
            [
              41.0,
              13.519
            ],
            [
              40.999,
              13.529
            ],
            [
              40.998,
              13.538
            ],
            [
              40.997,
              13.548
            ],
            [
              40.996,
              13.557
            ],
            [
              40.994,
              13.566
            ],
            [
              40.992,
              13.575
            ],
            [
              40.989,
              13.584
            ],
            [
              40.986,
              13.594
            ],
            [
              40.983,
              13.602
            ],
            [
              40.98,
              13.611
            ],
            [
              40.976,
              13.62
            ],
            [
              40.972,
              13.628
            ],
            [
              40.967,
              13.637
            ],
            [
              40.963,
              13.645
            ],
            [
              40.958,
              13.653
            ],
            [
              40.952,
              13.661
            ],
            [
              40.947,
              13.669
            ],
            [
              40.941,
              13.676
            ],
            [
              40.935,
              13.684
            ],
            [
              40.929,
              13.691
            ],
            [
              40.922,
              13.698
            ],
            [
              40.915,
              13.704
            ],
            [
              40.908,
              13.711
            ],
            [
              40.901,
              13.717
            ],
            [
              40.893,
              13.723
            ],
            [
              40.885,
              13.729
            ],
            [
              40.877,
              13.734
            ],
            [
              40.869,
              13.739
            ],
            [
              40.861,
              13.744
            ],
            [
              40.852,
              13.749
            ],
            [
              40.844,
              13.753
            ],
            [
              40.835,
              13.757
            ],
            [
              40.826,
              13.761
            ],
            [
              40.817,
              13.764
            ],
            [
              40.808,
              13.767
            ],
            [
              40.799,
              13.77
            ],
            [
              40.789,
              13.772
            ],
            [
              40.78,
              13.774
            ],
            [
              40.77,
              13.776
            ],
            [
              40.761,
              13.778
            ],
            [
              40.751,
              13.779
            ],
            [
              40.741,
              13.78
            ],
            [
              40.732,
              13.78
            ],
            [
              40.722,
              13.78
            ],
            [
              40.712,
              13.78
            ],
            [
              40.703,
              13.78
            ],
            [
              40.693,
              13.779
            ],
            [
              40.683,
              13.778
            ],
            [
              40.674,
              13.776
            ],
            [
              40.664,
              13.774
            ],
            [
              40.655,
              13.772
            ],
            [
              40.645,
              13.77
            ],
            [
              40.636,
              13.767
            ],
            [
              40.627,
              13.764
            ],
            [
              40.618,
              13.761
            ],
            [
              40.609,
              13.757
            ],
            [
              40.6,
              13.753
            ],
            [
              40.592,
              13.749
            ],
            [
              40.583,
              13.744
            ],
            [
              40.575,
              13.739
            ],
            [
              40.567,
              13.734
            ],
            [
              40.559,
              13.729
            ],
            [
              40.551,
              13.723
            ],
            [
              40.543,
              13.717
            ],
            [
              40.536,
              13.711
            ],
            [
              40.529,
              13.704
            ],
            [
              40.522,
              13.698
            ],
            [
              40.515,
              13.691
            ],
            [
              40.509,
              13.684
            ],
            [
              40.503,
              13.676
            ],
            [
              40.497,
              13.669
            ],
            [
              40.492,
              13.661
            ],
            [
              40.486,
              13.653
            ],
            [
              40.481,
              13.645
            ],
            [
              40.477,
              13.637
            ],
            [
              40.472,
              13.628
            ],
            [
              40.468,
              13.62
            ],
            [
              40.464,
              13.611
            ],
            [
              40.461,
              13.602
            ],
            [
              40.458,
              13.594
            ],
            [
              40.455,
              13.584
            ],
            [
              40.452,
              13.575
            ],
            [
              40.45,
              13.566
            ],
            [
              40.448,
              13.557
            ],
            [
              40.447,
              13.548
            ],
            [
              40.446,
              13.538
            ],
            [
              40.445,
              13.529
            ],
            [
              40.444,
              13.519
            ],
            [
              40.444,
              13.51
            ],
            [
              40.444,
              13.501
            ],
            [
              40.445,
              13.491
            ],
            [
              40.446,
              13.482
            ],
            [
              40.447,
              13.472
            ],
            [
              40.448,
              13.463
            ],
            [
              40.45,
              13.454
            ],
            [
              40.452,
              13.445
            ],
            [
              40.455,
              13.436
            ],
            [
              40.458,
              13.426
            ],
            [
              40.461,
              13.418
            ],
            [
              40.464,
              13.409
            ],
            [
              40.468,
              13.4
            ],
            [
              40.472,
              13.392
            ],
            [
              40.477,
              13.383
            ],
            [
              40.481,
              13.375
            ],
            [
              40.486,
              13.367
            ],
            [
              40.492,
              13.359
            ],
            [
              40.497,
              13.351
            ],
            [
              40.503,
              13.344
            ],
            [
              40.509,
              13.336
            ],
            [
              40.515,
              13.329
            ],
            [
              40.522,
              13.322
            ],
            [
              40.529,
              13.316
            ],
            [
              40.536,
              13.309
            ],
            [
              40.543,
              13.303
            ],
            [
              40.551,
              13.297
            ],
            [
              40.559,
              13.291
            ],
            [
              40.567,
              13.286
            ],
            [
              40.575,
              13.281
            ],
            [
              40.583,
              13.276
            ],
            [
              40.592,
              13.271
            ],
            [
              40.6,
              13.267
            ],
            [
              40.609,
              13.263
            ],
            [
              40.618,
              13.259
            ],
            [
              40.627,
              13.256
            ],
            [
              40.636,
              13.253
            ],
            [
              40.645,
              13.25
            ],
            [
              40.655,
              13.248
            ],
            [
              40.664,
              13.246
            ],
            [
              40.674,
              13.244
            ],
            [
              40.683,
              13.242
            ],
            [
              40.693,
              13.241
            ],
            [
              40.703,
              13.24
            ],
            [
              40.712,
              13.24
            ],
            [
              40.722,
              13.24
            ],
            [
              40.732,
              13.24
            ],
            [
              40.741,
              13.24
            ],
            [
              40.751,
              13.241
            ],
            [
              40.761,
              13.242
            ],
            [
              40.77,
              13.244
            ],
            [
              40.78,
              13.246
            ],
            [
              40.789,
              13.248
            ],
            [
              40.799,
              13.25
            ],
            [
              40.808,
              13.253
            ],
            [
              40.817,
              13.256
            ],
            [
              40.826,
              13.259
            ],
            [
              40.835,
              13.263
            ],
            [
              40.844,
              13.267
            ],
            [
              40.852,
              13.271
            ],
            [
              40.861,
              13.276
            ],
            [
              40.869,
              13.281
            ],
            [
              40.877,
              13.286
            ],
            [
              40.885,
              13.291
            ],
            [
              40.893,
              13.297
            ],
            [
              40.901,
              13.303
            ],
            [
              40.908,
              13.309
            ],
            [
              40.915,
              13.316
            ],
            [
              40.922,
              13.322
            ],
            [
              40.929,
              13.329
            ],
            [
              40.935,
              13.336
            ],
            [
              40.941,
              13.344
            ],
            [
              40.947,
              13.351
            ],
            [
              40.952,
              13.359
            ],
            [
              40.958,
              13.367
            ],
            [
              40.963,
              13.375
            ],
            [
              40.967,
              13.383
            ],
            [
              40.972,
              13.392
            ],
            [
              40.976,
              13.4
            ],
            [
              40.98,
              13.409
            ],
            [
              40.983,
              13.418
            ],
            [
              40.986,
              13.426
            ],
            [
              40.989,
              13.436
            ],
            [
              40.992,
              13.445
            ],
            [
              40.994,
              13.454
            ],
            [
              40.996,
              13.463
            ],
            [
              40.997,
              13.472
            ],
            [
              40.998,
              13.482
            ],
            [
              40.999,
              13.491
            ],
            [
              41.0,
              13.501
            ],
            [
              41.0,
              13.51
            ],
            [
              41.0,
              13.51
            ]
          ]
        ]
      },
      "properties": {
        "id": 47,
        "color": "green",
        "fillColor": "green",
        "strokeColor": "green",
        "strokeWidth": 2,
        "borderColor": "green",
        "boderWidth": 2
      }
    },
    {
      "type": "Feature",
      "geometry": {
        "type": "LineString",
        "coordinates": [
          [
            127.6,
            -14.5
          ],
          [
            127.3,
            -14.7
          ]
        ]
      },
      "properties": {
        "id": 48,
        "color": "green",
        "fillColor": "green",
        "strokeColor": "green",
        "strokeWidth": 2,
        "borderColor": "green",
        "boderWidth": 2
      }
    },
    {
      "type": "Feature",
      "geometry": {
        "type": "LineString",
        "coordinates": [
          [
            131.2,
            -9.9
          ],
          [
            131.8,
            -9.8
          ]
        ]
      },
      "properties": {
        "id": 49,
        "color": "green",
        "fillColor": "green",
        "strokeColor": "green",
        "strokeWidth": 2,
        "borderColor": "green",
        "boderWidth": 2
      }
    },
    {
      "type": "Feature",
      "geometry": {
        "type": "Polygon",
        "coordinates": [
          [
            [
              126.8,
              -15.8
            ],
            [
              126.8,
              -15.8
            ],
            [
              126.8,
              -15.8
            ],
            [
              126.8,
              -15.8
            ],
            [
              126.8,
              -15.8
            ],
            [
              126.8,
              -15.8
            ],
            [
              126.8,
              -15.8
            ],
            [
              126.8,
              -15.8
            ],
            [
              126.8,
              -15.8
            ],
            [
              126.8,
              -15.8
            ],
            [
              126.8,
              -15.8
            ],
            [
              126.8,
              -15.8
            ],
            [
              126.8,
              -15.8
            ],
            [
              126.8,
              -15.8
            ],
            [
              126.8,
              -15.8
            ],
            [
              126.8,
              -15.8
            ],
            [
              126.8,
              -15.8
            ],
            [
              126.8,
              -15.8
            ],
            [
              126.8,
              -15.8
            ],
            [
              126.8,
              -15.8
            ],
            [
              126.8,
              -15.8
            ],
            [
              126.8,
              -15.8
            ],
            [
              126.8,
              -15.8
            ],
            [
              126.8,
              -15.8
            ],
            [
              126.8,
              -15.8
            ],
            [
              126.8,
              -15.8
            ],
            [
              126.8,
              -15.8
            ],
            [
              126.8,
              -15.8
            ],
            [
              126.8,
              -15.8
            ],
            [
              126.8,
              -15.8
            ],
            [
              126.8,
              -15.8
            ],
            [
              126.8,
              -15.8
            ],
            [
              126.8,
              -15.8
            ],
            [
              126.8,
              -15.8
            ],
            [
              126.8,
              -15.8
            ],
            [
              126.8,
              -15.8
            ],
            [
              126.8,
              -15.8
            ],
            [
              126.8,
              -15.8
            ],
            [
              126.8,
              -15.8
            ],
            [
              126.8,
              -15.8
            ],
            [
              126.8,
              -15.8
            ],
            [
              126.8,
              -15.8
            ],
            [
              126.8,
              -15.8
            ],
            [
              126.8,
              -15.8
            ],
            [
              126.8,
              -15.8
            ],
            [
              126.8,
              -15.8
            ],
            [
              126.8,
              -15.8
            ],
            [
              126.8,
              -15.8
            ],
            [
              126.8,
              -15.8
            ],
            [
              126.8,
              -15.8
            ],
            [
              126.8,
              -15.8
            ],
            [
              126.8,
              -15.8
            ],
            [
              126.8,
              -15.8
            ],
            [
              126.8,
              -15.8
            ],
            [
              126.8,
              -15.8
            ],
            [
              126.8,
              -15.8
            ],
            [
              126.8,
              -15.8
            ],
            [
              126.8,
              -15.8
            ],
            [
              126.8,
              -15.8
            ],
            [
              126.8,
              -15.8
            ],
            [
              126.8,
              -15.8
            ],
            [
              126.8,
              -15.8
            ],
            [
              126.8,
              -15.8
            ],
            [
              126.8,
              -15.8
            ],
            [
              126.8,
              -15.8
            ],
            [
              126.8,
              -15.8
            ],
            [
              126.8,
              -15.8
            ],
            [
              126.8,
              -15.8
            ],
            [
              126.8,
              -15.8
            ],
            [
              126.8,
              -15.8
            ],
            [
              126.8,
              -15.8
            ],
            [
              126.8,
              -15.8
            ],
            [
              126.8,
              -15.8
            ],
            [
              126.8,
              -15.8
            ],
            [
              126.8,
              -15.8
            ],
            [
              126.8,
              -15.8
            ],
            [
              126.8,
              -15.8
            ],
            [
              126.8,
              -15.8
            ],
            [
              126.8,
              -15.8
            ],
            [
              126.8,
              -15.8
            ],
            [
              126.8,
              -15.8
            ],
            [
              126.8,
              -15.8
            ],
            [
              126.8,
              -15.8
            ],
            [
              126.8,
              -15.8
            ],
            [
              126.8,
              -15.8
            ],
            [
              126.8,
              -15.8
            ],
            [
              126.8,
              -15.8
            ],
            [
              126.8,
              -15.8
            ],
            [
              126.8,
              -15.8
            ],
            [
              126.8,
              -15.8
            ],
            [
              126.8,
              -15.8
            ],
            [
              126.8,
              -15.8
            ],
            [
              126.8,
              -15.8
            ],
            [
              126.8,
              -15.8
            ],
            [
              126.8,
              -15.8
            ],
            [
              126.8,
              -15.8
            ],
            [
              126.8,
              -15.8
            ],
            [
              126.8,
              -15.8
            ],
            [
              126.8,
              -15.8
            ],
            [
              126.8,
              -15.8
            ],
            [
              126.8,
              -15.8
            ],
            [
              126.8,
              -15.8
            ],
            [
              126.8,
              -15.8
            ],
            [
              126.8,
              -15.8
            ],
            [
              126.8,
              -15.8
            ],
            [
              126.8,
              -15.8
            ],
            [
              126.8,
              -15.8
            ],
            [
              126.8,
              -15.8
            ],
            [
              126.8,
              -15.8
            ],
            [
              126.8,
              -15.8
            ],
            [
              126.8,
              -15.8
            ],
            [
              126.8,
              -15.8
            ],
            [
              126.8,
              -15.8
            ],
            [
              126.8,
              -15.8
            ],
            [
              126.8,
              -15.8
            ],
            [
              126.8,
              -15.8
            ],
            [
              126.8,
              -15.8
            ],
            [
              126.8,
              -15.8
            ],
            [
              126.8,
              -15.8
            ],
            [
              126.8,
              -15.8
            ],
            [
              126.8,
              -15.8
            ],
            [
              126.8,
              -15.8
            ],
            [
              126.8,
              -15.8
            ],
            [
              126.8,
              -15.8
            ],
            [
              126.8,
              -15.8
            ],
            [
              126.8,
              -15.8
            ],
            [
              126.8,
              -15.8
            ],
            [
              126.8,
              -15.8
            ],
            [
              126.8,
              -15.8
            ],
            [
              126.8,
              -15.8
            ],
            [
              126.8,
              -15.8
            ],
            [
              126.8,
              -15.8
            ],
            [
              126.8,
              -15.8
            ],
            [
              126.8,
              -15.8
            ],
            [
              126.8,
              -15.8
            ],
            [
              126.8,
              -15.8
            ],
            [
              126.8,
              -15.8
            ],
            [
              126.8,
              -15.8
            ],
            [
              126.8,
              -15.8
            ],
            [
              126.8,
              -15.8
            ],
            [
              126.8,
              -15.8
            ],
            [
              126.8,
              -15.8
            ],
            [
              126.8,
              -15.8
            ],
            [
              126.8,
              -15.8
            ],
            [
              126.8,
              -15.8
            ],
            [
              126.8,
              -15.8
            ],
            [
              126.8,
              -15.8
            ],
            [
              126.8,
              -15.8
            ],
            [
              126.8,
              -15.8
            ],
            [
              126.8,
              -15.8
            ],
            [
              126.8,
              -15.8
            ],
            [
              126.8,
              -15.8
            ],
            [
              126.8,
              -15.8
            ],
            [
              126.8,
              -15.8
            ],
            [
              126.8,
              -15.8
            ],
            [
              126.8,
              -15.8
            ],
            [
              126.8,
              -15.8
            ],
            [
              126.8,
              -15.8
            ],
            [
              126.8,
              -15.8
            ],
            [
              126.8,
              -15.8
            ],
            [
              126.8,
              -15.8
            ],
            [
              126.8,
              -15.8
            ],
            [
              126.8,
              -15.8
            ],
            [
              126.8,
              -15.8
            ],
            [
              126.8,
              -15.8
            ],
            [
              126.8,
              -15.8
            ],
            [
              126.8,
              -15.8
            ],
            [
              126.8,
              -15.8
            ],
            [
              126.8,
              -15.8
            ],
            [
              126.8,
              -15.8
            ],
            [
              126.8,
              -15.8
            ],
            [
              126.8,
              -15.8
            ],
            [
              126.8,
              -15.8
            ],
            [
              126.8,
              -15.8
            ],
            [
              126.8,
              -15.8
            ],
            [
              126.8,
              -15.8
            ],
            [
              126.8,
              -15.8
            ],
            [
              126.8,
              -15.8
            ],
            [
              126.8,
              -15.8
            ],
            [
              126.8,
              -15.8
            ],
            [
              126.8,
              -15.8
            ],
            [
              126.8,
              -15.8
            ],
            [
              126.8,
              -15.8
            ],
            [
              126.8,
              -15.8
            ],
            [
              126.8,
              -15.8
            ],
            [
              126.8,
              -15.8
            ],
            [
              126.8,
              -15.8
            ],
            [
              126.8,
              -15.8
            ],
            [
              126.8,
              -15.8
            ],
            [
              126.8,
              -15.8
            ],
            [
              126.8,
              -15.8
            ],
            [
              126.8,
              -15.8
            ],
            [
              126.8,
              -15.8
            ],
            [
              126.8,
              -15.8
            ],
            [
              126.8,
              -15.8
            ],
            [
              126.8,
              -15.8
            ],
            [
              126.8,
              -15.8
            ],
            [
              126.8,
              -15.8
            ],
            [
              126.8,
              -15.8
            ],
            [
              126.8,
              -15.8
            ],
            [
              126.8,
              -15.8
            ],
            [
              126.8,
              -15.8
            ],
            [
              126.8,
              -15.8
            ],
            [
              126.8,
              -15.8
            ],
            [
              126.8,
              -15.8
            ],
            [
              126.8,
              -15.8
            ],
            [
              126.8,
              -15.8
            ],
            [
              126.8,
              -15.8
            ],
            [
              126.8,
              -15.8
            ],
            [
              126.8,
              -15.8
            ],
            [
              126.8,
              -15.8
            ],
            [
              126.8,
              -15.8
            ],
            [
              126.8,
              -15.8
            ],
            [
              126.8,
              -15.8
            ],
            [
              126.8,
              -15.8
            ],
            [
              126.8,
              -15.8
            ],
            [
              126.8,
              -15.8
            ],
            [
              126.8,
              -15.8
            ],
            [
              126.8,
              -15.8
            ],
            [
              126.8,
              -15.8
            ],
            [
              126.8,
              -15.8
            ],
            [
              126.8,
              -15.8
            ],
            [
              126.8,
              -15.8
            ],
            [
              126.8,
              -15.8
            ],
            [
              126.8,
              -15.8
            ],
            [
              126.8,
              -15.8
            ],
            [
              126.8,
              -15.8
            ],
            [
              126.8,
              -15.8
            ],
            [
              126.8,
              -15.8
            ],
            [
              126.8,
              -15.8
            ],
            [
              126.8,
              -15.8
            ],
            [
              126.8,
              -15.8
            ],
            [
              126.8,
              -15.8
            ],
            [
              126.8,
              -15.8
            ],
            [
              126.8,
              -15.8
            ],
            [
              126.8,
              -15.8
            ],
            [
              126.8,
              -15.8
            ],
            [
              126.8,
              -15.8
            ],
            [
              126.8,
              -15.8
            ],
            [
              126.8,
              -15.8
            ],
            [
              126.8,
              -15.8
            ],
            [
              126.8,
              -15.8
            ],
            [
              126.8,
              -15.8
            ],
            [
              126.8,
              -15.8
            ],
            [
              126.8,
              -15.8
            ],
            [
              126.8,
              -15.8
            ],
            [
              126.8,
              -15.8
            ],
            [
              126.8,
              -15.8
            ],
            [
              126.8,
              -15.8
            ],
            [
              126.8,
              -15.8
            ],
            [
              126.8,
              -15.8
            ],
            [
              126.8,
              -15.8
            ],
            [
              126.8,
              -15.8
            ],
            [
              126.8,
              -15.8
            ],
            [
              126.8,
              -15.8
            ],
            [
              126.8,
              -15.8
            ],
            [
              126.8,
              -15.8
            ],
            [
              126.8,
              -15.8
            ],
            [
              126.8,
              -15.8
            ],
            [
              126.8,
              -15.8
            ],
            [
              126.8,
              -15.8
            ],
            [
              126.8,
              -15.8
            ],
            [
              126.8,
              -15.8
            ],
            [
              126.8,
              -15.8
            ],
            [
              126.8,
              -15.8
            ],
            [
              126.8,
              -15.8
            ],
            [
              126.8,
              -15.8
            ],
            [
              126.8,
              -15.8
            ],
            [
              126.8,
              -15.8
            ],
            [
              126.8,
              -15.8
            ],
            [
              126.8,
              -15.8
            ],
            [
              126.8,
              -15.8
            ],
            [
              126.8,
              -15.8
            ],
            [
              126.8,
              -15.8
            ],
            [
              126.8,
              -15.8
            ],
            [
              126.8,
              -15.8
            ],
            [
              126.8,
              -15.8
            ],
            [
              126.8,
              -15.8
            ],
            [
              126.8,
              -15.8
            ],
            [
              126.8,
              -15.8
            ],
            [
              126.8,
              -15.8
            ],
            [
              126.8,
              -15.8
            ],
            [
              126.8,
              -15.8
            ],
            [
              126.8,
              -15.8
            ],
            [
              126.8,
              -15.8
            ],
            [
              126.8,
              -15.8
            ],
            [
              126.8,
              -15.8
            ],
            [
              126.8,
              -15.8
            ],
            [
              126.8,
              -15.8
            ],
            [
              126.8,
              -15.8
            ],
            [
              126.8,
              -15.8
            ],
            [
              126.8,
              -15.8
            ],
            [
              126.8,
              -15.8
            ],
            [
              126.8,
              -15.8
            ],
            [
              126.8,
              -15.8
            ],
            [
              126.8,
              -15.8
            ],
            [
              126.8,
              -15.8
            ],
            [
              126.8,
              -15.8
            ],
            [
              126.8,
              -15.8
            ],
            [
              126.8,
              -15.8
            ],
            [
              126.8,
              -15.8
            ],
            [
              126.8,
              -15.8
            ],
            [
              126.8,
              -15.8
            ],
            [
              126.8,
              -15.8
            ],
            [
              126.8,
              -15.8
            ],
            [
              126.8,
              -15.8
            ],
            [
              126.8,
              -15.8
            ],
            [
              126.8,
              -15.8
            ],
            [
              126.8,
              -15.8
            ],
            [
              126.8,
              -15.8
            ],
            [
              126.8,
              -15.8
            ],
            [
              126.8,
              -15.8
            ],
            [
              126.8,
              -15.8
            ],
            [
              126.8,
              -15.8
            ],
            [
              126.8,
              -15.8
            ],
            [
              126.8,
              -15.8
            ],
            [
              126.8,
              -15.8
            ],
            [
              126.8,
              -15.8
            ],
            [
              126.8,
              -15.8
            ],
            [
              126.8,
              -15.8
            ],
            [
              126.8,
              -15.8
            ],
            [
              126.8,
              -15.8
            ],
            [
              126.8,
              -15.8
            ],
            [
              126.8,
              -15.8
            ],
            [
              126.8,
              -15.8
            ],
            [
              126.8,
              -15.8
            ],
            [
              126.8,
              -15.8
            ],
            [
              126.8,
              -15.8
            ],
            [
              126.8,
              -15.8
            ],
            [
              126.8,
              -15.8
            ],
            [
              126.8,
              -15.8
            ],
            [
              126.8,
              -15.8
            ],
            [
              126.8,
              -15.8
            ],
            [
              126.8,
              -15.8
            ],
            [
              126.8,
              -15.8
            ],
            [
              126.8,
              -15.8
            ],
            [
              126.8,
              -15.8
            ],
            [
              126.8,
              -15.8
            ],
            [
              126.8,
              -15.8
            ],
            [
              126.8,
              -15.8
            ],
            [
              126.8,
              -15.8
            ],
            [
              126.8,
              -15.8
            ],
            [
              126.8,
              -15.8
            ],
            [
              126.8,
              -15.8
            ],
            [
              126.8,
              -15.8
            ],
            [
              126.8,
              -15.8
            ],
            [
              126.8,
              -15.8
            ],
            [
              126.8,
              -15.8
            ],
            [
              126.8,
              -15.8
            ],
            [
              126.8,
              -15.8
            ],
            [
              126.8,
              -15.8
            ],
            [
              126.8,
              -15.8
            ],
            [
              126.8,
              -15.8
            ],
            [
              126.8,
              -15.8
            ],
            [
              126.8,
              -15.8
            ],
            [
              126.8,
              -15.8
            ],
            [
              126.8,
              -15.8
            ],
            [
              126.8,
              -15.8
            ],
            [
              126.8,
              -15.8
            ],
            [
              126.8,
              -15.8
            ],
            [
              126.8,
              -15.8
            ],
            [
              126.8,
              -15.8
            ],
            [
              126.8,
              -15.8
            ],
            [
              126.8,
              -15.8
            ],
            [
              126.8,
              -15.8
            ]
          ]
        ]
      },
      "properties": {
        "id": 50,
        "color": "Green",
        "fillColor": "Green",
        "strokeColor": "green",
        "strokeWidth": 2,
        "borderColor": "green",
        "boderWidth": 2
      }
    },
    {
      "type": "Feature",
      "geometry": {
        "type": "Polygon",
        "coordinates": [
          [
            [
              132.6,
              -9.53
            ],
            [
              132.6015,
              -9.53
            ],
            [
              132.6029,
              -9.5299
            ],
            [
              132.6044,
              -9.5297
            ],
            [
              132.6059,
              -9.5294
            ],
            [
              132.6073,
              -9.5291
            ],
            [
              132.6087,
              -9.5287
            ],
            [
              132.6101,
              -9.5282
            ],
            [
              132.6115,
              -9.5277
            ],
            [
              132.6128,
              -9.5271
            ],
            [
              132.6141,
              -9.5265
            ],
            [
              132.6154,
              -9.5257
            ],
            [
              132.6167,
              -9.5249
            ],
            [
              132.6179,
              -9.5241
            ],
            [
              132.619,
              -9.5232
            ],
            [
              132.6201,
              -9.5222
            ],
            [
              132.6212,
              -9.5212
            ],
            [
              132.6222,
              -9.5201
            ],
            [
              132.6232,
              -9.519
            ],
            [
              132.6241,
              -9.5179
            ],
            [
              132.6249,
              -9.5167
            ],
            [
              132.6257,
              -9.5154
            ],
            [
              132.6265,
              -9.5141
            ],
            [
              132.6271,
              -9.5128
            ],
            [
              132.6277,
              -9.5115
            ],
            [
              132.6282,
              -9.5101
            ],
            [
              132.6287,
              -9.5087
            ],
            [
              132.6291,
              -9.5073
            ],
            [
              132.6294,
              -9.5059
            ],
            [
              132.6297,
              -9.5044
            ],
            [
              132.6299,
              -9.5029
            ],
            [
              132.63,
              -9.5015
            ],
            [
              132.63,
              -9.5
            ],
            [
              132.63,
              -9.4985
            ],
            [
              132.6299,
              -9.4971
            ],
            [
              132.6297,
              -9.4956
            ],
            [
              132.6294,
              -9.4941
            ],
            [
              132.6291,
              -9.4927
            ],
            [
              132.6287,
              -9.4913
            ],
            [
              132.6282,
              -9.4899
            ],
            [
              132.6277,
              -9.4885
            ],
            [
              132.6271,
              -9.4872
            ],
            [
              132.6265,
              -9.4859
            ],
            [
              132.6257,
              -9.4846
            ],
            [
              132.6249,
              -9.4833
            ],
            [
              132.6241,
              -9.4821
            ],
            [
              132.6232,
              -9.481
            ],
            [
              132.6222,
              -9.4799
            ],
            [
              132.6212,
              -9.4788
            ],
            [
              132.6201,
              -9.4778
            ],
            [
              132.619,
              -9.4768
            ],
            [
              132.6179,
              -9.4759
            ],
            [
              132.6167,
              -9.4751
            ],
            [
              132.6154,
              -9.4743
            ],
            [
              132.6141,
              -9.4735
            ],
            [
              132.6128,
              -9.4729
            ],
            [
              132.6115,
              -9.4723
            ],
            [
              132.6101,
              -9.4718
            ],
            [
              132.6087,
              -9.4713
            ],
            [
              132.6073,
              -9.4709
            ],
            [
              132.6059,
              -9.4706
            ],
            [
              132.6044,
              -9.4703
            ],
            [
              132.6029,
              -9.4701
            ],
            [
              132.6015,
              -9.47
            ],
            [
              132.6,
              -9.47
            ],
            [
              132.5985,
              -9.47
            ],
            [
              132.5971,
              -9.4701
            ],
            [
              132.5956,
              -9.4703
            ],
            [
              132.5941,
              -9.4706
            ],
            [
              132.5927,
              -9.4709
            ],
            [
              132.5913,
              -9.4713
            ],
            [
              132.5899,
              -9.4718
            ],
            [
              132.5885,
              -9.4723
            ],
            [
              132.5872,
              -9.4729
            ],
            [
              132.5859,
              -9.4735
            ],
            [
              132.5846,
              -9.4743
            ],
            [
              132.5833,
              -9.4751
            ],
            [
              132.5821,
              -9.4759
            ],
            [
              132.581,
              -9.4768
            ],
            [
              132.5799,
              -9.4778
            ],
            [
              132.5788,
              -9.4788
            ],
            [
              132.5778,
              -9.4799
            ],
            [
              132.5768,
              -9.481
            ],
            [
              132.5759,
              -9.4821
            ],
            [
              132.5751,
              -9.4833
            ],
            [
              132.5743,
              -9.4846
            ],
            [
              132.5735,
              -9.4859
            ],
            [
              132.5729,
              -9.4872
            ],
            [
              132.5723,
              -9.4885
            ],
            [
              132.5718,
              -9.4899
            ],
            [
              132.5713,
              -9.4913
            ],
            [
              132.5709,
              -9.4927
            ],
            [
              132.5706,
              -9.4941
            ],
            [
              132.5703,
              -9.4956
            ],
            [
              132.5701,
              -9.4971
            ],
            [
              132.57,
              -9.4985
            ],
            [
              132.57,
              -9.5
            ],
            [
              132.57,
              -9.5015
            ],
            [
              132.5701,
              -9.5029
            ],
            [
              132.5703,
              -9.5044
            ],
            [
              132.5706,
              -9.5059
            ],
            [
              132.5709,
              -9.5073
            ],
            [
              132.5713,
              -9.5087
            ],
            [
              132.5718,
              -9.5101
            ],
            [
              132.5723,
              -9.5115
            ],
            [
              132.5729,
              -9.5128
            ],
            [
              132.5735,
              -9.5141
            ],
            [
              132.5743,
              -9.5154
            ],
            [
              132.5751,
              -9.5167
            ],
            [
              132.5759,
              -9.5179
            ],
            [
              132.5768,
              -9.519
            ],
            [
              132.5778,
              -9.5201
            ],
            [
              132.5788,
              -9.5212
            ],
            [
              132.5799,
              -9.5222
            ],
            [
              132.581,
              -9.5232
            ],
            [
              132.5821,
              -9.5241
            ],
            [
              132.5833,
              -9.5249
            ],
            [
              132.5846,
              -9.5257
            ],
            [
              132.5859,
              -9.5265
            ],
            [
              132.5872,
              -9.5271
            ],
            [
              132.5885,
              -9.5277
            ],
            [
              132.5899,
              -9.5282
            ],
            [
              132.5913,
              -9.5287
            ],
            [
              132.5927,
              -9.5291
            ],
            [
              132.5941,
              -9.5294
            ],
            [
              132.5956,
              -9.5297
            ],
            [
              132.5971,
              -9.5299
            ],
            [
              132.5985,
              -9.53
            ],
            [
              132.6,
              -9.53
            ]
          ]
        ]
      },
      "properties": {
        "id": 51,
        "color": "green",
        "fillColor": "green",
        "strokeColor": "green",
        "strokeWidth": 2,
        "borderColor": "green",
        "boderWidth": 2
      }
    },
    {
      "type": "Feature",
      "geometry": {
        "type": "LineString",
        "coordinates": [
          [
            131.0,
            -11.9
          ],
          [
            130.6,
            -12.1
          ]
        ]
      },
      "properties": {
        "id": 52,
        "color": "green",
        "fillColor": "green",
        "strokeColor": "green",
        "strokeWidth": 2,
        "borderColor": "green",
        "boderWidth": 2
      }
    },
    {
      "type": "Feature",
      "geometry": {
        "type": "LineString",
        "coordinates": [
          [
            129.3,
            -13.2
          ],
          [
            128.9,
            -13.6
          ]
        ]
      },
      "properties": {
        "id": 53,
        "color": "green",
        "fillColor": "green",
        "strokeColor": "green",
        "strokeWidth": 2,
        "borderColor": "green",
        "boderWidth": 2
      }
    },
    {
      "type": "Feature",
      "geometry": {
        "type": "Polygon",
        "coordinates": [
          [
            [
              127.3,
              -14.7
            ],
            [
              127.3,
              -14.7
            ],
            [
              127.3,
              -14.7
            ],
            [
              127.3,
              -14.7
            ],
            [
              127.3,
              -14.7
            ],
            [
              127.3,
              -14.7
            ],
            [
              127.3,
              -14.7
            ],
            [
              127.3,
              -14.7
            ],
            [
              127.3,
              -14.7
            ],
            [
              127.3,
              -14.7
            ],
            [
              127.3,
              -14.7
            ],
            [
              127.3,
              -14.7
            ],
            [
              127.3,
              -14.7
            ],
            [
              127.3,
              -14.7
            ],
            [
              127.3,
              -14.7
            ],
            [
              127.3,
              -14.7
            ],
            [
              127.3,
              -14.7
            ],
            [
              127.3,
              -14.7
            ],
            [
              127.3,
              -14.7
            ],
            [
              127.3,
              -14.7
            ],
            [
              127.3,
              -14.7
            ],
            [
              127.3,
              -14.7
            ],
            [
              127.3,
              -14.7
            ],
            [
              127.3,
              -14.7
            ],
            [
              127.3,
              -14.7
            ],
            [
              127.3,
              -14.7
            ],
            [
              127.3,
              -14.7
            ],
            [
              127.3,
              -14.7
            ],
            [
              127.3,
              -14.7
            ],
            [
              127.3,
              -14.7
            ],
            [
              127.3,
              -14.7
            ],
            [
              127.3,
              -14.7
            ],
            [
              127.3,
              -14.7
            ],
            [
              127.3,
              -14.7
            ],
            [
              127.3,
              -14.7
            ],
            [
              127.3,
              -14.7
            ],
            [
              127.3,
              -14.7
            ],
            [
              127.3,
              -14.7
            ],
            [
              127.3,
              -14.7
            ],
            [
              127.3,
              -14.7
            ],
            [
              127.3,
              -14.7
            ],
            [
              127.3,
              -14.7
            ],
            [
              127.3,
              -14.7
            ],
            [
              127.3,
              -14.7
            ],
            [
              127.3,
              -14.7
            ],
            [
              127.3,
              -14.7
            ],
            [
              127.3,
              -14.7
            ],
            [
              127.3,
              -14.7
            ],
            [
              127.3,
              -14.7
            ],
            [
              127.3,
              -14.7
            ],
            [
              127.3,
              -14.7
            ],
            [
              127.3,
              -14.7
            ],
            [
              127.3,
              -14.7
            ],
            [
              127.3,
              -14.7
            ],
            [
              127.3,
              -14.7
            ],
            [
              127.3,
              -14.7
            ],
            [
              127.3,
              -14.7
            ],
            [
              127.3,
              -14.7
            ],
            [
              127.3,
              -14.7
            ],
            [
              127.3,
              -14.7
            ],
            [
              127.3,
              -14.7
            ],
            [
              127.3,
              -14.7
            ],
            [
              127.3,
              -14.7
            ],
            [
              127.3,
              -14.7
            ],
            [
              127.3,
              -14.7
            ],
            [
              127.3,
              -14.7
            ],
            [
              127.3,
              -14.7
            ],
            [
              127.3,
              -14.7
            ],
            [
              127.3,
              -14.7
            ],
            [
              127.3,
              -14.7
            ],
            [
              127.3,
              -14.7
            ],
            [
              127.3,
              -14.7
            ],
            [
              127.3,
              -14.7
            ],
            [
              127.3,
              -14.7
            ],
            [
              127.3,
              -14.7
            ],
            [
              127.3,
              -14.7
            ],
            [
              127.3,
              -14.7
            ],
            [
              127.3,
              -14.7
            ],
            [
              127.3,
              -14.7
            ],
            [
              127.3,
              -14.7
            ],
            [
              127.3,
              -14.7
            ],
            [
              127.3,
              -14.7
            ],
            [
              127.3,
              -14.7
            ],
            [
              127.3,
              -14.7
            ],
            [
              127.3,
              -14.7
            ],
            [
              127.3,
              -14.7
            ],
            [
              127.3,
              -14.7
            ],
            [
              127.3,
              -14.7
            ],
            [
              127.3,
              -14.7
            ],
            [
              127.3,
              -14.7
            ],
            [
              127.3,
              -14.7
            ],
            [
              127.3,
              -14.7
            ],
            [
              127.3,
              -14.7
            ],
            [
              127.3,
              -14.7
            ],
            [
              127.3,
              -14.7
            ],
            [
              127.3,
              -14.7
            ],
            [
              127.3,
              -14.7
            ],
            [
              127.3,
              -14.7
            ],
            [
              127.3,
              -14.7
            ],
            [
              127.3,
              -14.7
            ],
            [
              127.3,
              -14.7
            ],
            [
              127.3,
              -14.7
            ],
            [
              127.3,
              -14.7
            ],
            [
              127.3,
              -14.7
            ],
            [
              127.3,
              -14.7
            ],
            [
              127.3,
              -14.7
            ],
            [
              127.3,
              -14.7
            ],
            [
              127.3,
              -14.7
            ],
            [
              127.3,
              -14.7
            ],
            [
              127.3,
              -14.7
            ],
            [
              127.3,
              -14.7
            ],
            [
              127.3,
              -14.7
            ],
            [
              127.3,
              -14.7
            ],
            [
              127.3,
              -14.7
            ],
            [
              127.3,
              -14.7
            ],
            [
              127.3,
              -14.7
            ],
            [
              127.3,
              -14.7
            ],
            [
              127.3,
              -14.7
            ],
            [
              127.3,
              -14.7
            ],
            [
              127.3,
              -14.7
            ],
            [
              127.3,
              -14.7
            ],
            [
              127.3,
              -14.7
            ],
            [
              127.3,
              -14.7
            ],
            [
              127.3,
              -14.7
            ],
            [
              127.3,
              -14.7
            ],
            [
              127.3,
              -14.7
            ],
            [
              127.3,
              -14.7
            ],
            [
              127.3,
              -14.7
            ],
            [
              127.3,
              -14.7
            ],
            [
              127.3,
              -14.7
            ],
            [
              127.3,
              -14.7
            ],
            [
              127.3,
              -14.7
            ],
            [
              127.3,
              -14.7
            ],
            [
              127.3,
              -14.7
            ],
            [
              127.3,
              -14.7
            ],
            [
              127.3,
              -14.7
            ],
            [
              127.3,
              -14.7
            ],
            [
              127.3,
              -14.7
            ],
            [
              127.3,
              -14.7
            ],
            [
              127.3,
              -14.7
            ],
            [
              127.3,
              -14.7
            ],
            [
              127.3,
              -14.7
            ],
            [
              127.3,
              -14.7
            ],
            [
              127.3,
              -14.7
            ],
            [
              127.3,
              -14.7
            ],
            [
              127.3,
              -14.7
            ],
            [
              127.3,
              -14.7
            ],
            [
              127.3,
              -14.7
            ],
            [
              127.3,
              -14.7
            ],
            [
              127.3,
              -14.7
            ],
            [
              127.3,
              -14.7
            ],
            [
              127.3,
              -14.7
            ],
            [
              127.3,
              -14.7
            ],
            [
              127.3,
              -14.7
            ],
            [
              127.3,
              -14.7
            ],
            [
              127.3,
              -14.7
            ],
            [
              127.3,
              -14.7
            ],
            [
              127.3,
              -14.7
            ],
            [
              127.3,
              -14.7
            ],
            [
              127.3,
              -14.7
            ],
            [
              127.3,
              -14.7
            ],
            [
              127.3,
              -14.7
            ],
            [
              127.3,
              -14.7
            ],
            [
              127.3,
              -14.7
            ],
            [
              127.3,
              -14.7
            ],
            [
              127.3,
              -14.7
            ],
            [
              127.3,
              -14.7
            ],
            [
              127.3,
              -14.7
            ],
            [
              127.3,
              -14.7
            ],
            [
              127.3,
              -14.7
            ],
            [
              127.3,
              -14.7
            ],
            [
              127.3,
              -14.7
            ],
            [
              127.3,
              -14.7
            ],
            [
              127.3,
              -14.7
            ],
            [
              127.3,
              -14.7
            ],
            [
              127.3,
              -14.7
            ],
            [
              127.3,
              -14.7
            ],
            [
              127.3,
              -14.7
            ],
            [
              127.3,
              -14.7
            ],
            [
              127.3,
              -14.7
            ],
            [
              127.3,
              -14.7
            ],
            [
              127.3,
              -14.7
            ],
            [
              127.3,
              -14.7
            ],
            [
              127.3,
              -14.7
            ],
            [
              127.3,
              -14.7
            ],
            [
              127.3,
              -14.7
            ],
            [
              127.3,
              -14.7
            ],
            [
              127.3,
              -14.7
            ],
            [
              127.3,
              -14.7
            ],
            [
              127.3,
              -14.7
            ],
            [
              127.3,
              -14.7
            ],
            [
              127.3,
              -14.7
            ],
            [
              127.3,
              -14.7
            ],
            [
              127.3,
              -14.7
            ],
            [
              127.3,
              -14.7
            ],
            [
              127.3,
              -14.7
            ],
            [
              127.3,
              -14.7
            ],
            [
              127.3,
              -14.7
            ],
            [
              127.3,
              -14.7
            ],
            [
              127.3,
              -14.7
            ],
            [
              127.3,
              -14.7
            ],
            [
              127.3,
              -14.7
            ],
            [
              127.3,
              -14.7
            ],
            [
              127.3,
              -14.7
            ],
            [
              127.3,
              -14.7
            ],
            [
              127.3,
              -14.7
            ],
            [
              127.3,
              -14.7
            ],
            [
              127.3,
              -14.7
            ],
            [
              127.3,
              -14.7
            ],
            [
              127.3,
              -14.7
            ],
            [
              127.3,
              -14.7
            ],
            [
              127.3,
              -14.7
            ],
            [
              127.3,
              -14.7
            ],
            [
              127.3,
              -14.7
            ],
            [
              127.3,
              -14.7
            ],
            [
              127.3,
              -14.7
            ],
            [
              127.3,
              -14.7
            ],
            [
              127.3,
              -14.7
            ],
            [
              127.3,
              -14.7
            ],
            [
              127.3,
              -14.7
            ],
            [
              127.3,
              -14.7
            ],
            [
              127.3,
              -14.7
            ],
            [
              127.3,
              -14.7
            ],
            [
              127.3,
              -14.7
            ],
            [
              127.3,
              -14.7
            ],
            [
              127.3,
              -14.7
            ],
            [
              127.3,
              -14.7
            ],
            [
              127.3,
              -14.7
            ],
            [
              127.3,
              -14.7
            ],
            [
              127.3,
              -14.7
            ],
            [
              127.3,
              -14.7
            ],
            [
              127.3,
              -14.7
            ],
            [
              127.3,
              -14.7
            ],
            [
              127.3,
              -14.7
            ],
            [
              127.3,
              -14.7
            ],
            [
              127.3,
              -14.7
            ],
            [
              127.3,
              -14.7
            ],
            [
              127.3,
              -14.7
            ],
            [
              127.3,
              -14.7
            ],
            [
              127.3,
              -14.7
            ],
            [
              127.3,
              -14.7
            ],
            [
              127.3,
              -14.7
            ],
            [
              127.3,
              -14.7
            ],
            [
              127.3,
              -14.7
            ],
            [
              127.3,
              -14.7
            ],
            [
              127.3,
              -14.7
            ],
            [
              127.3,
              -14.7
            ],
            [
              127.3,
              -14.7
            ],
            [
              127.3,
              -14.7
            ],
            [
              127.3,
              -14.7
            ],
            [
              127.3,
              -14.7
            ],
            [
              127.3,
              -14.7
            ],
            [
              127.3,
              -14.7
            ],
            [
              127.3,
              -14.7
            ],
            [
              127.3,
              -14.7
            ],
            [
              127.3,
              -14.7
            ],
            [
              127.3,
              -14.7
            ],
            [
              127.3,
              -14.7
            ],
            [
              127.3,
              -14.7
            ],
            [
              127.3,
              -14.7
            ],
            [
              127.3,
              -14.7
            ],
            [
              127.3,
              -14.7
            ],
            [
              127.3,
              -14.7
            ],
            [
              127.3,
              -14.7
            ],
            [
              127.3,
              -14.7
            ],
            [
              127.3,
              -14.7
            ],
            [
              127.3,
              -14.7
            ],
            [
              127.3,
              -14.7
            ],
            [
              127.3,
              -14.7
            ],
            [
              127.3,
              -14.7
            ],
            [
              127.3,
              -14.7
            ],
            [
              127.3,
              -14.7
            ],
            [
              127.3,
              -14.7
            ],
            [
              127.3,
              -14.7
            ],
            [
              127.3,
              -14.7
            ],
            [
              127.3,
              -14.7
            ],
            [
              127.3,
              -14.7
            ],
            [
              127.3,
              -14.7
            ],
            [
              127.3,
              -14.7
            ],
            [
              127.3,
              -14.7
            ],
            [
              127.3,
              -14.7
            ],
            [
              127.3,
              -14.7
            ],
            [
              127.3,
              -14.7
            ],
            [
              127.3,
              -14.7
            ],
            [
              127.3,
              -14.7
            ],
            [
              127.3,
              -14.7
            ],
            [
              127.3,
              -14.7
            ],
            [
              127.3,
              -14.7
            ],
            [
              127.3,
              -14.7
            ],
            [
              127.3,
              -14.7
            ],
            [
              127.3,
              -14.7
            ],
            [
              127.3,
              -14.7
            ],
            [
              127.3,
              -14.7
            ],
            [
              127.3,
              -14.7
            ],
            [
              127.3,
              -14.7
            ],
            [
              127.3,
              -14.7
            ],
            [
              127.3,
              -14.7
            ],
            [
              127.3,
              -14.7
            ],
            [
              127.3,
              -14.7
            ],
            [
              127.3,
              -14.7
            ],
            [
              127.3,
              -14.7
            ],
            [
              127.3,
              -14.7
            ],
            [
              127.3,
              -14.7
            ],
            [
              127.3,
              -14.7
            ],
            [
              127.3,
              -14.7
            ],
            [
              127.3,
              -14.7
            ],
            [
              127.3,
              -14.7
            ],
            [
              127.3,
              -14.7
            ],
            [
              127.3,
              -14.7
            ],
            [
              127.3,
              -14.7
            ],
            [
              127.3,
              -14.7
            ],
            [
              127.3,
              -14.7
            ],
            [
              127.3,
              -14.7
            ],
            [
              127.3,
              -14.7
            ],
            [
              127.3,
              -14.7
            ],
            [
              127.3,
              -14.7
            ],
            [
              127.3,
              -14.7
            ],
            [
              127.3,
              -14.7
            ],
            [
              127.3,
              -14.7
            ],
            [
              127.3,
              -14.7
            ],
            [
              127.3,
              -14.7
            ],
            [
              127.3,
              -14.7
            ],
            [
              127.3,
              -14.7
            ],
            [
              127.3,
              -14.7
            ],
            [
              127.3,
              -14.7
            ],
            [
              127.3,
              -14.7
            ],
            [
              127.3,
              -14.7
            ],
            [
              127.3,
              -14.7
            ],
            [
              127.3,
              -14.7
            ],
            [
              127.3,
              -14.7
            ],
            [
              127.3,
              -14.7
            ],
            [
              127.3,
              -14.7
            ],
            [
              127.3,
              -14.7
            ],
            [
              127.3,
              -14.7
            ],
            [
              127.3,
              -14.7
            ],
            [
              127.3,
              -14.7
            ],
            [
              127.3,
              -14.7
            ],
            [
              127.3,
              -14.7
            ],
            [
              127.3,
              -14.7
            ],
            [
              127.3,
              -14.7
            ],
            [
              127.3,
              -14.7
            ],
            [
              127.3,
              -14.7
            ],
            [
              127.3,
              -14.7
            ],
            [
              127.3,
              -14.7
            ],
            [
              127.3,
              -14.7
            ],
            [
              127.3,
              -14.7
            ],
            [
              127.3,
              -14.7
            ],
            [
              127.3,
              -14.7
            ],
            [
              127.3,
              -14.7
            ],
            [
              127.3,
              -14.7
            ],
            [
              127.3,
              -14.7
            ],
            [
              127.3,
              -14.7
            ],
            [
              127.3,
              -14.7
            ],
            [
              127.3,
              -14.7
            ],
            [
              127.3,
              -14.7
            ],
            [
              127.3,
              -14.7
            ],
            [
              127.3,
              -14.7
            ],
            [
              127.3,
              -14.7
            ],
            [
              127.3,
              -14.7
            ],
            [
              127.3,
              -14.7
            ],
            [
              127.3,
              -14.7
            ],
            [
              127.3,
              -14.7
            ],
            [
              127.3,
              -14.7
            ],
            [
              127.3,
              -14.7
            ],
            [
              127.3,
              -14.7
            ]
          ]
        ]
      },
      "properties": {
        "id": 54,
        "color": "Red",
        "fillColor": "Red",
        "strokeColor": "green",
        "strokeWidth": 2,
        "borderColor": "green",
        "boderWidth": 2
      }
    },
    {
      "type": "Feature",
      "geometry": {
        "type": "Polygon",
        "coordinates": [
          [
            [
              126.8,
              -16.175
            ],
            [
              126.8136,
              -16.1748
            ],
            [
              126.8272,
              -16.1741
            ],
            [
              126.8407,
              -16.1729
            ],
            [
              126.8542,
              -16.1714
            ],
            [
              126.8677,
              -16.1693
            ],
            [
              126.881,
              -16.1668
            ],
            [
              126.8943,
              -16.1639
            ],
            [
              126.9074,
              -16.1605
            ],
            [
              126.9204,
              -16.1566
            ],
            [
              126.9333,
              -16.1524
            ],
            [
              126.946,
              -16.1477
            ],
            [
              126.9585,
              -16.1426
            ],
            [
              126.9708,
              -16.137
            ],
            [
              126.983,
              -16.1311
            ],
            [
              126.9949,
              -16.1248
            ],
            [
              127.0065,
              -16.118
            ],
            [
              127.0179,
              -16.1109
            ],
            [
              127.0291,
              -16.1034
            ],
            [
              127.0399,
              -16.0955
            ],
            [
              127.0505,
              -16.0873
            ],
            [
              127.0608,
              -16.0787
            ],
            [
              127.0707,
              -16.0698
            ],
            [
              127.0803,
              -16.0605
            ],
            [
              127.0896,
              -16.0509
            ],
            [
              127.0985,
              -16.041
            ],
            [
              127.1071,
              -16.0309
            ],
            [
              127.1153,
              -16.0204
            ],
            [
              127.1231,
              -16.0097
            ],
            [
              127.1305,
              -15.9987
            ],
            [
              127.1375,
              -15.9875
            ],
            [
              127.1441,
              -15.9761
            ],
            [
              127.1503,
              -15.9644
            ],
            [
              127.156,
              -15.9525
            ],
            [
              127.1613,
              -15.9405
            ],
            [
              127.1662,
              -15.9283
            ],
            [
              127.3166,
              -15.5485
            ],
            [
              127.4307,
              -15.4874
            ],
            [
              127.4561,
              -15.4913
            ],
            [
              127.4919,
              -15.4955
            ],
            [
              127.5279,
              -15.4986
            ],
            [
              127.5639,
              -15.5004
            ],
            [
              127.6,
              -15.501
            ],
            [
              127.6361,
              -15.5004
            ],
            [
              127.6721,
              -15.4986
            ],
            [
              127.7081,
              -15.4955
            ],
            [
              127.7439,
              -15.4913
            ],
            [
              127.7795,
              -15.4858
            ],
            [
              127.815,
              -15.4791
            ],
            [
              127.8501,
              -15.4713
            ],
            [
              127.885,
              -15.4622
            ],
            [
              127.9195,
              -15.452
            ],
            [
              127.9536,
              -15.4406
            ],
            [
              127.9873,
              -15.4281
            ],
            [
              128.0205,
              -15.4145
            ],
            [
              128.0532,
              -15.3997
            ],
            [
              128.0854,
              -15.3838
            ],
            [
              128.485,
              -15.1838
            ],
            [
              128.5165,
              -15.1669
            ],
            [
              128.5474,
              -15.1489
            ],
            [
              128.5777,
              -15.1299
            ],
            [
              128.6072,
              -15.1098
            ],
            [
              128.636,
              -15.0888
            ],
            [
              128.664,
              -15.0668
            ],
            [
              128.6912,
              -15.0439
            ],
            [
              128.7176,
              -15.0201
            ],
            [
              128.7431,
              -14.9954
            ],
            [
              128.8705,
              -14.8675
            ],
            [
              129.0356,
              -14.7573
            ],
            [
              129.4236,
              -14.5571
            ],
            [
              129.4576,
              -14.5388
            ],
            [
              129.491,
              -14.5193
            ],
            [
              129.5237,
              -14.4987
            ],
            [
              129.5555,
              -14.477
            ],
            [
              129.5866,
              -14.4542
            ],
            [
              129.6169,
              -14.4304
            ],
            [
              129.6463,
              -14.4056
            ],
            [
              129.6747,
              -14.3798
            ],
            [
              129.7023,
              -14.353
            ],
            [
              130.0413,
              -14.0128
            ],
            [
              130.4368,
              -13.7196
            ],
            [
              130.4692,
              -13.694
            ],
            [
              130.5008,
              -13.6673
            ],
            [
              130.5313,
              -13.6395
            ],
            [
              130.5609,
              -13.6107
            ],
            [
              130.5894,
              -13.5809
            ],
            [
              130.6168,
              -13.5501
            ],
            [
              130.643,
              -13.5185
            ],
            [
              130.6682,
              -13.4859
            ],
            [
              130.6921,
              -13.4526
            ],
            [
              130.7149,
              -13.4184
            ],
            [
              130.7364,
              -13.3835
            ],
            [
              130.7567,
              -13.3479
            ],
            [
              130.7756,
              -13.3116
            ],
            [
              130.7933,
              -13.2747
            ],
            [
              130.8096,
              -13.2372
            ],
            [
              130.8246,
              -13.1991
            ],
            [
              130.8337,
              -13.1732
            ],
            [
              130.9792,
              -13.1186
            ],
            [
              131.0153,
              -13.1051
            ],
            [
              131.0509,
              -13.0903
            ],
            [
              131.086,
              -13.0743
            ],
            [
              131.1205,
              -13.0571
            ],
            [
              131.3937,
              -12.9204
            ],
            [
              131.6679,
              -12.8518
            ],
            [
              132.0678,
              -12.7518
            ],
            [
              132.1051,
              -12.742
            ],
            [
              132.1421,
              -12.7309
            ],
            [
              132.1786,
              -12.7186
            ],
            [
              132.2147,
              -12.7051
            ],
            [
              132.2503,
              -12.6903
            ],
            [
              132.2853,
              -12.6743
            ],
            [
              132.3197,
              -12.6571
            ],
            [
              132.3535,
              -12.6388
            ],
            [
              132.3866,
              -12.6193
            ],
            [
              132.419,
              -12.5987
            ],
            [
              132.4507,
              -12.577
            ],
            [
              132.4815,
              -12.5542
            ],
            [
              132.5116,
              -12.5304
            ],
            [
              132.5407,
              -12.5056
            ],
            [
              132.569,
              -12.4798
            ],
            [
              132.5963,
              -12.453
            ],
            [
              132.6227,
              -12.4253
            ],
            [
              132.648,
              -12.3968
            ],
            [
              132.6723,
              -12.3674
            ],
            [
              132.6956,
              -12.3372
            ],
            [
              132.7177,
              -12.3062
            ],
            [
              132.7388,
              -12.2744
            ],
            [
              132.7587,
              -12.242
            ],
            [
              132.7774,
              -12.2089
            ],
            [
              132.795,
              -12.1752
            ],
            [
              133.105,
              -11.5622
            ],
            [
              133.124,
              -11.5606
            ],
            [
              133.1651,
              -11.5556
            ],
            [
              133.206,
              -11.5493
            ],
            [
              133.2467,
              -11.5415
            ],
            [
              133.287,
              -11.5323
            ],
            [
              133.327,
              -11.5218
            ],
            [
              133.3666,
              -11.5099
            ],
            [
              133.4058,
              -11.4966
            ],
            [
              133.4445,
              -11.482
            ],
            [
              133.4826,
              -11.4661
            ],
            [
              133.5201,
              -11.4489
            ],
            [
              133.557,
              -11.4304
            ],
            [
              133.5932,
              -11.4107
            ],
            [
              133.6287,
              -11.3897
            ],
            [
              133.6635,
              -11.3675
            ],
            [
              133.6974,
              -11.3441
            ],
            [
              133.7305,
              -11.3196
            ],
            [
              133.7627,
              -11.294
            ],
            [
              133.7939,
              -11.2673
            ],
            [
              133.8242,
              -11.2395
            ],
            [
              133.8412,
              -11.2227
            ],
            [
              133.851,
              -11.2187
            ],
            [
              133.8938,
              -11.199
            ],
            [
              133.9359,
              -11.1779
            ],
            [
              133.9773,
              -11.1553
            ],
            [
              134.0178,
              -11.1313
            ],
            [
              134.0575,
              -11.1059
            ],
            [
              134.0962,
              -11.0792
            ],
            [
              134.134,
              -11.0512
            ],
            [
              134.1707,
              -11.0219
            ],
            [
              134.2064,
              -10.9914
            ],
            [
              134.241,
              -10.9596
            ],
            [
              134.2744,
              -10.9267
            ],
            [
              134.3066,
              -10.8926
            ],
            [
              134.3377,
              -10.8575
            ],
            [
              134.3674,
              -10.8213
            ],
            [
              134.3959,
              -10.7841
            ],
            [
              134.423,
              -10.746
            ],
            [
              134.4487,
              -10.7069
            ],
            [
              134.4731,
              -10.667
            ],
            [
              134.496,
              -10.6263
            ],
            [
              134.5175,
              -10.5848
            ],
            [
              134.5375,
              -10.5426
            ],
            [
              134.5559,
              -10.4997
            ],
            [
              134.5729,
              -10.4563
            ],
            [
              134.5883,
              -10.4122
            ],
            [
              134.6021,
              -10.3677
            ],
            [
              134.6143,
              -10.3227
            ],
            [
              134.625,
              -10.2774
            ],
            [
              134.634,
              -10.2316
            ],
            [
              134.6414,
              -10.1857
            ],
            [
              134.6472,
              -10.1394
            ],
            [
              134.6513,
              -10.0931
            ],
            [
              134.6538,
              -10.0466
            ],
            [
              134.6546,
              -10.0
            ],
            [
              134.6538,
              -9.9534
            ],
            [
              134.6513,
              -9.9069
            ],
            [
              134.6355,
              -9.7011
            ],
            [
              134.6311,
              -9.6518
            ],
            [
              134.625,
              -9.6027
            ],
            [
              134.6171,
              -9.5538
            ],
            [
              134.6076,
              -9.5052
            ],
            [
              134.5963,
              -9.457
            ],
            [
              134.5833,
              -9.4091
            ],
            [
              134.5686,
              -9.3618
            ],
            [
              134.5522,
              -9.315
            ],
            [
              134.5342,
              -9.2688
            ],
            [
              134.5146,
              -9.2232
            ],
            [
              134.4934,
              -9.1784
            ],
            [
              134.4706,
              -9.1343
            ],
            [
              134.4462,
              -9.091
            ],
            [
              134.4203,
              -9.0486
            ],
            [
              134.393,
              -9.0071
            ],
            [
              134.3642,
              -8.9665
            ],
            [
              134.3339,
              -8.927
            ],
            [
              134.3023,
              -8.8885
            ],
            [
              134.2694,
              -8.8512
            ],
            [
              134.2351,
              -8.815
            ],
            [
              134.1996,
              -8.78
            ],
            [
              134.1629,
              -8.7462
            ],
            [
              134.125,
              -8.7137
            ],
            [
              134.0859,
              -8.6826
            ],
            [
              134.0458,
              -8.6528
            ],
            [
              134.0047,
              -8.6244
            ],
            [
              133.9626,
              -8.5975
            ],
            [
              133.9195,
              -8.572
            ],
            [
              133.8756,
              -8.548
            ],
            [
              133.5955,
              -8.3954
            ],
            [
              133.556,
              -8.3756
            ],
            [
              133.5159,
              -8.3572
            ],
            [
              133.4751,
              -8.3401
            ],
            [
              133.4338,
              -8.3244
            ],
            [
              133.392,
              -8.3102
            ],
            [
              133.3496,
              -8.2975
            ],
            [
              133.3069,
              -8.2862
            ],
            [
              133.2637,
              -8.2763
            ],
            [
              133.2203,
              -8.268
            ],
            [
              133.1765,
              -8.2612
            ],
            [
              133.1326,
              -8.2559
            ],
            [
              133.0885,
              -8.252
            ],
            [
              133.0443,
              -8.2498
            ],
            [
              133.0,
              -8.249
            ],
            [
              132.9557,
              -8.2498
            ],
            [
              132.9115,
              -8.252
            ],
            [
              132.8674,
              -8.2559
            ],
            [
              132.8235,
              -8.2612
            ],
            [
              132.7797,
              -8.268
            ],
            [
              132.7363,
              -8.2763
            ],
            [
              132.6931,
              -8.2862
            ],
            [
              132.6504,
              -8.2975
            ],
            [
              132.608,
              -8.3102
            ],
            [
              132.5662,
              -8.3244
            ],
            [
              132.5249,
              -8.3401
            ],
            [
              132.4841,
              -8.3572
            ],
            [
              132.444,
              -8.3756
            ],
            [
              132.4045,
              -8.3954
            ],
            [
              132.3658,
              -8.4166
            ],
            [
              132.3279,
              -8.4391
            ],
            [
              132.2907,
              -8.4629
            ],
            [
              132.2545,
              -8.4879
            ],
            [
              132.2191,
              -8.5142
            ],
            [
              132.1847,
              -8.5417
            ],
            [
              132.1513,
              -8.5703
            ],
            [
              132.1189,
              -8.6001
            ],
            [
              132.0876,
              -8.631
            ],
            [
              132.0574,
              -8.6629
            ],
            [
              132.0284,
              -8.6959
            ],
            [
              132.0005,
              -8.7298
            ],
            [
              131.9738,
              -8.7647
            ],
            [
              131.9485,
              -8.8004
            ],
            [
              131.9243,
              -8.8371
            ],
            [
              131.9015,
              -8.8745
            ],
            [
              131.8801,
              -8.9127
            ],
            [
              131.86,
              -8.9516
            ],
            [
              131.8413,
              -8.9912
            ],
            [
              131.824,
              -9.0314
            ],
            [
              131.8081,
              -9.0721
            ],
            [
              131.7937,
              -9.1134
            ],
            [
              131.7807,
              -9.1552
            ],
            [
              131.7693,
              -9.1974
            ],
            [
              131.7593,
              -9.2399
            ],
            [
              131.7509,
              -9.2828
            ],
            [
              131.7439,
              -9.3259
            ],
            [
              131.7394,
              -9.3628
            ],
            [
              131.6661,
              -9.3994
            ],
            [
              131.1265,
              -9.4893
            ],
            [
              131.112,
              -9.4921
            ],
            [
              131.0976,
              -9.4954
            ],
            [
              131.0833,
              -9.4992
            ],
            [
              131.0692,
              -9.5034
            ],
            [
              131.0552,
              -9.5081
            ],
            [
              131.0414,
              -9.5134
            ],
            [
              131.0278,
              -9.5191
            ],
            [
              131.0144,
              -9.5252
            ],
            [
              130.6518,
              -9.7007
            ],
            [
              130.6413,
              -9.706
            ],
            [
              130.6309,
              -9.7116
            ],
            [
              130.6208,
              -9.7176
            ],
            [
              130.6109,
              -9.7239
            ],
            [
              130.6012,
              -9.7306
            ],
            [
              130.5918,
              -9.7376
            ],
            [
              130.5826,
              -9.7449
            ],
            [
              130.5737,
              -9.7525
            ],
            [
              130.5651,
              -9.7605
            ],
            [
              130.5568,
              -9.7687
            ],
            [
              130.5487,
              -9.7772
            ],
            [
              130.541,
              -9.786
            ],
            [
              130.5335,
              -9.795
            ],
            [
              130.5264,
              -9.8043
            ],
            [
              130.5197,
              -9.8138
            ],
            [
              130.5132,
              -9.8235
            ],
            [
              130.5072,
              -9.8335
            ],
            [
              130.5014,
              -9.8437
            ],
            [
              130.4961,
              -9.854
            ],
            [
              130.4911,
              -9.8646
            ],
            [
              130.4865,
              -9.8753
            ],
            [
              130.4823,
              -9.8861
            ],
            [
              130.4784,
              -9.8971
            ],
            [
              130.475,
              -9.9082
            ],
            [
              130.4719,
              -9.9194
            ],
            [
              130.4693,
              -9.9308
            ],
            [
              130.467,
              -9.9422
            ],
            [
              130.4652,
              -9.9537
            ],
            [
              130.4637,
              -9.9652
            ],
            [
              130.4627,
              -9.9768
            ],
            [
              130.4621,
              -9.9884
            ],
            [
              130.4619,
              -10.0
            ],
            [
              130.4621,
              -10.0116
            ],
            [
              130.4627,
              -10.0232
            ],
            [
              130.4637,
              -10.0348
            ],
            [
              130.4652,
              -10.0463
            ],
            [
              130.467,
              -10.0578
            ],
            [
              130.4693,
              -10.0692
            ],
            [
              130.4719,
              -10.0806
            ],
            [
              130.475,
              -10.0918
            ],
            [
              130.4784,
              -10.1029
            ],
            [
              130.4823,
              -10.1139
            ],
            [
              130.4865,
              -10.1247
            ],
            [
              130.4911,
              -10.1354
            ],
            [
              130.4961,
              -10.146
            ],
            [
              130.5014,
              -10.1563
            ],
            [
              130.5072,
              -10.1665
            ],
            [
              130.5132,
              -10.1765
            ],
            [
              130.5197,
              -10.1862
            ],
            [
              130.5264,
              -10.1957
            ],
            [
              130.5335,
              -10.205
            ],
            [
              130.541,
              -10.214
            ],
            [
              130.5487,
              -10.2228
            ],
            [
              130.5568,
              -10.2313
            ],
            [
              130.5651,
              -10.2395
            ],
            [
              130.5737,
              -10.2475
            ],
            [
              130.5826,
              -10.2551
            ],
            [
              130.5918,
              -10.2624
            ],
            [
              130.6012,
              -10.2694
            ],
            [
              130.6109,
              -10.2761
            ],
            [
              130.6208,
              -10.2824
            ],
            [
              130.6309,
              -10.2884
            ],
            [
              130.6413,
              -10.294
            ],
            [
              130.6518,
              -10.2993
            ],
            [
              130.6625,
              -10.3042
            ],
            [
              130.6733,
              -10.3088
            ],
            [
              130.6844,
              -10.3129
            ],
            [
              130.6955,
              -10.3167
            ],
            [
              130.7068,
              -10.3201
            ],
            [
              130.7182,
              -10.3231
            ],
            [
              130.7297,
              -10.3257
            ],
            [
              130.7413,
              -10.3279
            ],
            [
              130.7529,
              -10.3298
            ],
            [
              130.7647,
              -10.3312
            ],
            [
              130.7764,
              -10.3322
            ],
            [
              130.7882,
              -10.3328
            ],
            [
              130.8,
              -10.333
            ],
            [
              130.8118,
              -10.3328
            ],
            [
              131.2148,
              -10.3167
            ],
            [
              131.2295,
              -10.316
            ],
            [
              131.2442,
              -10.3147
            ],
            [
              131.2589,
              -10.3129
            ],
            [
              131.2735,
              -10.3107
            ],
            [
              131.314,
              -10.3039
            ],
            [
              131.3146,
              -10.3407
            ],
            [
              131.3168,
              -10.3814
            ],
            [
              131.3204,
              -10.422
            ],
            [
              131.3254,
              -10.4624
            ],
            [
              131.3319,
              -10.5026
            ],
            [
              131.3399,
              -10.5484
            ],
            [
              131.3395,
              -10.5492
            ],
            [
              131.1798,
              -10.7363
            ],
            [
              131.1321,
              -10.7482
            ],
            [
              130.732,
              -10.8482
            ],
            [
              130.6946,
              -10.858
            ],
            [
              130.6577,
              -10.8691
            ],
            [
              130.6211,
              -10.8814
            ],
            [
              130.585,
              -10.8949
            ],
            [
              130.5494,
              -10.9097
            ],
            [
              130.5144,
              -10.9257
            ],
            [
              130.4799,
              -10.9429
            ],
            [
              130.1481,
              -11.1086
            ],
            [
              129.4204,
              -11.3814
            ],
            [
              129.3842,
              -11.3949
            ],
            [
              129.3486,
              -11.4097
            ],
            [
              129.3135,
              -11.4257
            ],
            [
              129.2789,
              -11.4429
            ],
            [
              129.2451,
              -11.4612
            ],
            [
              129.2118,
              -11.4807
            ],
            [
              129.1794,
              -11.5013
            ],
            [
              129.1476,
              -11.523
            ],
            [
              129.1167,
              -11.5458
            ],
            [
              129.0866,
              -11.5696
            ],
            [
              129.0573,
              -11.5944
            ],
            [
              129.029,
              -11.6202
            ],
            [
              129.0016,
              -11.647
            ],
            [
              128.9752,
              -11.6747
            ],
            [
              128.9498,
              -11.7032
            ],
            [
              128.9254,
              -11.7326
            ],
            [
              128.9021,
              -11.7628
            ],
            [
              128.8799,
              -11.7938
            ],
            [
              128.8588,
              -11.8256
            ],
            [
              128.8388,
              -11.858
            ],
            [
              128.82,
              -11.8911
            ],
            [
              128.8024,
              -11.9248
            ],
            [
              128.6668,
              -12.2018
            ],
            [
              128.4455,
              -12.5003
            ],
            [
              128.0977,
              -12.847
            ],
            [
              128.0712,
              -12.8747
            ],
            [
              127.8209,
              -13.1383
            ],
            [
              127.6229,
              -13.2701
            ],
            [
              127.5933,
              -13.2902
            ],
            [
              127.5646,
              -13.3112
            ],
            [
              127.5366,
              -13.3332
            ],
            [
              127.5094,
              -13.3561
            ],
            [
              127.483,
              -13.3799
            ],
            [
              127.4576,
              -13.4046
            ],
            [
              127.3767,
              -13.4853
            ],
            [
              127.1146,
              -13.6162
            ],
            [
              127.083,
              -13.6331
            ],
            [
              127.0521,
              -13.6511
            ],
            [
              127.0218,
              -13.6701
            ],
            [
              126.9923,
              -13.6902
            ],
            [
              126.9634,
              -13.7112
            ],
            [
              126.9354,
              -13.7332
            ],
            [
              126.9082,
              -13.7561
            ],
            [
              126.8818,
              -13.7799
            ],
            [
              126.8563,
              -13.8046
            ],
            [
              126.8316,
              -13.8302
            ],
            [
              126.808,
              -13.8566
            ],
            [
              126.7852,
              -13.8837
            ],
            [
              126.7635,
              -13.9116
            ],
            [
              126.7428,
              -13.9402
            ],
            [
              126.7232,
              -13.9696
            ],
            [
              126.7046,
              -13.9995
            ],
            [
              126.6871,
              -14.0301
            ],
            [
              126.6707,
              -14.0612
            ],
            [
              126.6555,
              -14.0929
            ],
            [
              126.6414,
              -14.125
            ],
            [
              126.6284,
              -14.1576
            ],
            [
              126.6167,
              -14.1907
            ],
            [
              126.6061,
              -14.2241
            ],
            [
              126.5968,
              -14.2578
            ],
            [
              126.5887,
              -14.2919
            ],
            [
              126.5818,
              -14.3262
            ],
            [
              126.542,
              -14.5394
            ],
            [
              126.3973,
              -15.079
            ],
            [
              126.3932,
              -15.096
            ],
            [
              126.3897,
              -15.1132
            ],
            [
              126.3869,
              -15.1304
            ],
            [
              126.3847,
              -15.1477
            ],
            [
              126.3831,
              -15.1651
            ],
            [
              126.3822,
              -15.1826
            ],
            [
              126.3819,
              -15.2
            ],
            [
              126.3822,
              -15.2174
            ],
            [
              126.4105,
              -15.8131
            ],
            [
              126.4112,
              -15.8262
            ],
            [
              126.4124,
              -15.8392
            ],
            [
              126.4141,
              -15.8522
            ],
            [
              126.4162,
              -15.8651
            ],
            [
              126.4188,
              -15.878
            ],
            [
              126.4219,
              -15.8907
            ],
            [
              126.4254,
              -15.9034
            ],
            [
              126.4293,
              -15.9159
            ],
            [
              126.4338,
              -15.9283
            ],
            [
              126.4387,
              -15.9405
            ],
            [
              126.444,
              -15.9525
            ],
            [
              126.4497,
              -15.9644
            ],
            [
              126.4559,
              -15.9761
            ],
            [
              126.4625,
              -15.9875
            ],
            [
              126.4695,
              -15.9987
            ],
            [
              126.4769,
              -16.0097
            ],
            [
              126.4847,
              -16.0204
            ],
            [
              126.4929,
              -16.0309
            ],
            [
              126.5015,
              -16.041
            ],
            [
              126.5104,
              -16.0509
            ],
            [
              126.5197,
              -16.0605
            ],
            [
              126.5293,
              -16.0698
            ],
            [
              126.5392,
              -16.0787
            ],
            [
              126.5495,
              -16.0873
            ],
            [
              126.5601,
              -16.0955
            ],
            [
              126.5709,
              -16.1034
            ],
            [
              126.5821,
              -16.1109
            ],
            [
              126.5935,
              -16.118
            ],
            [
              126.6051,
              -16.1248
            ],
            [
              126.617,
              -16.1311
            ],
            [
              126.6292,
              -16.137
            ],
            [
              126.6415,
              -16.1426
            ],
            [
              126.654,
              -16.1477
            ],
            [
              126.6667,
              -16.1524
            ],
            [
              126.6796,
              -16.1566
            ],
            [
              126.6926,
              -16.1605
            ],
            [
              126.7057,
              -16.1639
            ],
            [
              126.719,
              -16.1668
            ],
            [
              126.7323,
              -16.1693
            ],
            [
              126.7458,
              -16.1714
            ],
            [
              126.7593,
              -16.1729
            ],
            [
              126.7728,
              -16.1741
            ],
            [
              126.7864,
              -16.1748
            ],
            [
              126.8,
              -16.175
            ]
          ]
        ]
      },
      "properties": {
        "id": 55,
        "color": "Green",
        "fillColor": "Green",
        "strokeColor": "green",
        "strokeWidth": 2,
        "borderColor": "green",
        "boderWidth": 2
      }
    },
    {
      "type": "Feature",
      "geometry": {
        "type": "LineString",
        "coordinates": [
          [
            126.9,
            -15.2
          ],
          [
            126.8,
            -15.8
          ]
        ]
      },
      "properties": {
        "id": 56,
        "color": "green",
        "fillColor": "green",
        "strokeColor": "green",
        "strokeWidth": 2,
        "borderColor": "green",
        "boderWidth": 2
      }
    },
    {
      "type": "Feature",
      "geometry": {
        "type": "Polygon",
        "coordinates": [
          [
            [
              130.8,
              -10.03
            ],
            [
              130.8015,
              -10.03
            ],
            [
              130.8029,
              -10.0299
            ],
            [
              130.8044,
              -10.0297
            ],
            [
              130.8059,
              -10.0294
            ],
            [
              130.8073,
              -10.0291
            ],
            [
              130.8087,
              -10.0287
            ],
            [
              130.8101,
              -10.0282
            ],
            [
              130.8115,
              -10.0277
            ],
            [
              130.8128,
              -10.0271
            ],
            [
              130.8141,
              -10.0265
            ],
            [
              130.8154,
              -10.0257
            ],
            [
              130.8167,
              -10.0249
            ],
            [
              130.8179,
              -10.0241
            ],
            [
              130.819,
              -10.0232
            ],
            [
              130.8201,
              -10.0222
            ],
            [
              130.8212,
              -10.0212
            ],
            [
              130.8222,
              -10.0201
            ],
            [
              130.8232,
              -10.019
            ],
            [
              130.8241,
              -10.0179
            ],
            [
              130.8249,
              -10.0167
            ],
            [
              130.8257,
              -10.0154
            ],
            [
              130.8265,
              -10.0141
            ],
            [
              130.8271,
              -10.0128
            ],
            [
              130.8277,
              -10.0115
            ],
            [
              130.8282,
              -10.0101
            ],
            [
              130.8287,
              -10.0087
            ],
            [
              130.8291,
              -10.0073
            ],
            [
              130.8294,
              -10.0059
            ],
            [
              130.8297,
              -10.0044
            ],
            [
              130.8299,
              -10.0029
            ],
            [
              130.83,
              -10.0015
            ],
            [
              130.83,
              -10.0
            ],
            [
              130.83,
              -9.9985
            ],
            [
              130.8299,
              -9.9971
            ],
            [
              130.8297,
              -9.9956
            ],
            [
              130.8294,
              -9.9941
            ],
            [
              130.8291,
              -9.9927
            ],
            [
              130.8287,
              -9.9913
            ],
            [
              130.8282,
              -9.9899
            ],
            [
              130.8277,
              -9.9885
            ],
            [
              130.8271,
              -9.9872
            ],
            [
              130.8265,
              -9.9859
            ],
            [
              130.8257,
              -9.9846
            ],
            [
              130.8249,
              -9.9833
            ],
            [
              130.8241,
              -9.9821
            ],
            [
              130.8232,
              -9.981
            ],
            [
              130.8222,
              -9.9799
            ],
            [
              130.8212,
              -9.9788
            ],
            [
              130.8201,
              -9.9778
            ],
            [
              130.819,
              -9.9768
            ],
            [
              130.8179,
              -9.9759
            ],
            [
              130.8167,
              -9.9751
            ],
            [
              130.8154,
              -9.9743
            ],
            [
              130.8141,
              -9.9735
            ],
            [
              130.8128,
              -9.9729
            ],
            [
              130.8115,
              -9.9723
            ],
            [
              130.8101,
              -9.9718
            ],
            [
              130.8087,
              -9.9713
            ],
            [
              130.8073,
              -9.9709
            ],
            [
              130.8059,
              -9.9706
            ],
            [
              130.8044,
              -9.9703
            ],
            [
              130.8029,
              -9.9701
            ],
            [
              130.8015,
              -9.97
            ],
            [
              130.8,
              -9.97
            ],
            [
              130.7985,
              -9.97
            ],
            [
              130.7971,
              -9.9701
            ],
            [
              130.7956,
              -9.9703
            ],
            [
              130.7941,
              -9.9706
            ],
            [
              130.7927,
              -9.9709
            ],
            [
              130.7913,
              -9.9713
            ],
            [
              130.7899,
              -9.9718
            ],
            [
              130.7885,
              -9.9723
            ],
            [
              130.7872,
              -9.9729
            ],
            [
              130.7859,
              -9.9735
            ],
            [
              130.7846,
              -9.9743
            ],
            [
              130.7833,
              -9.9751
            ],
            [
              130.7821,
              -9.9759
            ],
            [
              130.781,
              -9.9768
            ],
            [
              130.7799,
              -9.9778
            ],
            [
              130.7788,
              -9.9788
            ],
            [
              130.7778,
              -9.9799
            ],
            [
              130.7768,
              -9.981
            ],
            [
              130.7759,
              -9.9821
            ],
            [
              130.7751,
              -9.9833
            ],
            [
              130.7743,
              -9.9846
            ],
            [
              130.7735,
              -9.9859
            ],
            [
              130.7729,
              -9.9872
            ],
            [
              130.7723,
              -9.9885
            ],
            [
              130.7718,
              -9.9899
            ],
            [
              130.7713,
              -9.9913
            ],
            [
              130.7709,
              -9.9927
            ],
            [
              130.7706,
              -9.9941
            ],
            [
              130.7703,
              -9.9956
            ],
            [
              130.7701,
              -9.9971
            ],
            [
              130.77,
              -9.9985
            ],
            [
              130.77,
              -10.0
            ],
            [
              130.77,
              -10.0015
            ],
            [
              130.7701,
              -10.0029
            ],
            [
              130.7703,
              -10.0044
            ],
            [
              130.7706,
              -10.0059
            ],
            [
              130.7709,
              -10.0073
            ],
            [
              130.7713,
              -10.0087
            ],
            [
              130.7718,
              -10.0101
            ],
            [
              130.7723,
              -10.0115
            ],
            [
              130.7729,
              -10.0128
            ],
            [
              130.7735,
              -10.0141
            ],
            [
              130.7743,
              -10.0154
            ],
            [
              130.7751,
              -10.0167
            ],
            [
              130.7759,
              -10.0179
            ],
            [
              130.7768,
              -10.019
            ],
            [
              130.7778,
              -10.0201
            ],
            [
              130.7788,
              -10.0212
            ],
            [
              130.7799,
              -10.0222
            ],
            [
              130.781,
              -10.0232
            ],
            [
              130.7821,
              -10.0241
            ],
            [
              130.7833,
              -10.0249
            ],
            [
              130.7846,
              -10.0257
            ],
            [
              130.7859,
              -10.0265
            ],
            [
              130.7872,
              -10.0271
            ],
            [
              130.7885,
              -10.0277
            ],
            [
              130.7899,
              -10.0282
            ],
            [
              130.7913,
              -10.0287
            ],
            [
              130.7927,
              -10.0291
            ],
            [
              130.7941,
              -10.0294
            ],
            [
              130.7956,
              -10.0297
            ],
            [
              130.7971,
              -10.0299
            ],
            [
              130.7985,
              -10.03
            ],
            [
              130.8,
              -10.03
            ]
          ]
        ]
      },
      "properties": {
        "id": 57,
        "color": "green",
        "fillColor": "green",
        "strokeColor": "green",
        "strokeWidth": 2,
        "borderColor": "green",
        "boderWidth": 2
      }
    },
    {
      "type": "Feature",
      "geometry": {
        "type": "Polygon",
        "coordinates": [
          [
            [
              133.0,
              -10.43
            ],
            [
              133.0015,
              -10.43
            ],
            [
              133.0029,
              -10.4299
            ],
            [
              133.0044,
              -10.4297
            ],
            [
              133.0059,
              -10.4294
            ],
            [
              133.0073,
              -10.4291
            ],
            [
              133.0087,
              -10.4287
            ],
            [
              133.0101,
              -10.4282
            ],
            [
              133.0115,
              -10.4277
            ],
            [
              133.0128,
              -10.4271
            ],
            [
              133.0141,
              -10.4265
            ],
            [
              133.0154,
              -10.4257
            ],
            [
              133.0167,
              -10.4249
            ],
            [
              133.0179,
              -10.4241
            ],
            [
              133.019,
              -10.4232
            ],
            [
              133.0201,
              -10.4222
            ],
            [
              133.0212,
              -10.4212
            ],
            [
              133.0222,
              -10.4201
            ],
            [
              133.0232,
              -10.419
            ],
            [
              133.0241,
              -10.4179
            ],
            [
              133.0249,
              -10.4167
            ],
            [
              133.0257,
              -10.4154
            ],
            [
              133.0265,
              -10.4141
            ],
            [
              133.0271,
              -10.4128
            ],
            [
              133.0277,
              -10.4115
            ],
            [
              133.0282,
              -10.4101
            ],
            [
              133.0287,
              -10.4087
            ],
            [
              133.0291,
              -10.4073
            ],
            [
              133.0294,
              -10.4059
            ],
            [
              133.0297,
              -10.4044
            ],
            [
              133.0299,
              -10.4029
            ],
            [
              133.03,
              -10.4015
            ],
            [
              133.03,
              -10.4
            ],
            [
              133.03,
              -10.3985
            ],
            [
              133.0299,
              -10.3971
            ],
            [
              133.0297,
              -10.3956
            ],
            [
              133.0294,
              -10.3941
            ],
            [
              133.0291,
              -10.3927
            ],
            [
              133.0287,
              -10.3913
            ],
            [
              133.0282,
              -10.3899
            ],
            [
              133.0277,
              -10.3885
            ],
            [
              133.0271,
              -10.3872
            ],
            [
              133.0265,
              -10.3859
            ],
            [
              133.0257,
              -10.3846
            ],
            [
              133.0249,
              -10.3833
            ],
            [
              133.0241,
              -10.3821
            ],
            [
              133.0232,
              -10.381
            ],
            [
              133.0222,
              -10.3799
            ],
            [
              133.0212,
              -10.3788
            ],
            [
              133.0201,
              -10.3778
            ],
            [
              133.019,
              -10.3768
            ],
            [
              133.0179,
              -10.3759
            ],
            [
              133.0167,
              -10.3751
            ],
            [
              133.0154,
              -10.3743
            ],
            [
              133.0141,
              -10.3735
            ],
            [
              133.0128,
              -10.3729
            ],
            [
              133.0115,
              -10.3723
            ],
            [
              133.0101,
              -10.3718
            ],
            [
              133.0087,
              -10.3713
            ],
            [
              133.0073,
              -10.3709
            ],
            [
              133.0059,
              -10.3706
            ],
            [
              133.0044,
              -10.3703
            ],
            [
              133.0029,
              -10.3701
            ],
            [
              133.0015,
              -10.37
            ],
            [
              133.0,
              -10.37
            ],
            [
              132.9985,
              -10.37
            ],
            [
              132.9971,
              -10.3701
            ],
            [
              132.9956,
              -10.3703
            ],
            [
              132.9941,
              -10.3706
            ],
            [
              132.9927,
              -10.3709
            ],
            [
              132.9913,
              -10.3713
            ],
            [
              132.9899,
              -10.3718
            ],
            [
              132.9885,
              -10.3723
            ],
            [
              132.9872,
              -10.3729
            ],
            [
              132.9859,
              -10.3735
            ],
            [
              132.9846,
              -10.3743
            ],
            [
              132.9833,
              -10.3751
            ],
            [
              132.9821,
              -10.3759
            ],
            [
              132.981,
              -10.3768
            ],
            [
              132.9799,
              -10.3778
            ],
            [
              132.9788,
              -10.3788
            ],
            [
              132.9778,
              -10.3799
            ],
            [
              132.9768,
              -10.381
            ],
            [
              132.9759,
              -10.3821
            ],
            [
              132.9751,
              -10.3833
            ],
            [
              132.9743,
              -10.3846
            ],
            [
              132.9735,
              -10.3859
            ],
            [
              132.9729,
              -10.3872
            ],
            [
              132.9723,
              -10.3885
            ],
            [
              132.9718,
              -10.3899
            ],
            [
              132.9713,
              -10.3913
            ],
            [
              132.9709,
              -10.3927
            ],
            [
              132.9706,
              -10.3941
            ],
            [
              132.9703,
              -10.3956
            ],
            [
              132.9701,
              -10.3971
            ],
            [
              132.97,
              -10.3985
            ],
            [
              132.97,
              -10.4
            ],
            [
              132.97,
              -10.4015
            ],
            [
              132.9701,
              -10.4029
            ],
            [
              132.9703,
              -10.4044
            ],
            [
              132.9706,
              -10.4059
            ],
            [
              132.9709,
              -10.4073
            ],
            [
              132.9713,
              -10.4087
            ],
            [
              132.9718,
              -10.4101
            ],
            [
              132.9723,
              -10.4115
            ],
            [
              132.9729,
              -10.4128
            ],
            [
              132.9735,
              -10.4141
            ],
            [
              132.9743,
              -10.4154
            ],
            [
              132.9751,
              -10.4167
            ],
            [
              132.9759,
              -10.4179
            ],
            [
              132.9768,
              -10.419
            ],
            [
              132.9778,
              -10.4201
            ],
            [
              132.9788,
              -10.4212
            ],
            [
              132.9799,
              -10.4222
            ],
            [
              132.981,
              -10.4232
            ],
            [
              132.9821,
              -10.4241
            ],
            [
              132.9833,
              -10.4249
            ],
            [
              132.9846,
              -10.4257
            ],
            [
              132.9859,
              -10.4265
            ],
            [
              132.9872,
              -10.4271
            ],
            [
              132.9885,
              -10.4277
            ],
            [
              132.9899,
              -10.4282
            ],
            [
              132.9913,
              -10.4287
            ],
            [
              132.9927,
              -10.4291
            ],
            [
              132.9941,
              -10.4294
            ],
            [
              132.9956,
              -10.4297
            ],
            [
              132.9971,
              -10.4299
            ],
            [
              132.9985,
              -10.43
            ],
            [
              133.0,
              -10.43
            ]
          ]
        ]
      },
      "properties": {
        "id": 58,
        "color": "green",
        "fillColor": "green",
        "strokeColor": "green",
        "strokeWidth": 2,
        "borderColor": "green",
        "boderWidth": 2
      }
    },
    {
      "type": "Feature",
      "geometry": {
        "type": "Polygon",
        "coordinates": [
          [
            [
              127.6,
              -14.0836
            ],
            [
              127.6,
              -14.0003
            ],
            [
              127.591,
              -14.0004
            ],
            [
              127.582,
              -14.0006
            ],
            [
              127.573,
              -14.001
            ],
            [
              127.564,
              -14.0016
            ],
            [
              127.555,
              -14.0022
            ],
            [
              127.5461,
              -14.0031
            ],
            [
              127.5371,
              -14.0041
            ],
            [
              127.5282,
              -14.0052
            ],
            [
              127.5193,
              -14.0065
            ],
            [
              127.5104,
              -14.0079
            ],
            [
              127.5015,
              -14.0095
            ],
            [
              127.4927,
              -14.0113
            ],
            [
              127.4839,
              -14.0131
            ],
            [
              127.4751,
              -14.0152
            ],
            [
              127.4664,
              -14.0174
            ],
            [
              127.4577,
              -14.0197
            ],
            [
              127.4491,
              -14.0222
            ],
            [
              127.4405,
              -14.0248
            ],
            [
              127.432,
              -14.0276
            ],
            [
              127.4235,
              -14.0305
            ],
            [
              127.415,
              -14.0335
            ],
            [
              127.4067,
              -14.0367
            ],
            [
              127.3983,
              -14.0401
            ],
            [
              127.3901,
              -14.0435
            ],
            [
              127.3819,
              -14.0472
            ],
            [
              127.3738,
              -14.0509
            ],
            [
              127.3657,
              -14.0548
            ],
            [
              127.3577,
              -14.0588
            ],
            [
              127.3498,
              -14.063
            ],
            [
              127.3419,
              -14.0673
            ],
            [
              127.3342,
              -14.0717
            ],
            [
              127.3265,
              -14.0763
            ],
            [
              127.3189,
              -14.0809
            ],
            [
              127.3114,
              -14.0858
            ],
            [
              127.304,
              -14.0907
            ],
            [
              127.2966,
              -14.0958
            ],
            [
              127.2894,
              -14.101
            ],
            [
              127.2823,
              -14.1063
            ],
            [
              127.2752,
              -14.1117
            ],
            [
              127.2683,
              -14.1172
            ],
            [
              127.2614,
              -14.1229
            ],
            [
              127.2547,
              -14.1287
            ],
            [
              127.248,
              -14.1346
            ],
            [
              127.2415,
              -14.1406
            ],
            [
              127.2351,
              -14.1467
            ],
            [
              127.2287,
              -14.1529
            ],
            [
              127.2225,
              -14.1592
            ],
            [
              127.2165,
              -14.1657
            ],
            [
              127.2105,
              -14.1722
            ],
            [
              127.2046,
              -14.1788
            ],
            [
              127.1989,
              -14.1856
            ],
            [
              127.1933,
              -14.1924
            ],
            [
              127.1878,
              -14.1993
            ],
            [
              127.1825,
              -14.2063
            ],
            [
              127.1772,
              -14.2134
            ],
            [
              127.1721,
              -14.2206
            ],
            [
              127.1672,
              -14.2279
            ],
            [
              127.1623,
              -14.2352
            ],
            [
              127.1576,
              -14.2427
            ],
            [
              127.153,
              -14.2502
            ],
            [
              127.1486,
              -14.2578
            ],
            [
              127.1443,
              -14.2654
            ],
            [
              127.1401,
              -14.2732
            ],
            [
              127.1361,
              -14.281
            ],
            [
              127.1323,
              -14.2888
            ],
            [
              127.1285,
              -14.2968
            ],
            [
              127.1249,
              -14.3048
            ],
            [
              127.1215,
              -14.3128
            ],
            [
              127.1182,
              -14.3209
            ],
            [
              127.115,
              -14.3291
            ],
            [
              127.112,
              -14.3373
            ],
            [
              127.1092,
              -14.3456
            ],
            [
              127.1064,
              -14.3539
            ],
            [
              127.1039,
              -14.3623
            ],
            [
              127.1015,
              -14.3707
            ],
            [
              127.0992,
              -14.3791
            ],
            [
              127.0971,
              -14.3876
            ],
            [
              127.0952,
              -14.3961
            ],
            [
              127.0934,
              -14.4047
            ],
            [
              127.0917,
              -14.4132
            ],
            [
              127.0903,
              -14.4218
            ],
            [
              127.0889,
              -14.4305
            ],
            [
              127.0877,
              -14.4391
            ],
            [
              127.0867,
              -14.4478
            ],
            [
              127.0859,
              -14.4565
            ],
            [
              127.0852,
              -14.4651
            ],
            [
              127.0846,
              -14.4738
            ],
            [
              127.0842,
              -14.4826
            ],
            [
              127.084,
              -14.4913
            ],
            [
              127.0839,
              -14.5
            ],
            [
              127.0839,
              -14.5
            ],
            [
              127.084,
              -14.5087
            ],
            [
              127.0842,
              -14.5174
            ],
            [
              127.0846,
              -14.5262
            ],
            [
              127.0852,
              -14.5349
            ],
            [
              127.0859,
              -14.5435
            ],
            [
              127.0867,
              -14.5522
            ],
            [
              127.0877,
              -14.5609
            ],
            [
              127.0889,
              -14.5695
            ],
            [
              127.0903,
              -14.5782
            ],
            [
              127.0917,
              -14.5868
            ],
            [
              127.0934,
              -14.5953
            ],
            [
              127.0952,
              -14.6039
            ],
            [
              127.0971,
              -14.6124
            ],
            [
              127.0992,
              -14.6209
            ],
            [
              127.1015,
              -14.6293
            ],
            [
              127.1039,
              -14.6377
            ],
            [
              127.1064,
              -14.6461
            ],
            [
              127.1092,
              -14.6544
            ],
            [
              127.112,
              -14.6627
            ],
            [
              127.115,
              -14.6709
            ],
            [
              127.1182,
              -14.6791
            ],
            [
              127.1215,
              -14.6872
            ],
            [
              127.1249,
              -14.6952
            ],
            [
              127.1285,
              -14.7032
            ],
            [
              127.1323,
              -14.7112
            ],
            [
              127.1361,
              -14.719
            ],
            [
              127.1401,
              -14.7268
            ],
            [
              127.1443,
              -14.7346
            ],
            [
              127.1486,
              -14.7422
            ],
            [
              127.153,
              -14.7498
            ],
            [
              127.1576,
              -14.7573
            ],
            [
              127.1623,
              -14.7648
            ],
            [
              127.1672,
              -14.7721
            ],
            [
              127.1721,
              -14.7794
            ],
            [
              127.1772,
              -14.7866
            ],
            [
              127.1825,
              -14.7937
            ],
            [
              127.1878,
              -14.8007
            ],
            [
              127.1933,
              -14.8076
            ],
            [
              127.1989,
              -14.8144
            ],
            [
              127.2046,
              -14.8212
            ],
            [
              127.2105,
              -14.8278
            ],
            [
              127.2165,
              -14.8343
            ],
            [
              127.2225,
              -14.8408
            ],
            [
              127.2287,
              -14.8471
            ],
            [
              127.2351,
              -14.8533
            ],
            [
              127.2415,
              -14.8594
            ],
            [
              127.248,
              -14.8654
            ],
            [
              127.2547,
              -14.8713
            ],
            [
              127.2614,
              -14.8771
            ],
            [
              127.2683,
              -14.8828
            ],
            [
              127.2752,
              -14.8883
            ],
            [
              127.2823,
              -14.8937
            ],
            [
              127.2894,
              -14.899
            ],
            [
              127.2966,
              -14.9042
            ],
            [
              127.304,
              -14.9093
            ],
            [
              127.3114,
              -14.9142
            ],
            [
              127.3189,
              -14.9191
            ],
            [
              127.3265,
              -14.9237
            ],
            [
              127.3342,
              -14.9283
            ],
            [
              127.3419,
              -14.9327
            ],
            [
              127.3498,
              -14.937
            ],
            [
              127.3577,
              -14.9412
            ],
            [
              127.3657,
              -14.9452
            ],
            [
              127.3738,
              -14.9491
            ],
            [
              127.3819,
              -14.9528
            ],
            [
              127.3901,
              -14.9565
            ],
            [
              127.3983,
              -14.9599
            ],
            [
              127.4067,
              -14.9633
            ],
            [
              127.415,
              -14.9665
            ],
            [
              127.4235,
              -14.9695
            ],
            [
              127.432,
              -14.9724
            ],
            [
              127.4405,
              -14.9752
            ],
            [
              127.4491,
              -14.9778
            ],
            [
              127.4577,
              -14.9803
            ],
            [
              127.4664,
              -14.9826
            ],
            [
              127.4751,
              -14.9848
            ],
            [
              127.4839,
              -14.9869
            ],
            [
              127.4927,
              -14.9887
            ],
            [
              127.5015,
              -14.9905
            ],
            [
              127.5104,
              -14.9921
            ],
            [
              127.5193,
              -14.9935
            ],
            [
              127.5282,
              -14.9948
            ],
            [
              127.5371,
              -14.9959
            ],
            [
              127.5461,
              -14.9969
            ],
            [
              127.555,
              -14.9978
            ],
            [
              127.564,
              -14.9984
            ],
            [
              127.573,
              -14.999
            ],
            [
              127.582,
              -14.9994
            ],
            [
              127.591,
              -14.9996
            ],
            [
              127.6,
              -14.9997
            ],
            [
              127.6,
              -14.9164
            ],
            [
              127.6075,
              -14.9163
            ],
            [
              127.615,
              -14.9161
            ],
            [
              127.6225,
              -14.9158
            ],
            [
              127.63,
              -14.9154
            ],
            [
              127.6375,
              -14.9148
            ],
            [
              127.645,
              -14.9141
            ],
            [
              127.6524,
              -14.9133
            ],
            [
              127.6599,
              -14.9123
            ],
            [
              127.6673,
              -14.9113
            ],
            [
              127.6747,
              -14.9101
            ],
            [
              127.6821,
              -14.9087
            ],
            [
              127.6894,
              -14.9073
            ],
            [
              127.6967,
              -14.9057
            ],
            [
              127.704,
              -14.904
            ],
            [
              127.7113,
              -14.9022
            ],
            [
              127.7185,
              -14.9003
            ],
            [
              127.7257,
              -14.8982
            ],
            [
              127.7329,
              -14.896
            ],
            [
              127.74,
              -14.8937
            ],
            [
              127.7471,
              -14.8913
            ],
            [
              127.7541,
              -14.8887
            ],
            [
              127.7611,
              -14.8861
            ],
            [
              127.768,
              -14.8833
            ],
            [
              127.7749,
              -14.8804
            ],
            [
              127.7818,
              -14.8774
            ],
            [
              127.7885,
              -14.8742
            ],
            [
              127.7953,
              -14.871
            ],
            [
              127.8019,
              -14.8676
            ],
            [
              127.8085,
              -14.8642
            ],
            [
              127.815,
              -14.8606
            ],
            [
              127.8215,
              -14.8569
            ],
            [
              127.8279,
              -14.8531
            ],
            [
              127.8342,
              -14.8492
            ],
            [
              127.8405,
              -14.8452
            ],
            [
              127.8467,
              -14.8411
            ],
            [
              127.8528,
              -14.8369
            ],
            [
              127.8588,
              -14.8325
            ],
            [
              127.8648,
              -14.8281
            ],
            [
              127.8707,
              -14.8236
            ],
            [
              127.8765,
              -14.819
            ],
            [
              127.8822,
              -14.8143
            ],
            [
              127.8878,
              -14.8094
            ],
            [
              127.8933,
              -14.8045
            ],
            [
              127.8988,
              -14.7995
            ],
            [
              127.9041,
              -14.7944
            ],
            [
              127.9094,
              -14.7892
            ],
            [
              127.9145,
              -14.784
            ],
            [
              127.9196,
              -14.7786
            ],
            [
              127.9246,
              -14.7732
            ],
            [
              127.9295,
              -14.7676
            ],
            [
              127.9342,
              -14.762
            ],
            [
              127.9389,
              -14.7564
            ],
            [
              127.9435,
              -14.7506
            ],
            [
              127.9479,
              -14.7447
            ],
            [
              127.9523,
              -14.7388
            ],
            [
              127.9566,
              -14.7328
            ],
            [
              127.9607,
              -14.7268
            ],
            [
              127.9647,
              -14.7207
            ],
            [
              127.9687,
              -14.7145
            ],
            [
              127.9725,
              -14.7082
            ],
            [
              127.9762,
              -14.7019
            ],
            [
              127.9797,
              -14.6955
            ],
            [
              127.9832,
              -14.689
            ],
            [
              127.9866,
              -14.6825
            ],
            [
              127.9898,
              -14.676
            ],
            [
              127.9929,
              -14.6694
            ],
            [
              127.9959,
              -14.6627
            ],
            [
              127.9988,
              -14.656
            ],
            [
              128.0015,
              -14.6492
            ],
            [
              128.0041,
              -14.6424
            ],
            [
              128.0067,
              -14.6356
            ],
            [
              128.009,
              -14.6287
            ],
            [
              128.0113,
              -14.6217
            ],
            [
              128.0134,
              -14.6148
            ],
            [
              128.0154,
              -14.6078
            ],
            [
              128.0173,
              -14.6007
            ],
            [
              128.0191,
              -14.5937
            ],
            [
              128.0207,
              -14.5866
            ],
            [
              128.0222,
              -14.5795
            ],
            [
              128.0236,
              -14.5723
            ],
            [
              128.0248,
              -14.5651
            ],
            [
              128.0259,
              -14.5579
            ],
            [
              128.0269,
              -14.5507
            ],
            [
              128.0277,
              -14.5435
            ],
            [
              128.0284,
              -14.5363
            ],
            [
              128.029,
              -14.529
            ],
            [
              128.0295,
              -14.5218
            ],
            [
              128.0298,
              -14.5145
            ],
            [
              128.03,
              -14.5073
            ],
            [
              128.0301,
              -14.5
            ],
            [
              128.0301,
              -14.5
            ],
            [
              128.03,
              -14.4927
            ],
            [
              128.0298,
              -14.4855
            ],
            [
              128.0295,
              -14.4782
            ],
            [
              128.029,
              -14.471
            ],
            [
              128.0284,
              -14.4637
            ],
            [
              128.0277,
              -14.4565
            ],
            [
              128.0269,
              -14.4493
            ],
            [
              128.0259,
              -14.4421
            ],
            [
              128.0248,
              -14.4349
            ],
            [
              128.0236,
              -14.4277
            ],
            [
              128.0222,
              -14.4205
            ],
            [
              128.0207,
              -14.4134
            ],
            [
              128.0191,
              -14.4063
            ],
            [
              128.0173,
              -14.3993
            ],
            [
              128.0154,
              -14.3922
            ],
            [
              128.0134,
              -14.3852
            ],
            [
              128.0113,
              -14.3783
            ],
            [
              128.009,
              -14.3713
            ],
            [
              128.0067,
              -14.3644
            ],
            [
              128.0041,
              -14.3576
            ],
            [
              128.0015,
              -14.3508
            ],
            [
              127.9988,
              -14.344
            ],
            [
              127.9959,
              -14.3373
            ],
            [
              127.9929,
              -14.3306
            ],
            [
              127.9898,
              -14.324
            ],
            [
              127.9866,
              -14.3175
            ],
            [
              127.9832,
              -14.311
            ],
            [
              127.9797,
              -14.3045
            ],
            [
              127.9762,
              -14.2981
            ],
            [
              127.9725,
              -14.2918
            ],
            [
              127.9687,
              -14.2855
            ],
            [
              127.9647,
              -14.2793
            ],
            [
              127.9607,
              -14.2732
            ],
            [
              127.9566,
              -14.2672
            ],
            [
              127.9523,
              -14.2612
            ],
            [
              127.9479,
              -14.2553
            ],
            [
              127.9435,
              -14.2494
            ],
            [
              127.9389,
              -14.2436
            ],
            [
              127.9342,
              -14.238
            ],
            [
              127.9295,
              -14.2324
            ],
            [
              127.9246,
              -14.2268
            ],
            [
              127.9196,
              -14.2214
            ],
            [
              127.9145,
              -14.216
            ],
            [
              127.9094,
              -14.2108
            ],
            [
              127.9041,
              -14.2056
            ],
            [
              127.8988,
              -14.2005
            ],
            [
              127.8933,
              -14.1955
            ],
            [
              127.8878,
              -14.1906
            ],
            [
              127.8822,
              -14.1857
            ],
            [
              127.8765,
              -14.181
            ],
            [
              127.8707,
              -14.1764
            ],
            [
              127.8648,
              -14.1719
            ],
            [
              127.8588,
              -14.1675
            ],
            [
              127.8528,
              -14.1631
            ],
            [
              127.8467,
              -14.1589
            ],
            [
              127.8405,
              -14.1548
            ],
            [
              127.8342,
              -14.1508
            ],
            [
              127.8279,
              -14.1469
            ],
            [
              127.8215,
              -14.1431
            ],
            [
              127.815,
              -14.1394
            ],
            [
              127.8085,
              -14.1358
            ],
            [
              127.8019,
              -14.1324
            ],
            [
              127.7953,
              -14.129
            ],
            [
              127.7885,
              -14.1258
            ],
            [
              127.7818,
              -14.1226
            ],
            [
              127.7749,
              -14.1196
            ],
            [
              127.768,
              -14.1167
            ],
            [
              127.7611,
              -14.1139
            ],
            [
              127.7541,
              -14.1113
            ],
            [
              127.7471,
              -14.1087
            ],
            [
              127.74,
              -14.1063
            ],
            [
              127.7329,
              -14.104
            ],
            [
              127.7257,
              -14.1018
            ],
            [
              127.7185,
              -14.0997
            ],
            [
              127.7113,
              -14.0978
            ],
            [
              127.704,
              -14.096
            ],
            [
              127.6967,
              -14.0943
            ],
            [
              127.6894,
              -14.0927
            ],
            [
              127.6821,
              -14.0913
            ],
            [
              127.6747,
              -14.0899
            ],
            [
              127.6673,
              -14.0887
            ],
            [
              127.6599,
              -14.0877
            ],
            [
              127.6524,
              -14.0867
            ],
            [
              127.645,
              -14.0859
            ],
            [
              127.6375,
              -14.0852
            ],
            [
              127.63,
              -14.0846
            ],
            [
              127.6225,
              -14.0842
            ],
            [
              127.615,
              -14.0839
            ],
            [
              127.6075,
              -14.0837
            ],
            [
              127.6,
              -14.0836
            ]
          ]
        ]
      },
      "properties": {
        "id": 59,
        "color": "Orange",
        "fillColor": "Orange",
        "strokeColor": "green",
        "strokeWidth": 2,
        "borderColor": "green",
        "boderWidth": 2
      }
    },
    {
      "type": "Feature",
      "geometry": {
        "type": "Polygon",
        "coordinates": [
          [
            [
              127.3,
              -14.73
            ],
            [
              127.3015,
              -14.73
            ],
            [
              127.3029,
              -14.7299
            ],
            [
              127.3044,
              -14.7297
            ],
            [
              127.3059,
              -14.7294
            ],
            [
              127.3073,
              -14.7291
            ],
            [
              127.3087,
              -14.7287
            ],
            [
              127.3101,
              -14.7282
            ],
            [
              127.3115,
              -14.7277
            ],
            [
              127.3128,
              -14.7271
            ],
            [
              127.3141,
              -14.7265
            ],
            [
              127.3154,
              -14.7257
            ],
            [
              127.3167,
              -14.7249
            ],
            [
              127.3179,
              -14.7241
            ],
            [
              127.319,
              -14.7232
            ],
            [
              127.3201,
              -14.7222
            ],
            [
              127.3212,
              -14.7212
            ],
            [
              127.3222,
              -14.7201
            ],
            [
              127.3232,
              -14.719
            ],
            [
              127.3241,
              -14.7179
            ],
            [
              127.3249,
              -14.7167
            ],
            [
              127.3257,
              -14.7154
            ],
            [
              127.3265,
              -14.7141
            ],
            [
              127.3271,
              -14.7128
            ],
            [
              127.3277,
              -14.7115
            ],
            [
              127.3282,
              -14.7101
            ],
            [
              127.3287,
              -14.7087
            ],
            [
              127.3291,
              -14.7073
            ],
            [
              127.3294,
              -14.7059
            ],
            [
              127.3297,
              -14.7044
            ],
            [
              127.3299,
              -14.7029
            ],
            [
              127.33,
              -14.7015
            ],
            [
              127.33,
              -14.7
            ],
            [
              127.33,
              -14.6985
            ],
            [
              127.3299,
              -14.6971
            ],
            [
              127.3297,
              -14.6956
            ],
            [
              127.3294,
              -14.6941
            ],
            [
              127.3291,
              -14.6927
            ],
            [
              127.3287,
              -14.6913
            ],
            [
              127.3282,
              -14.6899
            ],
            [
              127.3277,
              -14.6885
            ],
            [
              127.3271,
              -14.6872
            ],
            [
              127.3265,
              -14.6859
            ],
            [
              127.3257,
              -14.6846
            ],
            [
              127.3249,
              -14.6833
            ],
            [
              127.3241,
              -14.6821
            ],
            [
              127.3232,
              -14.681
            ],
            [
              127.3222,
              -14.6799
            ],
            [
              127.3212,
              -14.6788
            ],
            [
              127.3201,
              -14.6778
            ],
            [
              127.319,
              -14.6768
            ],
            [
              127.3179,
              -14.6759
            ],
            [
              127.3167,
              -14.6751
            ],
            [
              127.3154,
              -14.6743
            ],
            [
              127.3141,
              -14.6735
            ],
            [
              127.3128,
              -14.6729
            ],
            [
              127.3115,
              -14.6723
            ],
            [
              127.3101,
              -14.6718
            ],
            [
              127.3087,
              -14.6713
            ],
            [
              127.3073,
              -14.6709
            ],
            [
              127.3059,
              -14.6706
            ],
            [
              127.3044,
              -14.6703
            ],
            [
              127.3029,
              -14.6701
            ],
            [
              127.3015,
              -14.67
            ],
            [
              127.3,
              -14.67
            ],
            [
              127.2985,
              -14.67
            ],
            [
              127.2971,
              -14.6701
            ],
            [
              127.2956,
              -14.6703
            ],
            [
              127.2941,
              -14.6706
            ],
            [
              127.2927,
              -14.6709
            ],
            [
              127.2913,
              -14.6713
            ],
            [
              127.2899,
              -14.6718
            ],
            [
              127.2885,
              -14.6723
            ],
            [
              127.2872,
              -14.6729
            ],
            [
              127.2859,
              -14.6735
            ],
            [
              127.2846,
              -14.6743
            ],
            [
              127.2833,
              -14.6751
            ],
            [
              127.2821,
              -14.6759
            ],
            [
              127.281,
              -14.6768
            ],
            [
              127.2799,
              -14.6778
            ],
            [
              127.2788,
              -14.6788
            ],
            [
              127.2778,
              -14.6799
            ],
            [
              127.2768,
              -14.681
            ],
            [
              127.2759,
              -14.6821
            ],
            [
              127.2751,
              -14.6833
            ],
            [
              127.2743,
              -14.6846
            ],
            [
              127.2735,
              -14.6859
            ],
            [
              127.2729,
              -14.6872
            ],
            [
              127.2723,
              -14.6885
            ],
            [
              127.2718,
              -14.6899
            ],
            [
              127.2713,
              -14.6913
            ],
            [
              127.2709,
              -14.6927
            ],
            [
              127.2706,
              -14.6941
            ],
            [
              127.2703,
              -14.6956
            ],
            [
              127.2701,
              -14.6971
            ],
            [
              127.27,
              -14.6985
            ],
            [
              127.27,
              -14.7
            ],
            [
              127.27,
              -14.7015
            ],
            [
              127.2701,
              -14.7029
            ],
            [
              127.2703,
              -14.7044
            ],
            [
              127.2706,
              -14.7059
            ],
            [
              127.2709,
              -14.7073
            ],
            [
              127.2713,
              -14.7087
            ],
            [
              127.2718,
              -14.7101
            ],
            [
              127.2723,
              -14.7115
            ],
            [
              127.2729,
              -14.7128
            ],
            [
              127.2735,
              -14.7141
            ],
            [
              127.2743,
              -14.7154
            ],
            [
              127.2751,
              -14.7167
            ],
            [
              127.2759,
              -14.7179
            ],
            [
              127.2768,
              -14.719
            ],
            [
              127.2778,
              -14.7201
            ],
            [
              127.2788,
              -14.7212
            ],
            [
              127.2799,
              -14.7222
            ],
            [
              127.281,
              -14.7232
            ],
            [
              127.2821,
              -14.7241
            ],
            [
              127.2833,
              -14.7249
            ],
            [
              127.2846,
              -14.7257
            ],
            [
              127.2859,
              -14.7265
            ],
            [
              127.2872,
              -14.7271
            ],
            [
              127.2885,
              -14.7277
            ],
            [
              127.2899,
              -14.7282
            ],
            [
              127.2913,
              -14.7287
            ],
            [
              127.2927,
              -14.7291
            ],
            [
              127.2941,
              -14.7294
            ],
            [
              127.2956,
              -14.7297
            ],
            [
              127.2971,
              -14.7299
            ],
            [
              127.2985,
              -14.73
            ],
            [
              127.3,
              -14.73
            ]
          ]
        ]
      },
      "properties": {
        "id": 60,
        "color": "green",
        "fillColor": "green",
        "strokeColor": "green",
        "strokeWidth": 2,
        "borderColor": "green",
        "boderWidth": 2
      }
    },
    {
      "type": "Feature",
      "geometry": {
        "type": "LineString",
        "coordinates": [
          [
            131.4,
            -11.8
          ],
          [
            131.0,
            -11.9
          ]
        ]
      },
      "properties": {
        "id": 61,
        "color": "green",
        "fillColor": "green",
        "strokeColor": "green",
        "strokeWidth": 2,
        "borderColor": "green",
        "boderWidth": 2
      }
    },
    {
      "type": "Feature",
      "geometry": {
        "type": "MultiPolygon",
        "coordinates": [
          [
            [
              [
                133.3,
                -10.307
              ],
              [
                133.3109,
                -10.3068
              ],
              [
                133.3217,
                -10.3063
              ],
              [
                133.3326,
                -10.3053
              ],
              [
                133.3434,
                -10.304
              ],
              [
                133.3541,
                -10.3023
              ],
              [
                133.3648,
                -10.3003
              ],
              [
                133.3754,
                -10.2979
              ],
              [
                133.3859,
                -10.2951
              ],
              [
                133.3963,
                -10.292
              ],
              [
                133.4066,
                -10.2885
              ],
              [
                133.4168,
                -10.2846
              ],
              [
                133.4268,
                -10.2805
              ],
              [
                133.4367,
                -10.2759
              ],
              [
                133.4464,
                -10.2711
              ],
              [
                133.4559,
                -10.2659
              ],
              [
                133.4652,
                -10.2604
              ],
              [
                133.4743,
                -10.2545
              ],
              [
                133.4832,
                -10.2484
              ],
              [
                133.4919,
                -10.2419
              ],
              [
                133.5004,
                -10.2352
              ],
              [
                133.5086,
                -10.2281
              ],
              [
                133.5166,
                -10.2208
              ],
              [
                133.5242,
                -10.2133
              ],
              [
                133.5317,
                -10.2054
              ],
              [
                133.5388,
                -10.1973
              ],
              [
                133.5457,
                -10.189
              ],
              [
                133.5522,
                -10.1805
              ],
              [
                133.5584,
                -10.1717
              ],
              [
                133.5644,
                -10.1627
              ],
              [
                133.57,
                -10.1535
              ],
              [
                133.5752,
                -10.1441
              ],
              [
                133.5802,
                -10.1346
              ],
              [
                133.5848,
                -10.1249
              ],
              [
                133.589,
                -10.115
              ],
              [
                133.5929,
                -10.105
              ],
              [
                133.5965,
                -10.0949
              ],
              [
                133.5997,
                -10.0846
              ],
              [
                133.6025,
                -10.0743
              ],
              [
                133.6049,
                -10.0638
              ],
              [
                133.607,
                -10.0533
              ],
              [
                133.6087,
                -10.0427
              ],
              [
                133.61,
                -10.0321
              ],
              [
                133.611,
                -10.0214
              ],
              [
                133.6115,
                -10.0107
              ],
              [
                133.6117,
                -10.0
              ],
              [
                133.6115,
                -9.9893
              ],
              [
                133.611,
                -9.9786
              ],
              [
                133.61,
                -9.9679
              ],
              [
                133.6087,
                -9.9573
              ],
              [
                133.607,
                -9.9467
              ],
              [
                133.6049,
                -9.9362
              ],
              [
                133.6025,
                -9.9257
              ],
              [
                133.5997,
                -9.9154
              ],
              [
                133.5965,
                -9.9051
              ],
              [
                133.5929,
                -9.895
              ],
              [
                133.5176,
                -9.6861
              ],
              [
                133.5133,
                -9.6753
              ],
              [
                133.5087,
                -9.6646
              ],
              [
                133.5037,
                -9.654
              ],
              [
                133.4984,
                -9.6437
              ],
              [
                133.4927,
                -9.6335
              ],
              [
                133.4866,
                -9.6235
              ],
              [
                133.4802,
                -9.6138
              ],
              [
                133.4734,
                -9.6043
              ],
              [
                133.4663,
                -9.595
              ],
              [
                133.4589,
                -9.586
              ],
              [
                133.4511,
                -9.5772
              ],
              [
                133.4431,
                -9.5687
              ],
              [
                133.4347,
                -9.5605
              ],
              [
                133.4261,
                -9.5525
              ],
              [
                133.4172,
                -9.5449
              ],
              [
                133.4081,
                -9.5376
              ],
              [
                133.3986,
                -9.5306
              ],
              [
                133.389,
                -9.5239
              ],
              [
                133.3791,
                -9.5176
              ],
              [
                133.369,
                -9.5116
              ],
              [
                133.3586,
                -9.506
              ],
              [
                133.3481,
                -9.5007
              ],
              [
                133.3374,
                -9.4958
              ],
              [
                133.3266,
                -9.4912
              ],
              [
                133.3156,
                -9.4871
              ],
              [
                133.3044,
                -9.4833
              ],
              [
                133.2931,
                -9.4799
              ],
              [
                133.2818,
                -9.4769
              ],
              [
                133.2703,
                -9.4743
              ],
              [
                133.2587,
                -9.4721
              ],
              [
                133.247,
                -9.4702
              ],
              [
                133.2353,
                -9.4688
              ],
              [
                133.2236,
                -9.4678
              ],
              [
                133.2118,
                -9.4672
              ],
              [
                133.2,
                -9.467
              ],
              [
                133.1882,
                -9.4672
              ],
              [
                133.1764,
                -9.4678
              ],
              [
                133.1647,
                -9.4688
              ],
              [
                133.153,
                -9.4702
              ],
              [
                133.1413,
                -9.4721
              ],
              [
                133.1297,
                -9.4743
              ],
              [
                133.1182,
                -9.4769
              ],
              [
                133.1069,
                -9.4799
              ],
              [
                133.0956,
                -9.4833
              ],
              [
                133.0844,
                -9.4871
              ],
              [
                133.0734,
                -9.4912
              ],
              [
                133.0626,
                -9.4958
              ],
              [
                133.0519,
                -9.5007
              ],
              [
                133.0414,
                -9.506
              ],
              [
                133.031,
                -9.5116
              ],
              [
                133.0209,
                -9.5176
              ],
              [
                133.011,
                -9.5239
              ],
              [
                133.0014,
                -9.5306
              ],
              [
                132.9919,
                -9.5376
              ],
              [
                132.9828,
                -9.5449
              ],
              [
                132.9739,
                -9.5525
              ],
              [
                132.9653,
                -9.5605
              ],
              [
                132.9569,
                -9.5687
              ],
              [
                132.9489,
                -9.5772
              ],
              [
                132.9411,
                -9.586
              ],
              [
                132.9337,
                -9.595
              ],
              [
                132.9266,
                -9.6043
              ],
              [
                132.9198,
                -9.6138
              ],
              [
                132.9134,
                -9.6235
              ],
              [
                132.9073,
                -9.6335
              ],
              [
                132.9016,
                -9.6437
              ],
              [
                132.8963,
                -9.654
              ],
              [
                132.8913,
                -9.6646
              ],
              [
                132.8867,
                -9.6753
              ],
              [
                132.8824,
                -9.6861
              ],
              [
                132.8786,
                -9.6971
              ],
              [
                132.8752,
                -9.7082
              ],
              [
                132.8721,
                -9.7194
              ],
              [
                132.8695,
                -9.7308
              ],
              [
                132.8672,
                -9.7422
              ],
              [
                132.8654,
                -9.7537
              ],
              [
                132.8639,
                -9.7652
              ],
              [
                132.8629,
                -9.7768
              ],
              [
                132.8623,
                -9.7884
              ],
              [
                132.8621,
                -9.8
              ],
              [
                132.8623,
                -9.8116
              ],
              [
                132.8629,
                -9.8232
              ],
              [
                132.8639,
                -9.8348
              ],
              [
                132.8654,
                -9.8463
              ],
              [
                132.8672,
                -9.8578
              ],
              [
                132.8695,
                -9.8692
              ],
              [
                132.8721,
                -9.8806
              ],
              [
                132.8752,
                -9.8918
              ],
              [
                132.8786,
                -9.9029
              ],
              [
                132.8824,
                -9.9139
              ],
              [
                132.8867,
                -9.9247
              ],
              [
                132.8913,
                -9.9354
              ],
              [
                132.8963,
                -9.946
              ],
              [
                132.9016,
                -9.9563
              ],
              [
                132.9073,
                -9.9665
              ],
              [
                132.9134,
                -9.9765
              ],
              [
                133.0356,
                -10.1627
              ],
              [
                133.0416,
                -10.1717
              ],
              [
                133.0478,
                -10.1805
              ],
              [
                133.0543,
                -10.189
              ],
              [
                133.0612,
                -10.1973
              ],
              [
                133.0683,
                -10.2054
              ],
              [
                133.0758,
                -10.2133
              ],
              [
                133.0834,
                -10.2208
              ],
              [
                133.0914,
                -10.2281
              ],
              [
                133.0996,
                -10.2352
              ],
              [
                133.1081,
                -10.2419
              ],
              [
                133.1168,
                -10.2484
              ],
              [
                133.1257,
                -10.2545
              ],
              [
                133.1348,
                -10.2604
              ],
              [
                133.1441,
                -10.2659
              ],
              [
                133.1536,
                -10.2711
              ],
              [
                133.1633,
                -10.2759
              ],
              [
                133.1732,
                -10.2805
              ],
              [
                133.1832,
                -10.2846
              ],
              [
                133.1934,
                -10.2885
              ],
              [
                133.2037,
                -10.292
              ],
              [
                133.2141,
                -10.2951
              ],
              [
                133.2246,
                -10.2979
              ],
              [
                133.2352,
                -10.3003
              ],
              [
                133.2459,
                -10.3023
              ],
              [
                133.2566,
                -10.304
              ],
              [
                133.2674,
                -10.3053
              ],
              [
                133.2783,
                -10.3063
              ],
              [
                133.2891,
                -10.3068
              ],
              [
                133.3,
                -10.307
              ]
            ]
          ],
          [
            [
              [
                127.3,
                -14.887
              ],
              [
                127.3067,
                -14.8869
              ],
              [
                127.3135,
                -14.8865
              ],
              [
                127.3202,
                -14.886
              ],
              [
                127.3269,
                -14.8852
              ],
              [
                127.3336,
                -14.8842
              ],
              [
                127.3402,
                -14.8829
              ],
              [
                127.3468,
                -14.8814
              ],
              [
                127.3533,
                -14.8798
              ],
              [
                127.3597,
                -14.8778
              ],
              [
                127.3661,
                -14.8757
              ],
              [
                127.3724,
                -14.8734
              ],
              [
                127.3786,
                -14.8708
              ],
              [
                127.705,
                -14.7284
              ],
              [
                127.7132,
                -14.7247
              ],
              [
                127.7212,
                -14.7207
              ],
              [
                128.1211,
                -14.5207
              ],
              [
                128.129,
                -14.5165
              ],
              [
                128.1367,
                -14.512
              ],
              [
                128.1443,
                -14.5073
              ],
              [
                128.1516,
                -14.5023
              ],
              [
                128.1588,
                -14.497
              ],
              [
                128.1658,
                -14.4915
              ],
              [
                128.1726,
                -14.4858
              ],
              [
                128.1792,
                -14.4798
              ],
              [
                128.1856,
                -14.4737
              ],
              [
                128.3854,
                -14.2737
              ],
              [
                128.3916,
                -14.2673
              ],
              [
                128.6071,
                -14.0328
              ],
              [
                129.0208,
                -13.8207
              ],
              [
                129.0286,
                -13.8165
              ],
              [
                129.0363,
                -13.812
              ],
              [
                129.0438,
                -13.8073
              ],
              [
                129.0512,
                -13.8023
              ],
              [
                129.0584,
                -13.797
              ],
              [
                129.0653,
                -13.7915
              ],
              [
                129.0721,
                -13.7858
              ],
              [
                129.0787,
                -13.7798
              ],
              [
                129.085,
                -13.7737
              ],
              [
                129.4417,
                -13.4167
              ],
              [
                129.8754,
                -13.2698
              ],
              [
                129.8921,
                -13.2636
              ],
              [
                129.9086,
                -13.2568
              ],
              [
                129.9248,
                -13.2494
              ],
              [
                129.9407,
                -13.2415
              ],
              [
                129.9564,
                -13.233
              ],
              [
                129.9717,
                -13.224
              ],
              [
                129.9867,
                -13.2145
              ],
              [
                130.0014,
                -13.2045
              ],
              [
                130.0157,
                -13.194
              ],
              [
                130.0296,
                -13.183
              ],
              [
                130.0431,
                -13.1716
              ],
              [
                130.0562,
                -13.1597
              ],
              [
                130.0688,
                -13.1473
              ],
              [
                130.081,
                -13.1346
              ],
              [
                130.0928,
                -13.1214
              ],
              [
                130.104,
                -13.1078
              ],
              [
                130.1148,
                -13.0939
              ],
              [
                130.1251,
                -13.0796
              ],
              [
                130.1348,
                -13.065
              ],
              [
                130.144,
                -13.05
              ],
              [
                130.1527,
                -13.0347
              ],
              [
                130.1608,
                -13.0192
              ],
              [
                130.1684,
                -13.0034
              ],
              [
                130.1754,
                -12.9873
              ],
              [
                130.1818,
                -12.971
              ],
              [
                130.1876,
                -12.9545
              ],
              [
                130.1929,
                -12.9378
              ],
              [
                130.1975,
                -12.921
              ],
              [
                130.2015,
                -12.904
              ],
              [
                130.205,
                -12.8868
              ],
              [
                130.2078,
                -12.8696
              ],
              [
                130.2099,
                -12.8523
              ],
              [
                130.2115,
                -12.8349
              ],
              [
                130.2124,
                -12.8174
              ],
              [
                130.2127,
                -12.8
              ],
              [
                130.2124,
                -12.7826
              ],
              [
                130.2115,
                -12.7651
              ],
              [
                130.2099,
                -12.7477
              ],
              [
                130.2078,
                -12.7304
              ],
              [
                130.205,
                -12.7132
              ],
              [
                130.2015,
                -12.696
              ],
              [
                130.1975,
                -12.679
              ],
              [
                130.1929,
                -12.6622
              ],
              [
                130.1876,
                -12.6455
              ],
              [
                130.1818,
                -12.629
              ],
              [
                130.1754,
                -12.6127
              ],
              [
                130.1684,
                -12.5966
              ],
              [
                130.1425,
                -12.5393
              ],
              [
                130.6874,
                -12.3349
              ],
              [
                130.6958,
                -12.3318
              ],
              [
                130.704,
                -12.3284
              ],
              [
                130.7121,
                -12.3247
              ],
              [
                130.72,
                -12.3207
              ],
              [
                131.0398,
                -12.1608
              ],
              [
                131.326,
                -12.2107
              ],
              [
                131.3407,
                -12.2129
              ],
              [
                131.3555,
                -12.2147
              ],
              [
                131.3703,
                -12.216
              ],
              [
                131.3851,
                -12.2167
              ],
              [
                131.4,
                -12.217
              ],
              [
                131.4149,
                -12.2167
              ],
              [
                131.4297,
                -12.216
              ],
              [
                131.4445,
                -12.2147
              ],
              [
                131.4593,
                -12.2129
              ],
              [
                131.474,
                -12.2107
              ],
              [
                131.4886,
                -12.2079
              ],
              [
                131.5031,
                -12.2046
              ],
              [
                131.5174,
                -12.2008
              ],
              [
                131.5316,
                -12.1966
              ],
              [
                131.5457,
                -12.1919
              ],
              [
                131.5596,
                -12.1866
              ],
              [
                131.5733,
                -12.1809
              ],
              [
                131.5867,
                -12.1748
              ],
              [
                131.6,
                -12.1682
              ],
              [
                131.613,
                -12.1611
              ],
              [
                131.6257,
                -12.1536
              ],
              [
                131.6382,
                -12.1457
              ],
              [
                131.6504,
                -12.1374
              ],
              [
                131.6623,
                -12.1286
              ],
              [
                131.9572,
                -11.897
              ],
              [
                131.9641,
                -11.8915
              ],
              [
                131.9708,
                -11.8858
              ],
              [
                131.9773,
                -11.8798
              ],
              [
                131.9837,
                -11.8737
              ],
              [
                131.9897,
                -11.8673
              ],
              [
                131.9956,
                -11.8607
              ],
              [
                132.0012,
                -11.8539
              ],
              [
                132.0065,
                -11.8469
              ],
              [
                132.0117,
                -11.8398
              ],
              [
                132.4112,
                -11.2398
              ],
              [
                132.4161,
                -11.2325
              ],
              [
                132.4206,
                -11.225
              ],
              [
                132.4249,
                -11.2174
              ],
              [
                132.429,
                -11.2096
              ],
              [
                132.6171,
                -10.8328
              ],
              [
                132.834,
                -10.5567
              ],
              [
                132.8429,
                -10.5451
              ],
              [
                132.8514,
                -10.5332
              ],
              [
                132.8594,
                -10.521
              ],
              [
                132.867,
                -10.5085
              ],
              [
                132.8742,
                -10.4958
              ],
              [
                132.8809,
                -10.4828
              ],
              [
                132.8872,
                -10.4696
              ],
              [
                132.893,
                -10.4562
              ],
              [
                132.8983,
                -10.4426
              ],
              [
                132.9031,
                -10.4289
              ],
              [
                132.9074,
                -10.4149
              ],
              [
                132.9112,
                -10.4009
              ],
              [
                132.9146,
                -10.3867
              ],
              [
                132.9174,
                -10.3724
              ],
              [
                132.9197,
                -10.358
              ],
              [
                132.9215,
                -10.3436
              ],
              [
                132.9228,
                -10.3291
              ],
              [
                132.9236,
                -10.3146
              ],
              [
                132.9238,
                -10.3
              ],
              [
                132.9236,
                -10.2854
              ],
              [
                132.9228,
                -10.2709
              ],
              [
                132.9215,
                -10.2564
              ],
              [
                132.9197,
                -10.242
              ],
              [
                132.9174,
                -10.2276
              ],
              [
                132.9146,
                -10.2133
              ],
              [
                132.9112,
                -10.1991
              ],
              [
                132.9074,
                -10.1851
              ],
              [
                132.9031,
                -10.1711
              ],
              [
                132.8983,
                -10.1574
              ],
              [
                132.893,
                -10.1438
              ],
              [
                132.8872,
                -10.1304
              ],
              [
                132.8809,
                -10.1172
              ],
              [
                132.8742,
                -10.1042
              ],
              [
                132.867,
                -10.0915
              ],
              [
                132.8594,
                -10.079
              ],
              [
                132.8514,
                -10.0668
              ],
              [
                132.8429,
                -10.0549
              ],
              [
                132.834,
                -10.0433
              ],
              [
                132.8247,
                -10.032
              ],
              [
                132.815,
                -10.021
              ],
              [
                132.8049,
                -10.0103
              ],
              [
                132.7944,
                -10.0
              ],
              [
                132.7836,
                -9.9901
              ],
              [
                132.7724,
                -9.9806
              ],
              [
                132.7609,
                -9.9714
              ],
              [
                132.7491,
                -9.9626
              ],
              [
                132.737,
                -9.9543
              ],
              [
                132.7246,
                -9.9464
              ],
              [
                132.7119,
                -9.9389
              ],
              [
                132.699,
                -9.9318
              ],
              [
                132.6858,
                -9.9252
              ],
              [
                132.6724,
                -9.9191
              ],
              [
                132.6588,
                -9.9134
              ],
              [
                132.645,
                -9.9081
              ],
              [
                132.631,
                -9.9034
              ],
              [
                132.6168,
                -9.8992
              ],
              [
                132.6025,
                -9.8954
              ],
              [
                132.5881,
                -9.8921
              ],
              [
                132.5736,
                -9.8893
              ],
              [
                132.559,
                -9.8871
              ],
              [
                132.5443,
                -9.8853
              ],
              [
                132.5296,
                -9.884
              ],
              [
                132.5148,
                -9.8833
              ],
              [
                132.5,
                -9.883
              ],
              [
                132.4852,
                -9.8833
              ],
              [
                132.4704,
                -9.884
              ],
              [
                132.4557,
                -9.8853
              ],
              [
                132.441,
                -9.8871
              ],
              [
                132.4264,
                -9.8893
              ],
              [
                132.4119,
                -9.8921
              ],
              [
                132.3975,
                -9.8954
              ],
              [
                132.3832,
                -9.8992
              ],
              [
                132.369,
                -9.9034
              ],
              [
                132.355,
                -9.9081
              ],
              [
                132.3412,
                -9.9134
              ],
              [
                132.3276,
                -9.9191
              ],
              [
                132.3142,
                -9.9252
              ],
              [
                132.301,
                -9.9318
              ],
              [
                132.2881,
                -9.9389
              ],
              [
                132.2754,
                -9.9464
              ],
              [
                132.263,
                -9.9543
              ],
              [
                132.2509,
                -9.9626
              ],
              [
                132.2391,
                -9.9714
              ],
              [
                132.2276,
                -9.9806
              ],
              [
                132.2164,
                -9.9901
              ],
              [
                132.2056,
                -10.0
              ],
              [
                132.1951,
                -10.0103
              ],
              [
                132.185,
                -10.021
              ],
              [
                132.1753,
                -10.032
              ],
              [
                132.166,
                -10.0433
              ],
              [
                132.1571,
                -10.0549
              ],
              [
                132.1486,
                -10.0668
              ],
              [
                132.1406,
                -10.079
              ],
              [
                132.133,
                -10.0915
              ],
              [
                132.1258,
                -10.1042
              ],
              [
                132.1191,
                -10.1172
              ],
              [
                132.1128,
                -10.1304
              ],
              [
                132.107,
                -10.1438
              ],
              [
                132.1017,
                -10.1574
              ],
              [
                132.0969,
                -10.1711
              ],
              [
                132.0926,
                -10.1851
              ],
              [
                132.0888,
                -10.1991
              ],
              [
                132.0854,
                -10.2133
              ],
              [
                132.0826,
                -10.2276
              ],
              [
                132.0803,
                -10.242
              ],
              [
                132.0785,
                -10.2564
              ],
              [
                132.0772,
                -10.2709
              ],
              [
                132.0764,
                -10.2854
              ],
              [
                132.0762,
                -10.3
              ],
              [
                132.0764,
                -10.3146
              ],
              [
                132.0772,
                -10.3291
              ],
              [
                132.0785,
                -10.3436
              ],
              [
                132.0803,
                -10.358
              ],
              [
                132.0826,
                -10.3724
              ],
              [
                132.135,
                -10.663
              ],
              [
                131.9782,
                -10.9761
              ],
              [
                131.6786,
                -11.425
              ],
              [
                131.474,
                -11.3893
              ],
              [
                131.4593,
                -11.3871
              ],
              [
                131.4445,
                -11.3853
              ],
              [
                131.4297,
                -11.384
              ],
              [
                131.4149,
                -11.3833
              ],
              [
                131.4,
                -11.383
              ],
              [
                131.3851,
                -11.3833
              ],
              [
                131.3703,
                -11.384
              ],
              [
                131.3555,
                -11.3853
              ],
              [
                131.3407,
                -11.3871
              ],
              [
                131.326,
                -11.3893
              ],
              [
                131.3114,
                -11.3921
              ],
              [
                131.2969,
                -11.3954
              ],
              [
                131.2826,
                -11.3992
              ],
              [
                131.2684,
                -11.4034
              ],
              [
                131.2543,
                -11.4081
              ],
              [
                131.2404,
                -11.4134
              ],
              [
                131.2267,
                -11.4191
              ],
              [
                131.2133,
                -11.4252
              ],
              [
                131.2,
                -11.4318
              ],
              [
                131.187,
                -11.4389
              ],
              [
                131.1743,
                -11.4464
              ],
              [
                131.1618,
                -11.4543
              ],
              [
                131.1496,
                -11.4626
              ],
              [
                131.1377,
                -11.4714
              ],
              [
                130.8605,
                -11.6891
              ],
              [
                130.4957,
                -11.8714
              ],
              [
                129.7041,
                -12.1682
              ],
              [
                129.6959,
                -12.1716
              ],
              [
                129.6878,
                -12.1753
              ],
              [
                129.6798,
                -12.1793
              ],
              [
                129.672,
                -12.1835
              ],
              [
                129.6644,
                -12.188
              ],
              [
                129.6569,
                -12.1927
              ],
              [
                129.6495,
                -12.1977
              ],
              [
                129.6424,
                -12.203
              ],
              [
                129.3843,
                -12.406
              ],
              [
                129.3704,
                -12.417
              ],
              [
                129.3569,
                -12.4284
              ],
              [
                129.3438,
                -12.4403
              ],
              [
                129.3312,
                -12.4527
              ],
              [
                129.319,
                -12.4654
              ],
              [
                129.3072,
                -12.4786
              ],
              [
                129.296,
                -12.4922
              ],
              [
                129.2852,
                -12.5061
              ],
              [
                129.2749,
                -12.5204
              ],
              [
                129.2652,
                -12.535
              ],
              [
                129.256,
                -12.55
              ],
              [
                129.2473,
                -12.5653
              ],
              [
                129.2392,
                -12.5808
              ],
              [
                129.2316,
                -12.5966
              ],
              [
                129.2246,
                -12.6127
              ],
              [
                129.2182,
                -12.629
              ],
              [
                129.2124,
                -12.6455
              ],
              [
                129.0738,
                -13.0678
              ],
              [
                128.715,
                -13.4263
              ],
              [
                128.7089,
                -13.4327
              ],
              [
                128.4014,
                -13.7588
              ],
              [
                128.1118,
                -13.8651
              ],
              [
                128.1034,
                -13.8682
              ],
              [
                128.0952,
                -13.8716
              ],
              [
                128.087,
                -13.8753
              ],
              [
                128.079,
                -13.8793
              ],
              [
                128.0711,
                -13.8835
              ],
              [
                128.0634,
                -13.888
              ],
              [
                128.0559,
                -13.8927
              ],
              [
                128.0485,
                -13.8977
              ],
              [
                128.0413,
                -13.903
              ],
              [
                128.0343,
                -13.9085
              ],
              [
                128.0275,
                -13.9142
              ],
              [
                128.0209,
                -13.9202
              ],
              [
                128.0146,
                -13.9263
              ],
              [
                127.8442,
                -14.0966
              ],
              [
                127.4788,
                -14.2793
              ],
              [
                127.4709,
                -14.2835
              ],
              [
                127.4632,
                -14.288
              ],
              [
                127.4556,
                -14.2927
              ],
              [
                127.4482,
                -14.2977
              ],
              [
                127.441,
                -14.303
              ],
              [
                127.434,
                -14.3085
              ],
              [
                127.4272,
                -14.3142
              ],
              [
                127.4206,
                -14.3202
              ],
              [
                127.1657,
                -14.5655
              ],
              [
                127.1609,
                -14.5701
              ],
              [
                127.1563,
                -14.5749
              ],
              [
                127.1519,
                -14.5798
              ],
              [
                127.1477,
                -14.5849
              ],
              [
                127.1436,
                -14.5901
              ],
              [
                127.1397,
                -14.5954
              ],
              [
                127.136,
                -14.6009
              ],
              [
                127.1326,
                -14.6065
              ],
              [
                127.1293,
                -14.6122
              ],
              [
                127.1262,
                -14.618
              ],
              [
                127.1234,
                -14.6239
              ],
              [
                127.1207,
                -14.6299
              ],
              [
                127.1183,
                -14.636
              ],
              [
                127.1161,
                -14.6422
              ],
              [
                127.1142,
                -14.6485
              ],
              [
                127.1124,
                -14.6548
              ],
              [
                127.1109,
                -14.6611
              ],
              [
                127.1096,
                -14.6675
              ],
              [
                127.1086,
                -14.674
              ],
              [
                127.1077,
                -14.6805
              ],
              [
                127.1071,
                -14.687
              ],
              [
                127.1068,
                -14.6935
              ],
              [
                127.1067,
                -14.7
              ],
              [
                127.1068,
                -14.7065
              ],
              [
                127.1071,
                -14.713
              ],
              [
                127.1077,
                -14.7195
              ],
              [
                127.1086,
                -14.726
              ],
              [
                127.1096,
                -14.7325
              ],
              [
                127.1109,
                -14.7389
              ],
              [
                127.1124,
                -14.7452
              ],
              [
                127.1142,
                -14.7515
              ],
              [
                127.1161,
                -14.7578
              ],
              [
                127.1183,
                -14.764
              ],
              [
                127.1207,
                -14.7701
              ],
              [
                127.1234,
                -14.7761
              ],
              [
                127.1262,
                -14.782
              ],
              [
                127.1293,
                -14.7878
              ],
              [
                127.1326,
                -14.7935
              ],
              [
                127.136,
                -14.7991
              ],
              [
                127.1397,
                -14.8046
              ],
              [
                127.1436,
                -14.8099
              ],
              [
                127.1477,
                -14.8151
              ],
              [
                127.1519,
                -14.8202
              ],
              [
                127.1563,
                -14.8251
              ],
              [
                127.1609,
                -14.8299
              ],
              [
                127.1657,
                -14.8345
              ],
              [
                127.1706,
                -14.839
              ],
              [
                127.1757,
                -14.8433
              ],
              [
                127.181,
                -14.8474
              ],
              [
                127.1864,
                -14.8513
              ],
              [
                127.1919,
                -14.855
              ],
              [
                127.1976,
                -14.8586
              ],
              [
                127.2033,
                -14.8619
              ],
              [
                127.2092,
                -14.8651
              ],
              [
                127.2153,
                -14.8681
              ],
              [
                127.2214,
                -14.8708
              ],
              [
                127.2276,
                -14.8734
              ],
              [
                127.2339,
                -14.8757
              ],
              [
                127.2403,
                -14.8778
              ],
              [
                127.2467,
                -14.8798
              ],
              [
                127.2532,
                -14.8814
              ],
              [
                127.2598,
                -14.8829
              ],
              [
                127.2664,
                -14.8842
              ],
              [
                127.2731,
                -14.8852
              ],
              [
                127.2798,
                -14.886
              ],
              [
                127.2865,
                -14.8865
              ],
              [
                127.2933,
                -14.8869
              ],
              [
                127.3,
                -14.887
              ]
            ]
          ]
        ]
      },
      "properties": {
        "id": 62,
        "color": "Red",
        "fillColor": "Red",
        "strokeColor": "green",
        "strokeWidth": 2,
        "borderColor": "green",
        "boderWidth": 2
      }
    },
    {
      "type": "Feature",
      "geometry": {
        "type": "Polygon",
        "coordinates": [
          [
            [
              65.3333,
              26.2
            ],
            [
              65.3333,
              26.2
            ],
            [
              67.9333,
              23.85
            ],
            [
              88.05,
              26.2833
            ],
            [
              84.0,
              30.7
            ],
            [
              65.3333,
              26.2
            ]
          ]
        ]
      },
      "properties": {
        "id": 63,
        "color": "green",
        "fillColor": "green",
        "strokeColor": "green",
        "strokeWidth": 2,
        "borderColor": "green",
        "boderWidth": 2
      }
    },
    {
      "type": "Feature",
      "geometry": {
        "type": "LineString",
        "coordinates": [
          [
            129.8,
            -12.4
          ],
          [
            129.7,
            -12.8
          ]
        ]
      },
      "properties": {
        "id": 64,
        "color": "green",
        "fillColor": "green",
        "strokeColor": "green",
        "strokeWidth": 2,
        "borderColor": "green",
        "boderWidth": 2
      }
    },
    {
      "type": "Feature",
      "geometry": {
        "type": "Polygon",
        "coordinates": [
          [
            [
              133.2,
              -9.83
            ],
            [
              133.2015,
              -9.83
            ],
            [
              133.2029,
              -9.8299
            ],
            [
              133.2044,
              -9.8297
            ],
            [
              133.2059,
              -9.8294
            ],
            [
              133.2073,
              -9.8291
            ],
            [
              133.2087,
              -9.8287
            ],
            [
              133.2101,
              -9.8282
            ],
            [
              133.2115,
              -9.8277
            ],
            [
              133.2128,
              -9.8271
            ],
            [
              133.2141,
              -9.8265
            ],
            [
              133.2154,
              -9.8257
            ],
            [
              133.2167,
              -9.8249
            ],
            [
              133.2179,
              -9.8241
            ],
            [
              133.219,
              -9.8232
            ],
            [
              133.2201,
              -9.8222
            ],
            [
              133.2212,
              -9.8212
            ],
            [
              133.2222,
              -9.8201
            ],
            [
              133.2232,
              -9.819
            ],
            [
              133.2241,
              -9.8179
            ],
            [
              133.2249,
              -9.8167
            ],
            [
              133.2257,
              -9.8154
            ],
            [
              133.2265,
              -9.8141
            ],
            [
              133.2271,
              -9.8128
            ],
            [
              133.2277,
              -9.8115
            ],
            [
              133.2282,
              -9.8101
            ],
            [
              133.2287,
              -9.8087
            ],
            [
              133.2291,
              -9.8073
            ],
            [
              133.2294,
              -9.8059
            ],
            [
              133.2297,
              -9.8044
            ],
            [
              133.2299,
              -9.8029
            ],
            [
              133.23,
              -9.8015
            ],
            [
              133.23,
              -9.8
            ],
            [
              133.23,
              -9.7985
            ],
            [
              133.2299,
              -9.7971
            ],
            [
              133.2297,
              -9.7956
            ],
            [
              133.2294,
              -9.7941
            ],
            [
              133.2291,
              -9.7927
            ],
            [
              133.2287,
              -9.7913
            ],
            [
              133.2282,
              -9.7899
            ],
            [
              133.2277,
              -9.7885
            ],
            [
              133.2271,
              -9.7872
            ],
            [
              133.2265,
              -9.7859
            ],
            [
              133.2257,
              -9.7846
            ],
            [
              133.2249,
              -9.7833
            ],
            [
              133.2241,
              -9.7821
            ],
            [
              133.2232,
              -9.781
            ],
            [
              133.2222,
              -9.7799
            ],
            [
              133.2212,
              -9.7788
            ],
            [
              133.2201,
              -9.7778
            ],
            [
              133.219,
              -9.7768
            ],
            [
              133.2179,
              -9.7759
            ],
            [
              133.2167,
              -9.7751
            ],
            [
              133.2154,
              -9.7743
            ],
            [
              133.2141,
              -9.7735
            ],
            [
              133.2128,
              -9.7729
            ],
            [
              133.2115,
              -9.7723
            ],
            [
              133.2101,
              -9.7718
            ],
            [
              133.2087,
              -9.7713
            ],
            [
              133.2073,
              -9.7709
            ],
            [
              133.2059,
              -9.7706
            ],
            [
              133.2044,
              -9.7703
            ],
            [
              133.2029,
              -9.7701
            ],
            [
              133.2015,
              -9.77
            ],
            [
              133.2,
              -9.77
            ],
            [
              133.1985,
              -9.77
            ],
            [
              133.1971,
              -9.7701
            ],
            [
              133.1956,
              -9.7703
            ],
            [
              133.1941,
              -9.7706
            ],
            [
              133.1927,
              -9.7709
            ],
            [
              133.1913,
              -9.7713
            ],
            [
              133.1899,
              -9.7718
            ],
            [
              133.1885,
              -9.7723
            ],
            [
              133.1872,
              -9.7729
            ],
            [
              133.1859,
              -9.7735
            ],
            [
              133.1846,
              -9.7743
            ],
            [
              133.1833,
              -9.7751
            ],
            [
              133.1821,
              -9.7759
            ],
            [
              133.181,
              -9.7768
            ],
            [
              133.1799,
              -9.7778
            ],
            [
              133.1788,
              -9.7788
            ],
            [
              133.1778,
              -9.7799
            ],
            [
              133.1768,
              -9.781
            ],
            [
              133.1759,
              -9.7821
            ],
            [
              133.1751,
              -9.7833
            ],
            [
              133.1743,
              -9.7846
            ],
            [
              133.1735,
              -9.7859
            ],
            [
              133.1729,
              -9.7872
            ],
            [
              133.1723,
              -9.7885
            ],
            [
              133.1718,
              -9.7899
            ],
            [
              133.1713,
              -9.7913
            ],
            [
              133.1709,
              -9.7927
            ],
            [
              133.1706,
              -9.7941
            ],
            [
              133.1703,
              -9.7956
            ],
            [
              133.1701,
              -9.7971
            ],
            [
              133.17,
              -9.7985
            ],
            [
              133.17,
              -9.8
            ],
            [
              133.17,
              -9.8015
            ],
            [
              133.1701,
              -9.8029
            ],
            [
              133.1703,
              -9.8044
            ],
            [
              133.1706,
              -9.8059
            ],
            [
              133.1709,
              -9.8073
            ],
            [
              133.1713,
              -9.8087
            ],
            [
              133.1718,
              -9.8101
            ],
            [
              133.1723,
              -9.8115
            ],
            [
              133.1729,
              -9.8128
            ],
            [
              133.1735,
              -9.8141
            ],
            [
              133.1743,
              -9.8154
            ],
            [
              133.1751,
              -9.8167
            ],
            [
              133.1759,
              -9.8179
            ],
            [
              133.1768,
              -9.819
            ],
            [
              133.1778,
              -9.8201
            ],
            [
              133.1788,
              -9.8212
            ],
            [
              133.1799,
              -9.8222
            ],
            [
              133.181,
              -9.8232
            ],
            [
              133.1821,
              -9.8241
            ],
            [
              133.1833,
              -9.8249
            ],
            [
              133.1846,
              -9.8257
            ],
            [
              133.1859,
              -9.8265
            ],
            [
              133.1872,
              -9.8271
            ],
            [
              133.1885,
              -9.8277
            ],
            [
              133.1899,
              -9.8282
            ],
            [
              133.1913,
              -9.8287
            ],
            [
              133.1927,
              -9.8291
            ],
            [
              133.1941,
              -9.8294
            ],
            [
              133.1956,
              -9.8297
            ],
            [
              133.1971,
              -9.8299
            ],
            [
              133.1985,
              -9.83
            ],
            [
              133.2,
              -9.83
            ]
          ]
        ]
      },
      "properties": {
        "id": 65,
        "color": "green",
        "fillColor": "green",
        "strokeColor": "green",
        "strokeWidth": 2,
        "borderColor": "green",
        "boderWidth": 2
      }
    },
    {
      "type": "Feature",
      "geometry": {
        "type": "Polygon",
        "coordinates": [
          [
            [
              126.8,
              -15.8
            ],
            [
              126.8,
              -15.8
            ],
            [
              126.8,
              -15.8
            ],
            [
              126.8,
              -15.8
            ],
            [
              126.8,
              -15.8
            ],
            [
              126.8,
              -15.8
            ],
            [
              126.8,
              -15.8
            ],
            [
              126.8,
              -15.8
            ],
            [
              126.8,
              -15.8
            ],
            [
              126.8,
              -15.8
            ],
            [
              126.8,
              -15.8
            ],
            [
              126.8,
              -15.8
            ],
            [
              126.8,
              -15.8
            ],
            [
              126.8,
              -15.8
            ],
            [
              126.8,
              -15.8
            ],
            [
              126.8,
              -15.8
            ],
            [
              126.8,
              -15.8
            ],
            [
              126.8,
              -15.8
            ],
            [
              126.8,
              -15.8
            ],
            [
              126.8,
              -15.8
            ],
            [
              126.8,
              -15.8
            ],
            [
              126.8,
              -15.8
            ],
            [
              126.8,
              -15.8
            ],
            [
              126.8,
              -15.8
            ],
            [
              126.8,
              -15.8
            ],
            [
              126.8,
              -15.8
            ],
            [
              126.8,
              -15.8
            ],
            [
              126.8,
              -15.8
            ],
            [
              126.8,
              -15.8
            ],
            [
              126.8,
              -15.8
            ],
            [
              126.8,
              -15.8
            ],
            [
              126.8,
              -15.8
            ],
            [
              126.8,
              -15.8
            ],
            [
              126.8,
              -15.8
            ],
            [
              126.8,
              -15.8
            ],
            [
              126.8,
              -15.8
            ],
            [
              126.8,
              -15.8
            ],
            [
              126.8,
              -15.8
            ],
            [
              126.8,
              -15.8
            ],
            [
              126.8,
              -15.8
            ],
            [
              126.8,
              -15.8
            ],
            [
              126.8,
              -15.8
            ],
            [
              126.8,
              -15.8
            ],
            [
              126.8,
              -15.8
            ],
            [
              126.8,
              -15.8
            ],
            [
              126.8,
              -15.8
            ],
            [
              126.8,
              -15.8
            ],
            [
              126.8,
              -15.8
            ],
            [
              126.8,
              -15.8
            ],
            [
              126.8,
              -15.8
            ],
            [
              126.8,
              -15.8
            ],
            [
              126.8,
              -15.8
            ],
            [
              126.8,
              -15.8
            ],
            [
              126.8,
              -15.8
            ],
            [
              126.8,
              -15.8
            ],
            [
              126.8,
              -15.8
            ],
            [
              126.8,
              -15.8
            ],
            [
              126.8,
              -15.8
            ],
            [
              126.8,
              -15.8
            ],
            [
              126.8,
              -15.8
            ],
            [
              126.8,
              -15.8
            ],
            [
              126.8,
              -15.8
            ],
            [
              126.8,
              -15.8
            ],
            [
              126.8,
              -15.8
            ],
            [
              126.8,
              -15.8
            ],
            [
              126.8,
              -15.8
            ],
            [
              126.8,
              -15.8
            ],
            [
              126.8,
              -15.8
            ],
            [
              126.8,
              -15.8
            ],
            [
              126.8,
              -15.8
            ],
            [
              126.8,
              -15.8
            ],
            [
              126.8,
              -15.8
            ],
            [
              126.8,
              -15.8
            ],
            [
              126.8,
              -15.8
            ],
            [
              126.8,
              -15.8
            ],
            [
              126.8,
              -15.8
            ],
            [
              126.8,
              -15.8
            ],
            [
              126.8,
              -15.8
            ],
            [
              126.8,
              -15.8
            ],
            [
              126.8,
              -15.8
            ],
            [
              126.8,
              -15.8
            ],
            [
              126.8,
              -15.8
            ],
            [
              126.8,
              -15.8
            ],
            [
              126.8,
              -15.8
            ],
            [
              126.8,
              -15.8
            ],
            [
              126.8,
              -15.8
            ],
            [
              126.8,
              -15.8
            ],
            [
              126.8,
              -15.8
            ],
            [
              126.8,
              -15.8
            ],
            [
              126.8,
              -15.8
            ],
            [
              126.8,
              -15.8
            ],
            [
              126.8,
              -15.8
            ],
            [
              126.8,
              -15.8
            ],
            [
              126.8,
              -15.8
            ],
            [
              126.8,
              -15.8
            ],
            [
              126.8,
              -15.8
            ],
            [
              126.8,
              -15.8
            ],
            [
              126.8,
              -15.8
            ],
            [
              126.8,
              -15.8
            ],
            [
              126.8,
              -15.8
            ],
            [
              126.8,
              -15.8
            ],
            [
              126.8,
              -15.8
            ],
            [
              126.8,
              -15.8
            ],
            [
              126.8,
              -15.8
            ],
            [
              126.8,
              -15.8
            ],
            [
              126.8,
              -15.8
            ],
            [
              126.8,
              -15.8
            ],
            [
              126.8,
              -15.8
            ],
            [
              126.8,
              -15.8
            ],
            [
              126.8,
              -15.8
            ],
            [
              126.8,
              -15.8
            ],
            [
              126.8,
              -15.8
            ],
            [
              126.8,
              -15.8
            ],
            [
              126.8,
              -15.8
            ],
            [
              126.8,
              -15.8
            ],
            [
              126.8,
              -15.8
            ],
            [
              126.8,
              -15.8
            ],
            [
              126.8,
              -15.8
            ],
            [
              126.8,
              -15.8
            ],
            [
              126.8,
              -15.8
            ],
            [
              126.8,
              -15.8
            ],
            [
              126.8,
              -15.8
            ],
            [
              126.8,
              -15.8
            ],
            [
              126.8,
              -15.8
            ],
            [
              126.8,
              -15.8
            ],
            [
              126.8,
              -15.8
            ],
            [
              126.8,
              -15.8
            ],
            [
              126.8,
              -15.8
            ],
            [
              126.8,
              -15.8
            ],
            [
              126.8,
              -15.8
            ],
            [
              126.8,
              -15.8
            ],
            [
              126.8,
              -15.8
            ],
            [
              126.8,
              -15.8
            ],
            [
              126.8,
              -15.8
            ],
            [
              126.8,
              -15.8
            ],
            [
              126.8,
              -15.8
            ],
            [
              126.8,
              -15.8
            ],
            [
              126.8,
              -15.8
            ],
            [
              126.8,
              -15.8
            ],
            [
              126.8,
              -15.8
            ],
            [
              126.8,
              -15.8
            ],
            [
              126.8,
              -15.8
            ],
            [
              126.8,
              -15.8
            ],
            [
              126.8,
              -15.8
            ],
            [
              126.8,
              -15.8
            ],
            [
              126.8,
              -15.8
            ],
            [
              126.8,
              -15.8
            ],
            [
              126.8,
              -15.8
            ],
            [
              126.8,
              -15.8
            ],
            [
              126.8,
              -15.8
            ],
            [
              126.8,
              -15.8
            ],
            [
              126.8,
              -15.8
            ],
            [
              126.8,
              -15.8
            ],
            [
              126.8,
              -15.8
            ],
            [
              126.8,
              -15.8
            ],
            [
              126.8,
              -15.8
            ],
            [
              126.8,
              -15.8
            ],
            [
              126.8,
              -15.8
            ],
            [
              126.8,
              -15.8
            ],
            [
              126.8,
              -15.8
            ],
            [
              126.8,
              -15.8
            ],
            [
              126.8,
              -15.8
            ],
            [
              126.8,
              -15.8
            ],
            [
              126.8,
              -15.8
            ],
            [
              126.8,
              -15.8
            ],
            [
              126.8,
              -15.8
            ],
            [
              126.8,
              -15.8
            ],
            [
              126.8,
              -15.8
            ],
            [
              126.8,
              -15.8
            ],
            [
              126.8,
              -15.8
            ],
            [
              126.8,
              -15.8
            ],
            [
              126.8,
              -15.8
            ],
            [
              126.8,
              -15.8
            ],
            [
              126.8,
              -15.8
            ],
            [
              126.8,
              -15.8
            ],
            [
              126.8,
              -15.8
            ],
            [
              126.8,
              -15.8
            ],
            [
              126.8,
              -15.8
            ],
            [
              126.8,
              -15.8
            ],
            [
              126.8,
              -15.8
            ],
            [
              126.8,
              -15.8
            ],
            [
              126.8,
              -15.8
            ],
            [
              126.8,
              -15.8
            ],
            [
              126.8,
              -15.8
            ],
            [
              126.8,
              -15.8
            ],
            [
              126.8,
              -15.8
            ],
            [
              126.8,
              -15.8
            ],
            [
              126.8,
              -15.8
            ],
            [
              126.8,
              -15.8
            ],
            [
              126.8,
              -15.8
            ],
            [
              126.8,
              -15.8
            ],
            [
              126.8,
              -15.8
            ],
            [
              126.8,
              -15.8
            ],
            [
              126.8,
              -15.8
            ],
            [
              126.8,
              -15.8
            ],
            [
              126.8,
              -15.8
            ],
            [
              126.8,
              -15.8
            ],
            [
              126.8,
              -15.8
            ],
            [
              126.8,
              -15.8
            ],
            [
              126.8,
              -15.8
            ],
            [
              126.8,
              -15.8
            ],
            [
              126.8,
              -15.8
            ],
            [
              126.8,
              -15.8
            ],
            [
              126.8,
              -15.8
            ],
            [
              126.8,
              -15.8
            ],
            [
              126.8,
              -15.8
            ],
            [
              126.8,
              -15.8
            ],
            [
              126.8,
              -15.8
            ],
            [
              126.8,
              -15.8
            ],
            [
              126.8,
              -15.8
            ],
            [
              126.8,
              -15.8
            ],
            [
              126.8,
              -15.8
            ],
            [
              126.8,
              -15.8
            ],
            [
              126.8,
              -15.8
            ],
            [
              126.8,
              -15.8
            ],
            [
              126.8,
              -15.8
            ],
            [
              126.8,
              -15.8
            ],
            [
              126.8,
              -15.8
            ],
            [
              126.8,
              -15.8
            ],
            [
              126.8,
              -15.8
            ],
            [
              126.8,
              -15.8
            ],
            [
              126.8,
              -15.8
            ],
            [
              126.8,
              -15.8
            ],
            [
              126.8,
              -15.8
            ],
            [
              126.8,
              -15.8
            ],
            [
              126.8,
              -15.8
            ],
            [
              126.8,
              -15.8
            ],
            [
              126.8,
              -15.8
            ],
            [
              126.8,
              -15.8
            ],
            [
              126.8,
              -15.8
            ],
            [
              126.8,
              -15.8
            ],
            [
              126.8,
              -15.8
            ],
            [
              126.8,
              -15.8
            ],
            [
              126.8,
              -15.8
            ],
            [
              126.8,
              -15.8
            ],
            [
              126.8,
              -15.8
            ],
            [
              126.8,
              -15.8
            ],
            [
              126.8,
              -15.8
            ],
            [
              126.8,
              -15.8
            ],
            [
              126.8,
              -15.8
            ],
            [
              126.8,
              -15.8
            ],
            [
              126.8,
              -15.8
            ],
            [
              126.8,
              -15.8
            ],
            [
              126.8,
              -15.8
            ],
            [
              126.8,
              -15.8
            ],
            [
              126.8,
              -15.8
            ],
            [
              126.8,
              -15.8
            ],
            [
              126.8,
              -15.8
            ],
            [
              126.8,
              -15.8
            ],
            [
              126.8,
              -15.8
            ],
            [
              126.8,
              -15.8
            ],
            [
              126.8,
              -15.8
            ],
            [
              126.8,
              -15.8
            ],
            [
              126.8,
              -15.8
            ],
            [
              126.8,
              -15.8
            ],
            [
              126.8,
              -15.8
            ],
            [
              126.8,
              -15.8
            ],
            [
              126.8,
              -15.8
            ],
            [
              126.8,
              -15.8
            ],
            [
              126.8,
              -15.8
            ],
            [
              126.8,
              -15.8
            ],
            [
              126.8,
              -15.8
            ],
            [
              126.8,
              -15.8
            ],
            [
              126.8,
              -15.8
            ],
            [
              126.8,
              -15.8
            ],
            [
              126.8,
              -15.8
            ],
            [
              126.8,
              -15.8
            ],
            [
              126.8,
              -15.8
            ],
            [
              126.8,
              -15.8
            ],
            [
              126.8,
              -15.8
            ],
            [
              126.8,
              -15.8
            ],
            [
              126.8,
              -15.8
            ],
            [
              126.8,
              -15.8
            ],
            [
              126.8,
              -15.8
            ],
            [
              126.8,
              -15.8
            ],
            [
              126.8,
              -15.8
            ],
            [
              126.8,
              -15.8
            ],
            [
              126.8,
              -15.8
            ],
            [
              126.8,
              -15.8
            ],
            [
              126.8,
              -15.8
            ],
            [
              126.8,
              -15.8
            ],
            [
              126.8,
              -15.8
            ],
            [
              126.8,
              -15.8
            ],
            [
              126.8,
              -15.8
            ],
            [
              126.8,
              -15.8
            ],
            [
              126.8,
              -15.8
            ],
            [
              126.8,
              -15.8
            ],
            [
              126.8,
              -15.8
            ],
            [
              126.8,
              -15.8
            ],
            [
              126.8,
              -15.8
            ],
            [
              126.8,
              -15.8
            ],
            [
              126.8,
              -15.8
            ],
            [
              126.8,
              -15.8
            ],
            [
              126.8,
              -15.8
            ],
            [
              126.8,
              -15.8
            ],
            [
              126.8,
              -15.8
            ],
            [
              126.8,
              -15.8
            ],
            [
              126.8,
              -15.8
            ],
            [
              126.8,
              -15.8
            ],
            [
              126.8,
              -15.8
            ],
            [
              126.8,
              -15.8
            ],
            [
              126.8,
              -15.8
            ],
            [
              126.8,
              -15.8
            ],
            [
              126.8,
              -15.8
            ],
            [
              126.8,
              -15.8
            ],
            [
              126.8,
              -15.8
            ],
            [
              126.8,
              -15.8
            ],
            [
              126.8,
              -15.8
            ],
            [
              126.8,
              -15.8
            ],
            [
              126.8,
              -15.8
            ],
            [
              126.8,
              -15.8
            ],
            [
              126.8,
              -15.8
            ],
            [
              126.8,
              -15.8
            ],
            [
              126.8,
              -15.8
            ],
            [
              126.8,
              -15.8
            ],
            [
              126.8,
              -15.8
            ],
            [
              126.8,
              -15.8
            ],
            [
              126.8,
              -15.8
            ],
            [
              126.8,
              -15.8
            ],
            [
              126.8,
              -15.8
            ],
            [
              126.8,
              -15.8
            ],
            [
              126.8,
              -15.8
            ],
            [
              126.8,
              -15.8
            ],
            [
              126.8,
              -15.8
            ],
            [
              126.8,
              -15.8
            ],
            [
              126.8,
              -15.8
            ],
            [
              126.8,
              -15.8
            ],
            [
              126.8,
              -15.8
            ],
            [
              126.8,
              -15.8
            ],
            [
              126.8,
              -15.8
            ],
            [
              126.8,
              -15.8
            ],
            [
              126.8,
              -15.8
            ],
            [
              126.8,
              -15.8
            ],
            [
              126.8,
              -15.8
            ],
            [
              126.8,
              -15.8
            ],
            [
              126.8,
              -15.8
            ],
            [
              126.8,
              -15.8
            ],
            [
              126.8,
              -15.8
            ],
            [
              126.8,
              -15.8
            ],
            [
              126.8,
              -15.8
            ],
            [
              126.8,
              -15.8
            ],
            [
              126.8,
              -15.8
            ],
            [
              126.8,
              -15.8
            ],
            [
              126.8,
              -15.8
            ],
            [
              126.8,
              -15.8
            ],
            [
              126.8,
              -15.8
            ],
            [
              126.8,
              -15.8
            ],
            [
              126.8,
              -15.8
            ],
            [
              126.8,
              -15.8
            ],
            [
              126.8,
              -15.8
            ],
            [
              126.8,
              -15.8
            ],
            [
              126.8,
              -15.8
            ],
            [
              126.8,
              -15.8
            ],
            [
              126.8,
              -15.8
            ],
            [
              126.8,
              -15.8
            ],
            [
              126.8,
              -15.8
            ],
            [
              126.8,
              -15.8
            ],
            [
              126.8,
              -15.8
            ],
            [
              126.8,
              -15.8
            ],
            [
              126.8,
              -15.8
            ],
            [
              126.8,
              -15.8
            ],
            [
              126.8,
              -15.8
            ],
            [
              126.8,
              -15.8
            ],
            [
              126.8,
              -15.8
            ],
            [
              126.8,
              -15.8
            ]
          ]
        ]
      },
      "properties": {
        "id": 66,
        "color": "Red",
        "fillColor": "Red",
        "strokeColor": "green",
        "strokeWidth": 2,
        "borderColor": "green",
        "boderWidth": 2
      }
    },
    {
      "type": "Feature",
      "geometry": {
        "type": "Polygon",
        "coordinates": [
          [
            [
              128.0,
              -14.1334
            ],
            [
              128.0,
              -14.1334
            ],
            [
              127.997,
              -14.1335
            ],
            [
              127.994,
              -14.1335
            ],
            [
              127.991,
              -14.1337
            ],
            [
              127.988,
              -14.1339
            ],
            [
              127.985,
              -14.1341
            ],
            [
              127.982,
              -14.1344
            ],
            [
              127.9791,
              -14.1347
            ],
            [
              127.9761,
              -14.1351
            ],
            [
              127.9731,
              -14.1355
            ],
            [
              127.9702,
              -14.136
            ],
            [
              127.9672,
              -14.1365
            ],
            [
              127.9643,
              -14.1371
            ],
            [
              127.9613,
              -14.1377
            ],
            [
              127.9584,
              -14.1384
            ],
            [
              127.9555,
              -14.1391
            ],
            [
              127.9526,
              -14.1399
            ],
            [
              127.9497,
              -14.1407
            ],
            [
              127.9469,
              -14.1416
            ],
            [
              127.944,
              -14.1425
            ],
            [
              127.9412,
              -14.1435
            ],
            [
              127.9384,
              -14.1445
            ],
            [
              127.9356,
              -14.1456
            ],
            [
              127.9328,
              -14.1467
            ],
            [
              127.9301,
              -14.1478
            ],
            [
              127.9274,
              -14.1491
            ],
            [
              127.9247,
              -14.1503
            ],
            [
              127.922,
              -14.1516
            ],
            [
              127.9193,
              -14.1529
            ],
            [
              127.9167,
              -14.1543
            ],
            [
              127.9141,
              -14.1558
            ],
            [
              127.9115,
              -14.1572
            ],
            [
              127.9089,
              -14.1588
            ],
            [
              127.9064,
              -14.1603
            ],
            [
              127.9039,
              -14.1619
            ],
            [
              127.9014,
              -14.1636
            ],
            [
              127.899,
              -14.1653
            ],
            [
              127.8966,
              -14.167
            ],
            [
              127.8942,
              -14.1688
            ],
            [
              127.8918,
              -14.1706
            ],
            [
              127.8895,
              -14.1724
            ],
            [
              127.8872,
              -14.1743
            ],
            [
              127.885,
              -14.1762
            ],
            [
              127.8828,
              -14.1782
            ],
            [
              127.8806,
              -14.1802
            ],
            [
              127.8785,
              -14.1822
            ],
            [
              127.8764,
              -14.1843
            ],
            [
              127.8743,
              -14.1864
            ],
            [
              127.8723,
              -14.1886
            ],
            [
              127.8703,
              -14.1907
            ],
            [
              127.8683,
              -14.1929
            ],
            [
              127.8664,
              -14.1952
            ],
            [
              127.8646,
              -14.1975
            ],
            [
              127.8627,
              -14.1998
            ],
            [
              127.8609,
              -14.2021
            ],
            [
              127.8592,
              -14.2045
            ],
            [
              127.8575,
              -14.2069
            ],
            [
              127.8558,
              -14.2093
            ],
            [
              127.8542,
              -14.2117
            ],
            [
              127.8527,
              -14.2142
            ],
            [
              127.8511,
              -14.2167
            ],
            [
              127.8497,
              -14.2193
            ],
            [
              127.8482,
              -14.2218
            ],
            [
              127.8469,
              -14.2244
            ],
            [
              127.8455,
              -14.227
            ],
            [
              127.8442,
              -14.2296
            ],
            [
              127.843,
              -14.2323
            ],
            [
              127.8418,
              -14.2349
            ],
            [
              127.8406,
              -14.2376
            ],
            [
              127.8395,
              -14.2403
            ],
            [
              127.8385,
              -14.243
            ],
            [
              127.8375,
              -14.2458
            ],
            [
              127.8365,
              -14.2485
            ],
            [
              127.8356,
              -14.2513
            ],
            [
              127.8348,
              -14.2541
            ],
            [
              127.834,
              -14.2569
            ],
            [
              127.8332,
              -14.2597
            ],
            [
              127.8325,
              -14.2625
            ],
            [
              127.8319,
              -14.2654
            ],
            [
              127.8313,
              -14.2682
            ],
            [
              127.8307,
              -14.2711
            ],
            [
              127.8302,
              -14.2739
            ],
            [
              127.8298,
              -14.2768
            ],
            [
              127.8294,
              -14.2797
            ],
            [
              127.8291,
              -14.2826
            ],
            [
              127.8288,
              -14.2855
            ],
            [
              127.8285,
              -14.2884
            ],
            [
              127.8284,
              -14.2913
            ],
            [
              127.8282,
              -14.2942
            ],
            [
              127.8281,
              -14.2971
            ],
            [
              127.8281,
              -14.3
            ],
            [
              127.7422,
              -14.3
            ],
            [
              127.7422,
              -14.3044
            ],
            [
              127.7423,
              -14.3087
            ],
            [
              127.7425,
              -14.3131
            ],
            [
              127.7428,
              -14.3174
            ],
            [
              127.7432,
              -14.3218
            ],
            [
              127.7436,
              -14.3261
            ],
            [
              127.7441,
              -14.3304
            ],
            [
              127.7447,
              -14.3348
            ],
            [
              127.7454,
              -14.3391
            ],
            [
              127.7461,
              -14.3434
            ],
            [
              127.7469,
              -14.3477
            ],
            [
              127.7478,
              -14.3519
            ],
            [
              127.7488,
              -14.3562
            ],
            [
              127.7498,
              -14.3604
            ],
            [
              127.751,
              -14.3647
            ],
            [
              127.7522,
              -14.3689
            ],
            [
              127.7534,
              -14.373
            ],
            [
              127.7548,
              -14.3772
            ],
            [
              127.7562,
              -14.3813
            ],
            [
              127.7577,
              -14.3854
            ],
            [
              127.7593,
              -14.3895
            ],
            [
              127.761,
              -14.3936
            ],
            [
              127.7627,
              -14.3976
            ],
            [
              127.7645,
              -14.4016
            ],
            [
              127.7663,
              -14.4056
            ],
            [
              127.7683,
              -14.4095
            ],
            [
              127.7703,
              -14.4134
            ],
            [
              127.7724,
              -14.4173
            ],
            [
              127.7745,
              -14.4211
            ],
            [
              127.7767,
              -14.4249
            ],
            [
              127.779,
              -14.4287
            ],
            [
              127.7814,
              -14.4324
            ],
            [
              127.7838,
              -14.4361
            ],
            [
              127.7863,
              -14.4397
            ],
            [
              127.7888,
              -14.4433
            ],
            [
              127.7914,
              -14.4468
            ],
            [
              127.7941,
              -14.4504
            ],
            [
              127.7968,
              -14.4538
            ],
            [
              127.7996,
              -14.4572
            ],
            [
              127.8025,
              -14.4606
            ],
            [
              127.8054,
              -14.4639
            ],
            [
              127.8084,
              -14.4672
            ],
            [
              127.8114,
              -14.4704
            ],
            [
              127.8145,
              -14.4735
            ],
            [
              127.8177,
              -14.4767
            ],
            [
              127.8209,
              -14.4797
            ],
            [
              127.8242,
              -14.4827
            ],
            [
              127.8275,
              -14.4857
            ],
            [
              127.8309,
              -14.4886
            ],
            [
              127.8343,
              -14.4914
            ],
            [
              127.8377,
              -14.4942
            ],
            [
              127.8413,
              -14.4969
            ],
            [
              127.8448,
              -14.4995
            ],
            [
              127.8485,
              -14.5021
            ],
            [
              127.8521,
              -14.5047
            ],
            [
              127.8558,
              -14.5071
            ],
            [
              127.8596,
              -14.5095
            ],
            [
              127.8634,
              -14.5119
            ],
            [
              127.8672,
              -14.5141
            ],
            [
              127.8711,
              -14.5164
            ],
            [
              127.875,
              -14.5185
            ],
            [
              127.879,
              -14.5206
            ],
            [
              127.883,
              -14.5226
            ],
            [
              127.887,
              -14.5245
            ],
            [
              127.891,
              -14.5264
            ],
            [
              127.8951,
              -14.5282
            ],
            [
              127.8993,
              -14.53
            ],
            [
              127.9034,
              -14.5316
            ],
            [
              127.9076,
              -14.5332
            ],
            [
              127.9118,
              -14.5348
            ],
            [
              127.9161,
              -14.5362
            ],
            [
              127.9203,
              -14.5376
            ],
            [
              127.9246,
              -14.5389
            ],
            [
              127.9289,
              -14.5402
            ],
            [
              127.9333,
              -14.5413
            ],
            [
              127.9376,
              -14.5424
            ],
            [
              127.942,
              -14.5434
            ],
            [
              127.9464,
              -14.5444
            ],
            [
              127.9508,
              -14.5452
            ],
            [
              127.9552,
              -14.546
            ],
            [
              127.9597,
              -14.5468
            ],
            [
              127.9641,
              -14.5474
            ],
            [
              127.9686,
              -14.548
            ],
            [
              127.9731,
              -14.5485
            ],
            [
              127.9775,
              -14.5489
            ],
            [
              127.982,
              -14.5492
            ],
            [
              127.9865,
              -14.5495
            ],
            [
              127.991,
              -14.5497
            ],
            [
              127.9955,
              -14.5498
            ],
            [
              128.0,
              -14.5498
            ],
            [
              128.0,
              -14.4666
            ],
            [
              128.003,
              -14.4665
            ],
            [
              128.006,
              -14.4665
            ],
            [
              128.009,
              -14.4663
            ],
            [
              128.012,
              -14.4661
            ],
            [
              128.015,
              -14.4659
            ],
            [
              128.018,
              -14.4656
            ],
            [
              128.0209,
              -14.4653
            ],
            [
              128.0239,
              -14.4649
            ],
            [
              128.0269,
              -14.4645
            ],
            [
              128.0298,
              -14.464
            ],
            [
              128.0328,
              -14.4635
            ],
            [
              128.0357,
              -14.4629
            ],
            [
              128.0387,
              -14.4623
            ],
            [
              128.0416,
              -14.4616
            ],
            [
              128.0445,
              -14.4609
            ],
            [
              128.0474,
              -14.4601
            ],
            [
              128.0503,
              -14.4593
            ],
            [
              128.0531,
              -14.4584
            ],
            [
              128.056,
              -14.4575
            ],
            [
              128.0588,
              -14.4565
            ],
            [
              128.0616,
              -14.4555
            ],
            [
              128.0644,
              -14.4544
            ],
            [
              128.0672,
              -14.4533
            ],
            [
              128.0699,
              -14.4522
            ],
            [
              128.0726,
              -14.4509
            ],
            [
              128.0753,
              -14.4497
            ],
            [
              128.078,
              -14.4484
            ],
            [
              128.0807,
              -14.4471
            ],
            [
              128.0833,
              -14.4457
            ],
            [
              128.0859,
              -14.4442
            ],
            [
              128.0885,
              -14.4428
            ],
            [
              128.0911,
              -14.4412
            ],
            [
              128.0936,
              -14.4397
            ],
            [
              128.0961,
              -14.4381
            ],
            [
              128.0986,
              -14.4364
            ],
            [
              128.101,
              -14.4347
            ],
            [
              128.1034,
              -14.433
            ],
            [
              128.1058,
              -14.4312
            ],
            [
              128.1082,
              -14.4294
            ],
            [
              128.1105,
              -14.4276
            ],
            [
              128.1128,
              -14.4257
            ],
            [
              128.115,
              -14.4238
            ],
            [
              128.1172,
              -14.4218
            ],
            [
              128.1194,
              -14.4198
            ],
            [
              128.1215,
              -14.4178
            ],
            [
              128.1236,
              -14.4157
            ],
            [
              128.1257,
              -14.4136
            ],
            [
              128.1277,
              -14.4114
            ],
            [
              128.1297,
              -14.4093
            ],
            [
              128.1317,
              -14.4071
            ],
            [
              128.1336,
              -14.4048
            ],
            [
              128.1354,
              -14.4025
            ],
            [
              128.1373,
              -14.4002
            ],
            [
              128.1391,
              -14.3979
            ],
            [
              128.1408,
              -14.3955
            ],
            [
              128.1425,
              -14.3931
            ],
            [
              128.1442,
              -14.3907
            ],
            [
              128.1458,
              -14.3883
            ],
            [
              128.1473,
              -14.3858
            ],
            [
              128.1489,
              -14.3833
            ],
            [
              128.1503,
              -14.3807
            ],
            [
              128.1518,
              -14.3782
            ],
            [
              128.1531,
              -14.3756
            ],
            [
              128.1545,
              -14.373
            ],
            [
              128.1558,
              -14.3704
            ],
            [
              128.157,
              -14.3677
            ],
            [
              128.1582,
              -14.3651
            ],
            [
              128.1594,
              -14.3624
            ],
            [
              128.1605,
              -14.3597
            ],
            [
              128.1615,
              -14.357
            ],
            [
              128.1625,
              -14.3542
            ],
            [
              128.1635,
              -14.3515
            ],
            [
              128.1644,
              -14.3487
            ],
            [
              128.1652,
              -14.3459
            ],
            [
              128.166,
              -14.3431
            ],
            [
              128.1668,
              -14.3403
            ],
            [
              128.1675,
              -14.3375
            ],
            [
              128.1681,
              -14.3346
            ],
            [
              128.1687,
              -14.3318
            ],
            [
              128.1693,
              -14.3289
            ],
            [
              128.1698,
              -14.3261
            ],
            [
              128.1702,
              -14.3232
            ],
            [
              128.1706,
              -14.3203
            ],
            [
              128.1709,
              -14.3174
            ],
            [
              128.1712,
              -14.3145
            ],
            [
              128.1715,
              -14.3116
            ],
            [
              128.1716,
              -14.3087
            ],
            [
              128.1718,
              -14.3058
            ],
            [
              128.1719,
              -14.3029
            ],
            [
              128.1719,
              -14.3
            ],
            [
              128.1719,
              -14.3
            ],
            [
              128.1719,
              -14.2971
            ],
            [
              128.1718,
              -14.2942
            ],
            [
              128.1716,
              -14.2913
            ],
            [
              128.1715,
              -14.2884
            ],
            [
              128.1712,
              -14.2855
            ],
            [
              128.1709,
              -14.2826
            ],
            [
              128.1706,
              -14.2797
            ],
            [
              128.1702,
              -14.2768
            ],
            [
              128.1698,
              -14.2739
            ],
            [
              128.1693,
              -14.2711
            ],
            [
              128.1687,
              -14.2682
            ],
            [
              128.1681,
              -14.2654
            ],
            [
              128.1675,
              -14.2625
            ],
            [
              128.1668,
              -14.2597
            ],
            [
              128.166,
              -14.2569
            ],
            [
              128.1652,
              -14.2541
            ],
            [
              128.1644,
              -14.2513
            ],
            [
              128.1635,
              -14.2485
            ],
            [
              128.1625,
              -14.2458
            ],
            [
              128.1615,
              -14.243
            ],
            [
              128.1605,
              -14.2403
            ],
            [
              128.1594,
              -14.2376
            ],
            [
              128.1582,
              -14.2349
            ],
            [
              128.157,
              -14.2323
            ],
            [
              128.1558,
              -14.2296
            ],
            [
              128.1545,
              -14.227
            ],
            [
              128.1531,
              -14.2244
            ],
            [
              128.1518,
              -14.2218
            ],
            [
              128.1503,
              -14.2193
            ],
            [
              128.1489,
              -14.2167
            ],
            [
              128.1473,
              -14.2142
            ],
            [
              128.1458,
              -14.2117
            ],
            [
              128.1442,
              -14.2093
            ],
            [
              128.1425,
              -14.2069
            ],
            [
              128.1408,
              -14.2045
            ],
            [
              128.1391,
              -14.2021
            ],
            [
              128.1373,
              -14.1998
            ],
            [
              128.1354,
              -14.1975
            ],
            [
              128.1336,
              -14.1952
            ],
            [
              128.1317,
              -14.1929
            ],
            [
              128.1297,
              -14.1907
            ],
            [
              128.1277,
              -14.1886
            ],
            [
              128.1257,
              -14.1864
            ],
            [
              128.1236,
              -14.1843
            ],
            [
              128.1215,
              -14.1822
            ],
            [
              128.1194,
              -14.1802
            ],
            [
              128.1172,
              -14.1782
            ],
            [
              128.115,
              -14.1762
            ],
            [
              128.1128,
              -14.1743
            ],
            [
              128.1105,
              -14.1724
            ],
            [
              128.1082,
              -14.1706
            ],
            [
              128.1058,
              -14.1688
            ],
            [
              128.1034,
              -14.167
            ],
            [
              128.101,
              -14.1653
            ],
            [
              128.0986,
              -14.1636
            ],
            [
              128.0961,
              -14.1619
            ],
            [
              128.0936,
              -14.1603
            ],
            [
              128.0911,
              -14.1588
            ],
            [
              128.0885,
              -14.1572
            ],
            [
              128.0859,
              -14.1558
            ],
            [
              128.0833,
              -14.1543
            ],
            [
              128.0807,
              -14.1529
            ],
            [
              128.078,
              -14.1516
            ],
            [
              128.0753,
              -14.1503
            ],
            [
              128.0726,
              -14.1491
            ],
            [
              128.0699,
              -14.1478
            ],
            [
              128.0672,
              -14.1467
            ],
            [
              128.0644,
              -14.1456
            ],
            [
              128.0616,
              -14.1445
            ],
            [
              128.0588,
              -14.1435
            ],
            [
              128.056,
              -14.1425
            ],
            [
              128.0531,
              -14.1416
            ],
            [
              128.0503,
              -14.1407
            ],
            [
              128.0474,
              -14.1399
            ],
            [
              128.0445,
              -14.1391
            ],
            [
              128.0416,
              -14.1384
            ],
            [
              128.0387,
              -14.1377
            ],
            [
              128.0357,
              -14.1371
            ],
            [
              128.0328,
              -14.1365
            ],
            [
              128.0298,
              -14.136
            ],
            [
              128.0269,
              -14.1355
            ],
            [
              128.0239,
              -14.1351
            ],
            [
              128.0209,
              -14.1347
            ],
            [
              128.018,
              -14.1344
            ],
            [
              128.015,
              -14.1341
            ],
            [
              128.012,
              -14.1339
            ],
            [
              128.009,
              -14.1337
            ],
            [
              128.006,
              -14.1335
            ],
            [
              128.003,
              -14.1335
            ],
            [
              128.0,
              -14.1334
            ]
          ]
        ]
      },
      "properties": {
        "id": 67,
        "color": "Red",
        "fillColor": "Red",
        "strokeColor": "green",
        "strokeWidth": 2,
        "borderColor": "green",
        "boderWidth": 2
      }
    },
    {
      "type": "Feature",
      "geometry": {
        "type": "Polygon",
        "coordinates": [
          [
            [
              128.2,
              -14.13
            ],
            [
              128.2015,
              -14.13
            ],
            [
              128.2029,
              -14.1299
            ],
            [
              128.2044,
              -14.1297
            ],
            [
              128.2059,
              -14.1294
            ],
            [
              128.2073,
              -14.1291
            ],
            [
              128.2087,
              -14.1287
            ],
            [
              128.2101,
              -14.1282
            ],
            [
              128.2115,
              -14.1277
            ],
            [
              128.2128,
              -14.1271
            ],
            [
              128.2141,
              -14.1265
            ],
            [
              128.2154,
              -14.1257
            ],
            [
              128.2167,
              -14.1249
            ],
            [
              128.2179,
              -14.1241
            ],
            [
              128.219,
              -14.1232
            ],
            [
              128.2201,
              -14.1222
            ],
            [
              128.2212,
              -14.1212
            ],
            [
              128.2222,
              -14.1201
            ],
            [
              128.2232,
              -14.119
            ],
            [
              128.2241,
              -14.1179
            ],
            [
              128.2249,
              -14.1167
            ],
            [
              128.2257,
              -14.1154
            ],
            [
              128.2265,
              -14.1141
            ],
            [
              128.2271,
              -14.1128
            ],
            [
              128.2277,
              -14.1115
            ],
            [
              128.2282,
              -14.1101
            ],
            [
              128.2287,
              -14.1087
            ],
            [
              128.2291,
              -14.1073
            ],
            [
              128.2294,
              -14.1059
            ],
            [
              128.2297,
              -14.1044
            ],
            [
              128.2299,
              -14.1029
            ],
            [
              128.23,
              -14.1015
            ],
            [
              128.23,
              -14.1
            ],
            [
              128.23,
              -14.0985
            ],
            [
              128.2299,
              -14.0971
            ],
            [
              128.2297,
              -14.0956
            ],
            [
              128.2294,
              -14.0941
            ],
            [
              128.2291,
              -14.0927
            ],
            [
              128.2287,
              -14.0913
            ],
            [
              128.2282,
              -14.0899
            ],
            [
              128.2277,
              -14.0885
            ],
            [
              128.2271,
              -14.0872
            ],
            [
              128.2265,
              -14.0859
            ],
            [
              128.2257,
              -14.0846
            ],
            [
              128.2249,
              -14.0833
            ],
            [
              128.2241,
              -14.0821
            ],
            [
              128.2232,
              -14.081
            ],
            [
              128.2222,
              -14.0799
            ],
            [
              128.2212,
              -14.0788
            ],
            [
              128.2201,
              -14.0778
            ],
            [
              128.219,
              -14.0768
            ],
            [
              128.2179,
              -14.0759
            ],
            [
              128.2167,
              -14.0751
            ],
            [
              128.2154,
              -14.0743
            ],
            [
              128.2141,
              -14.0735
            ],
            [
              128.2128,
              -14.0729
            ],
            [
              128.2115,
              -14.0723
            ],
            [
              128.2101,
              -14.0718
            ],
            [
              128.2087,
              -14.0713
            ],
            [
              128.2073,
              -14.0709
            ],
            [
              128.2059,
              -14.0706
            ],
            [
              128.2044,
              -14.0703
            ],
            [
              128.2029,
              -14.0701
            ],
            [
              128.2015,
              -14.07
            ],
            [
              128.2,
              -14.07
            ],
            [
              128.1985,
              -14.07
            ],
            [
              128.1971,
              -14.0701
            ],
            [
              128.1956,
              -14.0703
            ],
            [
              128.1941,
              -14.0706
            ],
            [
              128.1927,
              -14.0709
            ],
            [
              128.1913,
              -14.0713
            ],
            [
              128.1899,
              -14.0718
            ],
            [
              128.1885,
              -14.0723
            ],
            [
              128.1872,
              -14.0729
            ],
            [
              128.1859,
              -14.0735
            ],
            [
              128.1846,
              -14.0743
            ],
            [
              128.1833,
              -14.0751
            ],
            [
              128.1821,
              -14.0759
            ],
            [
              128.181,
              -14.0768
            ],
            [
              128.1799,
              -14.0778
            ],
            [
              128.1788,
              -14.0788
            ],
            [
              128.1778,
              -14.0799
            ],
            [
              128.1768,
              -14.081
            ],
            [
              128.1759,
              -14.0821
            ],
            [
              128.1751,
              -14.0833
            ],
            [
              128.1743,
              -14.0846
            ],
            [
              128.1735,
              -14.0859
            ],
            [
              128.1729,
              -14.0872
            ],
            [
              128.1723,
              -14.0885
            ],
            [
              128.1718,
              -14.0899
            ],
            [
              128.1713,
              -14.0913
            ],
            [
              128.1709,
              -14.0927
            ],
            [
              128.1706,
              -14.0941
            ],
            [
              128.1703,
              -14.0956
            ],
            [
              128.1701,
              -14.0971
            ],
            [
              128.17,
              -14.0985
            ],
            [
              128.17,
              -14.1
            ],
            [
              128.17,
              -14.1015
            ],
            [
              128.1701,
              -14.1029
            ],
            [
              128.1703,
              -14.1044
            ],
            [
              128.1706,
              -14.1059
            ],
            [
              128.1709,
              -14.1073
            ],
            [
              128.1713,
              -14.1087
            ],
            [
              128.1718,
              -14.1101
            ],
            [
              128.1723,
              -14.1115
            ],
            [
              128.1729,
              -14.1128
            ],
            [
              128.1735,
              -14.1141
            ],
            [
              128.1743,
              -14.1154
            ],
            [
              128.1751,
              -14.1167
            ],
            [
              128.1759,
              -14.1179
            ],
            [
              128.1768,
              -14.119
            ],
            [
              128.1778,
              -14.1201
            ],
            [
              128.1788,
              -14.1212
            ],
            [
              128.1799,
              -14.1222
            ],
            [
              128.181,
              -14.1232
            ],
            [
              128.1821,
              -14.1241
            ],
            [
              128.1833,
              -14.1249
            ],
            [
              128.1846,
              -14.1257
            ],
            [
              128.1859,
              -14.1265
            ],
            [
              128.1872,
              -14.1271
            ],
            [
              128.1885,
              -14.1277
            ],
            [
              128.1899,
              -14.1282
            ],
            [
              128.1913,
              -14.1287
            ],
            [
              128.1927,
              -14.1291
            ],
            [
              128.1941,
              -14.1294
            ],
            [
              128.1956,
              -14.1297
            ],
            [
              128.1971,
              -14.1299
            ],
            [
              128.1985,
              -14.13
            ],
            [
              128.2,
              -14.13
            ]
          ]
        ]
      },
      "properties": {
        "id": 68,
        "color": "green",
        "fillColor": "green",
        "strokeColor": "green",
        "strokeWidth": 2,
        "borderColor": "green",
        "boderWidth": 2
      }
    },
    {
      "type": "Feature",
      "geometry": {
        "type": "LineString",
        "coordinates": [
          [
            132.6,
            -9.5
          ],
          [
            133.0,
            -9.5
          ]
        ]
      },
      "properties": {
        "id": 69,
        "color": "green",
        "fillColor": "green",
        "strokeColor": "green",
        "strokeWidth": 2,
        "borderColor": "green",
        "boderWidth": 2
      }
    },
    {
      "type": "Feature",
      "geometry": {
        "type": "LineString",
        "coordinates": [
          [
            128.0,
            -14.3
          ],
          [
            127.6,
            -14.5
          ]
        ]
      },
      "properties": {
        "id": 70,
        "color": "green",
        "fillColor": "green",
        "strokeColor": "green",
        "strokeWidth": 2,
        "borderColor": "green",
        "boderWidth": 2
      }
    },
    {
      "type": "Feature",
      "geometry": {
        "type": "Polygon",
        "coordinates": [
          [
            [
              129.7,
              -12.83
            ],
            [
              129.7015,
              -12.83
            ],
            [
              129.7029,
              -12.8299
            ],
            [
              129.7044,
              -12.8297
            ],
            [
              129.7059,
              -12.8294
            ],
            [
              129.7073,
              -12.8291
            ],
            [
              129.7087,
              -12.8287
            ],
            [
              129.7101,
              -12.8282
            ],
            [
              129.7115,
              -12.8277
            ],
            [
              129.7128,
              -12.8271
            ],
            [
              129.7141,
              -12.8265
            ],
            [
              129.7154,
              -12.8257
            ],
            [
              129.7167,
              -12.8249
            ],
            [
              129.7179,
              -12.8241
            ],
            [
              129.719,
              -12.8232
            ],
            [
              129.7201,
              -12.8222
            ],
            [
              129.7212,
              -12.8212
            ],
            [
              129.7222,
              -12.8201
            ],
            [
              129.7232,
              -12.819
            ],
            [
              129.7241,
              -12.8179
            ],
            [
              129.7249,
              -12.8167
            ],
            [
              129.7257,
              -12.8154
            ],
            [
              129.7265,
              -12.8141
            ],
            [
              129.7271,
              -12.8128
            ],
            [
              129.7277,
              -12.8115
            ],
            [
              129.7282,
              -12.8101
            ],
            [
              129.7287,
              -12.8087
            ],
            [
              129.7291,
              -12.8073
            ],
            [
              129.7294,
              -12.8059
            ],
            [
              129.7297,
              -12.8044
            ],
            [
              129.7299,
              -12.8029
            ],
            [
              129.73,
              -12.8015
            ],
            [
              129.73,
              -12.8
            ],
            [
              129.73,
              -12.7985
            ],
            [
              129.7299,
              -12.7971
            ],
            [
              129.7297,
              -12.7956
            ],
            [
              129.7294,
              -12.7941
            ],
            [
              129.7291,
              -12.7927
            ],
            [
              129.7287,
              -12.7913
            ],
            [
              129.7282,
              -12.7899
            ],
            [
              129.7277,
              -12.7885
            ],
            [
              129.7271,
              -12.7872
            ],
            [
              129.7265,
              -12.7859
            ],
            [
              129.7257,
              -12.7846
            ],
            [
              129.7249,
              -12.7833
            ],
            [
              129.7241,
              -12.7821
            ],
            [
              129.7232,
              -12.781
            ],
            [
              129.7222,
              -12.7799
            ],
            [
              129.7212,
              -12.7788
            ],
            [
              129.7201,
              -12.7778
            ],
            [
              129.719,
              -12.7768
            ],
            [
              129.7179,
              -12.7759
            ],
            [
              129.7167,
              -12.7751
            ],
            [
              129.7154,
              -12.7743
            ],
            [
              129.7141,
              -12.7735
            ],
            [
              129.7128,
              -12.7729
            ],
            [
              129.7115,
              -12.7723
            ],
            [
              129.7101,
              -12.7718
            ],
            [
              129.7087,
              -12.7713
            ],
            [
              129.7073,
              -12.7709
            ],
            [
              129.7059,
              -12.7706
            ],
            [
              129.7044,
              -12.7703
            ],
            [
              129.7029,
              -12.7701
            ],
            [
              129.7015,
              -12.77
            ],
            [
              129.7,
              -12.77
            ],
            [
              129.6985,
              -12.77
            ],
            [
              129.6971,
              -12.7701
            ],
            [
              129.6956,
              -12.7703
            ],
            [
              129.6941,
              -12.7706
            ],
            [
              129.6927,
              -12.7709
            ],
            [
              129.6913,
              -12.7713
            ],
            [
              129.6899,
              -12.7718
            ],
            [
              129.6885,
              -12.7723
            ],
            [
              129.6872,
              -12.7729
            ],
            [
              129.6859,
              -12.7735
            ],
            [
              129.6846,
              -12.7743
            ],
            [
              129.6833,
              -12.7751
            ],
            [
              129.6821,
              -12.7759
            ],
            [
              129.681,
              -12.7768
            ],
            [
              129.6799,
              -12.7778
            ],
            [
              129.6788,
              -12.7788
            ],
            [
              129.6778,
              -12.7799
            ],
            [
              129.6768,
              -12.781
            ],
            [
              129.6759,
              -12.7821
            ],
            [
              129.6751,
              -12.7833
            ],
            [
              129.6743,
              -12.7846
            ],
            [
              129.6735,
              -12.7859
            ],
            [
              129.6729,
              -12.7872
            ],
            [
              129.6723,
              -12.7885
            ],
            [
              129.6718,
              -12.7899
            ],
            [
              129.6713,
              -12.7913
            ],
            [
              129.6709,
              -12.7927
            ],
            [
              129.6706,
              -12.7941
            ],
            [
              129.6703,
              -12.7956
            ],
            [
              129.6701,
              -12.7971
            ],
            [
              129.67,
              -12.7985
            ],
            [
              129.67,
              -12.8
            ],
            [
              129.67,
              -12.8015
            ],
            [
              129.6701,
              -12.8029
            ],
            [
              129.6703,
              -12.8044
            ],
            [
              129.6706,
              -12.8059
            ],
            [
              129.6709,
              -12.8073
            ],
            [
              129.6713,
              -12.8087
            ],
            [
              129.6718,
              -12.8101
            ],
            [
              129.6723,
              -12.8115
            ],
            [
              129.6729,
              -12.8128
            ],
            [
              129.6735,
              -12.8141
            ],
            [
              129.6743,
              -12.8154
            ],
            [
              129.6751,
              -12.8167
            ],
            [
              129.6759,
              -12.8179
            ],
            [
              129.6768,
              -12.819
            ],
            [
              129.6778,
              -12.8201
            ],
            [
              129.6788,
              -12.8212
            ],
            [
              129.6799,
              -12.8222
            ],
            [
              129.681,
              -12.8232
            ],
            [
              129.6821,
              -12.8241
            ],
            [
              129.6833,
              -12.8249
            ],
            [
              129.6846,
              -12.8257
            ],
            [
              129.6859,
              -12.8265
            ],
            [
              129.6872,
              -12.8271
            ],
            [
              129.6885,
              -12.8277
            ],
            [
              129.6899,
              -12.8282
            ],
            [
              129.6913,
              -12.8287
            ],
            [
              129.6927,
              -12.8291
            ],
            [
              129.6941,
              -12.8294
            ],
            [
              129.6956,
              -12.8297
            ],
            [
              129.6971,
              -12.8299
            ],
            [
              129.6985,
              -12.83
            ],
            [
              129.7,
              -12.83
            ]
          ]
        ]
      },
      "properties": {
        "id": 71,
        "color": "green",
        "fillColor": "green",
        "strokeColor": "green",
        "strokeWidth": 2,
        "borderColor": "green",
        "boderWidth": 2
      }
    },
    {
      "type": "Feature",
      "geometry": {
        "type": "Polygon",
        "coordinates": [
          [
            [
              131.8,
              -9.83
            ],
            [
              131.8015,
              -9.83
            ],
            [
              131.8029,
              -9.8299
            ],
            [
              131.8044,
              -9.8297
            ],
            [
              131.8059,
              -9.8294
            ],
            [
              131.8073,
              -9.8291
            ],
            [
              131.8087,
              -9.8287
            ],
            [
              131.8101,
              -9.8282
            ],
            [
              131.8115,
              -9.8277
            ],
            [
              131.8128,
              -9.8271
            ],
            [
              131.8141,
              -9.8265
            ],
            [
              131.8154,
              -9.8257
            ],
            [
              131.8167,
              -9.8249
            ],
            [
              131.8179,
              -9.8241
            ],
            [
              131.819,
              -9.8232
            ],
            [
              131.8201,
              -9.8222
            ],
            [
              131.8212,
              -9.8212
            ],
            [
              131.8222,
              -9.8201
            ],
            [
              131.8232,
              -9.819
            ],
            [
              131.8241,
              -9.8179
            ],
            [
              131.8249,
              -9.8167
            ],
            [
              131.8257,
              -9.8154
            ],
            [
              131.8265,
              -9.8141
            ],
            [
              131.8271,
              -9.8128
            ],
            [
              131.8277,
              -9.8115
            ],
            [
              131.8282,
              -9.8101
            ],
            [
              131.8287,
              -9.8087
            ],
            [
              131.8291,
              -9.8073
            ],
            [
              131.8294,
              -9.8059
            ],
            [
              131.8297,
              -9.8044
            ],
            [
              131.8299,
              -9.8029
            ],
            [
              131.83,
              -9.8015
            ],
            [
              131.83,
              -9.8
            ],
            [
              131.83,
              -9.7985
            ],
            [
              131.8299,
              -9.7971
            ],
            [
              131.8297,
              -9.7956
            ],
            [
              131.8294,
              -9.7941
            ],
            [
              131.8291,
              -9.7927
            ],
            [
              131.8287,
              -9.7913
            ],
            [
              131.8282,
              -9.7899
            ],
            [
              131.8277,
              -9.7885
            ],
            [
              131.8271,
              -9.7872
            ],
            [
              131.8265,
              -9.7859
            ],
            [
              131.8257,
              -9.7846
            ],
            [
              131.8249,
              -9.7833
            ],
            [
              131.8241,
              -9.7821
            ],
            [
              131.8232,
              -9.781
            ],
            [
              131.8222,
              -9.7799
            ],
            [
              131.8212,
              -9.7788
            ],
            [
              131.8201,
              -9.7778
            ],
            [
              131.819,
              -9.7768
            ],
            [
              131.8179,
              -9.7759
            ],
            [
              131.8167,
              -9.7751
            ],
            [
              131.8154,
              -9.7743
            ],
            [
              131.8141,
              -9.7735
            ],
            [
              131.8128,
              -9.7729
            ],
            [
              131.8115,
              -9.7723
            ],
            [
              131.8101,
              -9.7718
            ],
            [
              131.8087,
              -9.7713
            ],
            [
              131.8073,
              -9.7709
            ],
            [
              131.8059,
              -9.7706
            ],
            [
              131.8044,
              -9.7703
            ],
            [
              131.8029,
              -9.7701
            ],
            [
              131.8015,
              -9.77
            ],
            [
              131.8,
              -9.77
            ],
            [
              131.7985,
              -9.77
            ],
            [
              131.7971,
              -9.7701
            ],
            [
              131.7956,
              -9.7703
            ],
            [
              131.7941,
              -9.7706
            ],
            [
              131.7927,
              -9.7709
            ],
            [
              131.7913,
              -9.7713
            ],
            [
              131.7899,
              -9.7718
            ],
            [
              131.7885,
              -9.7723
            ],
            [
              131.7872,
              -9.7729
            ],
            [
              131.7859,
              -9.7735
            ],
            [
              131.7846,
              -9.7743
            ],
            [
              131.7833,
              -9.7751
            ],
            [
              131.7821,
              -9.7759
            ],
            [
              131.781,
              -9.7768
            ],
            [
              131.7799,
              -9.7778
            ],
            [
              131.7788,
              -9.7788
            ],
            [
              131.7778,
              -9.7799
            ],
            [
              131.7768,
              -9.781
            ],
            [
              131.7759,
              -9.7821
            ],
            [
              131.7751,
              -9.7833
            ],
            [
              131.7743,
              -9.7846
            ],
            [
              131.7735,
              -9.7859
            ],
            [
              131.7729,
              -9.7872
            ],
            [
              131.7723,
              -9.7885
            ],
            [
              131.7718,
              -9.7899
            ],
            [
              131.7713,
              -9.7913
            ],
            [
              131.7709,
              -9.7927
            ],
            [
              131.7706,
              -9.7941
            ],
            [
              131.7703,
              -9.7956
            ],
            [
              131.7701,
              -9.7971
            ],
            [
              131.77,
              -9.7985
            ],
            [
              131.77,
              -9.8
            ],
            [
              131.77,
              -9.8015
            ],
            [
              131.7701,
              -9.8029
            ],
            [
              131.7703,
              -9.8044
            ],
            [
              131.7706,
              -9.8059
            ],
            [
              131.7709,
              -9.8073
            ],
            [
              131.7713,
              -9.8087
            ],
            [
              131.7718,
              -9.8101
            ],
            [
              131.7723,
              -9.8115
            ],
            [
              131.7729,
              -9.8128
            ],
            [
              131.7735,
              -9.8141
            ],
            [
              131.7743,
              -9.8154
            ],
            [
              131.7751,
              -9.8167
            ],
            [
              131.7759,
              -9.8179
            ],
            [
              131.7768,
              -9.819
            ],
            [
              131.7778,
              -9.8201
            ],
            [
              131.7788,
              -9.8212
            ],
            [
              131.7799,
              -9.8222
            ],
            [
              131.781,
              -9.8232
            ],
            [
              131.7821,
              -9.8241
            ],
            [
              131.7833,
              -9.8249
            ],
            [
              131.7846,
              -9.8257
            ],
            [
              131.7859,
              -9.8265
            ],
            [
              131.7872,
              -9.8271
            ],
            [
              131.7885,
              -9.8277
            ],
            [
              131.7899,
              -9.8282
            ],
            [
              131.7913,
              -9.8287
            ],
            [
              131.7927,
              -9.8291
            ],
            [
              131.7941,
              -9.8294
            ],
            [
              131.7956,
              -9.8297
            ],
            [
              131.7971,
              -9.8299
            ],
            [
              131.7985,
              -9.83
            ],
            [
              131.8,
              -9.83
            ]
          ]
        ]
      },
      "properties": {
        "id": 72,
        "color": "green",
        "fillColor": "green",
        "strokeColor": "green",
        "strokeWidth": 2,
        "borderColor": "green",
        "boderWidth": 2
      }
    },
    {
      "type": "Feature",
      "geometry": {
        "type": "LineString",
        "coordinates": [
          [
            132.6,
            -9.7
          ],
          [
            132.6,
            -9.5
          ]
        ]
      },
      "properties": {
        "id": 73,
        "color": "green",
        "fillColor": "green",
        "strokeColor": "green",
        "strokeWidth": 2,
        "borderColor": "green",
        "boderWidth": 2
      }
    },
    {
      "type": "Feature",
      "geometry": {
        "type": "Polygon",
        "coordinates": [
          [
            [
              131.4,
              -11.83
            ],
            [
              131.4015,
              -11.83
            ],
            [
              131.4029,
              -11.8299
            ],
            [
              131.4044,
              -11.8297
            ],
            [
              131.4059,
              -11.8294
            ],
            [
              131.4073,
              -11.8291
            ],
            [
              131.4087,
              -11.8287
            ],
            [
              131.4101,
              -11.8282
            ],
            [
              131.4115,
              -11.8277
            ],
            [
              131.4128,
              -11.8271
            ],
            [
              131.4141,
              -11.8265
            ],
            [
              131.4154,
              -11.8257
            ],
            [
              131.4167,
              -11.8249
            ],
            [
              131.4179,
              -11.8241
            ],
            [
              131.419,
              -11.8232
            ],
            [
              131.4201,
              -11.8222
            ],
            [
              131.4212,
              -11.8212
            ],
            [
              131.4222,
              -11.8201
            ],
            [
              131.4232,
              -11.819
            ],
            [
              131.4241,
              -11.8179
            ],
            [
              131.4249,
              -11.8167
            ],
            [
              131.4257,
              -11.8154
            ],
            [
              131.4265,
              -11.8141
            ],
            [
              131.4271,
              -11.8128
            ],
            [
              131.4277,
              -11.8115
            ],
            [
              131.4282,
              -11.8101
            ],
            [
              131.4287,
              -11.8087
            ],
            [
              131.4291,
              -11.8073
            ],
            [
              131.4294,
              -11.8059
            ],
            [
              131.4297,
              -11.8044
            ],
            [
              131.4299,
              -11.8029
            ],
            [
              131.43,
              -11.8015
            ],
            [
              131.43,
              -11.8
            ],
            [
              131.43,
              -11.7985
            ],
            [
              131.4299,
              -11.7971
            ],
            [
              131.4297,
              -11.7956
            ],
            [
              131.4294,
              -11.7941
            ],
            [
              131.4291,
              -11.7927
            ],
            [
              131.4287,
              -11.7913
            ],
            [
              131.4282,
              -11.7899
            ],
            [
              131.4277,
              -11.7885
            ],
            [
              131.4271,
              -11.7872
            ],
            [
              131.4265,
              -11.7859
            ],
            [
              131.4257,
              -11.7846
            ],
            [
              131.4249,
              -11.7833
            ],
            [
              131.4241,
              -11.7821
            ],
            [
              131.4232,
              -11.781
            ],
            [
              131.4222,
              -11.7799
            ],
            [
              131.4212,
              -11.7788
            ],
            [
              131.4201,
              -11.7778
            ],
            [
              131.419,
              -11.7768
            ],
            [
              131.4179,
              -11.7759
            ],
            [
              131.4167,
              -11.7751
            ],
            [
              131.4154,
              -11.7743
            ],
            [
              131.4141,
              -11.7735
            ],
            [
              131.4128,
              -11.7729
            ],
            [
              131.4115,
              -11.7723
            ],
            [
              131.4101,
              -11.7718
            ],
            [
              131.4087,
              -11.7713
            ],
            [
              131.4073,
              -11.7709
            ],
            [
              131.4059,
              -11.7706
            ],
            [
              131.4044,
              -11.7703
            ],
            [
              131.4029,
              -11.7701
            ],
            [
              131.4015,
              -11.77
            ],
            [
              131.4,
              -11.77
            ],
            [
              131.3985,
              -11.77
            ],
            [
              131.3971,
              -11.7701
            ],
            [
              131.3956,
              -11.7703
            ],
            [
              131.3941,
              -11.7706
            ],
            [
              131.3927,
              -11.7709
            ],
            [
              131.3913,
              -11.7713
            ],
            [
              131.3899,
              -11.7718
            ],
            [
              131.3885,
              -11.7723
            ],
            [
              131.3872,
              -11.7729
            ],
            [
              131.3859,
              -11.7735
            ],
            [
              131.3846,
              -11.7743
            ],
            [
              131.3833,
              -11.7751
            ],
            [
              131.3821,
              -11.7759
            ],
            [
              131.381,
              -11.7768
            ],
            [
              131.3799,
              -11.7778
            ],
            [
              131.3788,
              -11.7788
            ],
            [
              131.3778,
              -11.7799
            ],
            [
              131.3768,
              -11.781
            ],
            [
              131.3759,
              -11.7821
            ],
            [
              131.3751,
              -11.7833
            ],
            [
              131.3743,
              -11.7846
            ],
            [
              131.3735,
              -11.7859
            ],
            [
              131.3729,
              -11.7872
            ],
            [
              131.3723,
              -11.7885
            ],
            [
              131.3718,
              -11.7899
            ],
            [
              131.3713,
              -11.7913
            ],
            [
              131.3709,
              -11.7927
            ],
            [
              131.3706,
              -11.7941
            ],
            [
              131.3703,
              -11.7956
            ],
            [
              131.3701,
              -11.7971
            ],
            [
              131.37,
              -11.7985
            ],
            [
              131.37,
              -11.8
            ],
            [
              131.37,
              -11.8015
            ],
            [
              131.3701,
              -11.8029
            ],
            [
              131.3703,
              -11.8044
            ],
            [
              131.3706,
              -11.8059
            ],
            [
              131.3709,
              -11.8073
            ],
            [
              131.3713,
              -11.8087
            ],
            [
              131.3718,
              -11.8101
            ],
            [
              131.3723,
              -11.8115
            ],
            [
              131.3729,
              -11.8128
            ],
            [
              131.3735,
              -11.8141
            ],
            [
              131.3743,
              -11.8154
            ],
            [
              131.3751,
              -11.8167
            ],
            [
              131.3759,
              -11.8179
            ],
            [
              131.3768,
              -11.819
            ],
            [
              131.3778,
              -11.8201
            ],
            [
              131.3788,
              -11.8212
            ],
            [
              131.3799,
              -11.8222
            ],
            [
              131.381,
              -11.8232
            ],
            [
              131.3821,
              -11.8241
            ],
            [
              131.3833,
              -11.8249
            ],
            [
              131.3846,
              -11.8257
            ],
            [
              131.3859,
              -11.8265
            ],
            [
              131.3872,
              -11.8271
            ],
            [
              131.3885,
              -11.8277
            ],
            [
              131.3899,
              -11.8282
            ],
            [
              131.3913,
              -11.8287
            ],
            [
              131.3927,
              -11.8291
            ],
            [
              131.3941,
              -11.8294
            ],
            [
              131.3956,
              -11.8297
            ],
            [
              131.3971,
              -11.8299
            ],
            [
              131.3985,
              -11.83
            ],
            [
              131.4,
              -11.83
            ]
          ]
        ]
      },
      "properties": {
        "id": 74,
        "color": "green",
        "fillColor": "green",
        "strokeColor": "green",
        "strokeWidth": 2,
        "borderColor": "green",
        "boderWidth": 2
      }
    },
    {
      "type": "Feature",
      "geometry": {
        "type": "Polygon",
        "coordinates": [
          [
            [
              127.3,
              -14.7
            ],
            [
              127.3,
              -14.7
            ],
            [
              127.3,
              -14.7
            ],
            [
              127.3,
              -14.7
            ],
            [
              127.3,
              -14.7
            ],
            [
              127.3,
              -14.7
            ],
            [
              127.3,
              -14.7
            ],
            [
              127.3,
              -14.7
            ],
            [
              127.3,
              -14.7
            ],
            [
              127.3,
              -14.7
            ],
            [
              127.3,
              -14.7
            ],
            [
              127.3,
              -14.7
            ],
            [
              127.3,
              -14.7
            ],
            [
              127.3,
              -14.7
            ],
            [
              127.3,
              -14.7
            ],
            [
              127.3,
              -14.7
            ],
            [
              127.3,
              -14.7
            ],
            [
              127.3,
              -14.7
            ],
            [
              127.3,
              -14.7
            ],
            [
              127.3,
              -14.7
            ],
            [
              127.3,
              -14.7
            ],
            [
              127.3,
              -14.7
            ],
            [
              127.3,
              -14.7
            ],
            [
              127.3,
              -14.7
            ],
            [
              127.3,
              -14.7
            ],
            [
              127.3,
              -14.7
            ],
            [
              127.3,
              -14.7
            ],
            [
              127.3,
              -14.7
            ],
            [
              127.3,
              -14.7
            ],
            [
              127.3,
              -14.7
            ],
            [
              127.3,
              -14.7
            ],
            [
              127.3,
              -14.7
            ],
            [
              127.3,
              -14.7
            ],
            [
              127.3,
              -14.7
            ],
            [
              127.3,
              -14.7
            ],
            [
              127.3,
              -14.7
            ],
            [
              127.3,
              -14.7
            ],
            [
              127.3,
              -14.7
            ],
            [
              127.3,
              -14.7
            ],
            [
              127.3,
              -14.7
            ],
            [
              127.3,
              -14.7
            ],
            [
              127.3,
              -14.7
            ],
            [
              127.3,
              -14.7
            ],
            [
              127.3,
              -14.7
            ],
            [
              127.3,
              -14.7
            ],
            [
              127.3,
              -14.7
            ],
            [
              127.3,
              -14.7
            ],
            [
              127.3,
              -14.7
            ],
            [
              127.3,
              -14.7
            ],
            [
              127.3,
              -14.7
            ],
            [
              127.3,
              -14.7
            ],
            [
              127.3,
              -14.7
            ],
            [
              127.3,
              -14.7
            ],
            [
              127.3,
              -14.7
            ],
            [
              127.3,
              -14.7
            ],
            [
              127.3,
              -14.7
            ],
            [
              127.3,
              -14.7
            ],
            [
              127.3,
              -14.7
            ],
            [
              127.3,
              -14.7
            ],
            [
              127.3,
              -14.7
            ],
            [
              127.3,
              -14.7
            ],
            [
              127.3,
              -14.7
            ],
            [
              127.3,
              -14.7
            ],
            [
              127.3,
              -14.7
            ],
            [
              127.3,
              -14.7
            ],
            [
              127.3,
              -14.7
            ],
            [
              127.3,
              -14.7
            ],
            [
              127.3,
              -14.7
            ],
            [
              127.3,
              -14.7
            ],
            [
              127.3,
              -14.7
            ],
            [
              127.3,
              -14.7
            ],
            [
              127.3,
              -14.7
            ],
            [
              127.3,
              -14.7
            ],
            [
              127.3,
              -14.7
            ],
            [
              127.3,
              -14.7
            ],
            [
              127.3,
              -14.7
            ],
            [
              127.3,
              -14.7
            ],
            [
              127.3,
              -14.7
            ],
            [
              127.3,
              -14.7
            ],
            [
              127.3,
              -14.7
            ],
            [
              127.3,
              -14.7
            ],
            [
              127.3,
              -14.7
            ],
            [
              127.3,
              -14.7
            ],
            [
              127.3,
              -14.7
            ],
            [
              127.3,
              -14.7
            ],
            [
              127.3,
              -14.7
            ],
            [
              127.3,
              -14.7
            ],
            [
              127.3,
              -14.7
            ],
            [
              127.3,
              -14.7
            ],
            [
              127.3,
              -14.7
            ],
            [
              127.3,
              -14.7
            ],
            [
              127.3,
              -14.7
            ],
            [
              127.3,
              -14.7
            ],
            [
              127.3,
              -14.7
            ],
            [
              127.3,
              -14.7
            ],
            [
              127.3,
              -14.7
            ],
            [
              127.3,
              -14.7
            ],
            [
              127.3,
              -14.7
            ],
            [
              127.3,
              -14.7
            ],
            [
              127.3,
              -14.7
            ],
            [
              127.3,
              -14.7
            ],
            [
              127.3,
              -14.7
            ],
            [
              127.3,
              -14.7
            ],
            [
              127.3,
              -14.7
            ],
            [
              127.3,
              -14.7
            ],
            [
              127.3,
              -14.7
            ],
            [
              127.3,
              -14.7
            ],
            [
              127.3,
              -14.7
            ],
            [
              127.3,
              -14.7
            ],
            [
              127.3,
              -14.7
            ],
            [
              127.3,
              -14.7
            ],
            [
              127.3,
              -14.7
            ],
            [
              127.3,
              -14.7
            ],
            [
              127.3,
              -14.7
            ],
            [
              127.3,
              -14.7
            ],
            [
              127.3,
              -14.7
            ],
            [
              127.3,
              -14.7
            ],
            [
              127.3,
              -14.7
            ],
            [
              127.3,
              -14.7
            ],
            [
              127.3,
              -14.7
            ],
            [
              127.3,
              -14.7
            ],
            [
              127.3,
              -14.7
            ],
            [
              127.3,
              -14.7
            ],
            [
              127.3,
              -14.7
            ],
            [
              127.3,
              -14.7
            ],
            [
              127.3,
              -14.7
            ],
            [
              127.3,
              -14.7
            ],
            [
              127.3,
              -14.7
            ],
            [
              127.3,
              -14.7
            ],
            [
              127.3,
              -14.7
            ],
            [
              127.3,
              -14.7
            ],
            [
              127.3,
              -14.7
            ],
            [
              127.3,
              -14.7
            ],
            [
              127.3,
              -14.7
            ],
            [
              127.3,
              -14.7
            ],
            [
              127.3,
              -14.7
            ],
            [
              127.3,
              -14.7
            ],
            [
              127.3,
              -14.7
            ],
            [
              127.3,
              -14.7
            ],
            [
              127.3,
              -14.7
            ],
            [
              127.3,
              -14.7
            ],
            [
              127.3,
              -14.7
            ],
            [
              127.3,
              -14.7
            ],
            [
              127.3,
              -14.7
            ],
            [
              127.3,
              -14.7
            ],
            [
              127.3,
              -14.7
            ],
            [
              127.3,
              -14.7
            ],
            [
              127.3,
              -14.7
            ],
            [
              127.3,
              -14.7
            ],
            [
              127.3,
              -14.7
            ],
            [
              127.3,
              -14.7
            ],
            [
              127.3,
              -14.7
            ],
            [
              127.3,
              -14.7
            ],
            [
              127.3,
              -14.7
            ],
            [
              127.3,
              -14.7
            ],
            [
              127.3,
              -14.7
            ],
            [
              127.3,
              -14.7
            ],
            [
              127.3,
              -14.7
            ],
            [
              127.3,
              -14.7
            ],
            [
              127.3,
              -14.7
            ],
            [
              127.3,
              -14.7
            ],
            [
              127.3,
              -14.7
            ],
            [
              127.3,
              -14.7
            ],
            [
              127.3,
              -14.7
            ],
            [
              127.3,
              -14.7
            ],
            [
              127.3,
              -14.7
            ],
            [
              127.3,
              -14.7
            ],
            [
              127.3,
              -14.7
            ],
            [
              127.3,
              -14.7
            ],
            [
              127.3,
              -14.7
            ],
            [
              127.3,
              -14.7
            ],
            [
              127.3,
              -14.7
            ],
            [
              127.3,
              -14.7
            ],
            [
              127.3,
              -14.7
            ],
            [
              127.3,
              -14.7
            ],
            [
              127.3,
              -14.7
            ],
            [
              127.3,
              -14.7
            ],
            [
              127.3,
              -14.7
            ],
            [
              127.3,
              -14.7
            ],
            [
              127.3,
              -14.7
            ],
            [
              127.3,
              -14.7
            ],
            [
              127.3,
              -14.7
            ],
            [
              127.3,
              -14.7
            ],
            [
              127.3,
              -14.7
            ],
            [
              127.3,
              -14.7
            ],
            [
              127.3,
              -14.7
            ],
            [
              127.3,
              -14.7
            ],
            [
              127.3,
              -14.7
            ],
            [
              127.3,
              -14.7
            ],
            [
              127.3,
              -14.7
            ],
            [
              127.3,
              -14.7
            ],
            [
              127.3,
              -14.7
            ],
            [
              127.3,
              -14.7
            ],
            [
              127.3,
              -14.7
            ],
            [
              127.3,
              -14.7
            ],
            [
              127.3,
              -14.7
            ],
            [
              127.3,
              -14.7
            ],
            [
              127.3,
              -14.7
            ],
            [
              127.3,
              -14.7
            ],
            [
              127.3,
              -14.7
            ],
            [
              127.3,
              -14.7
            ],
            [
              127.3,
              -14.7
            ],
            [
              127.3,
              -14.7
            ],
            [
              127.3,
              -14.7
            ],
            [
              127.3,
              -14.7
            ],
            [
              127.3,
              -14.7
            ],
            [
              127.3,
              -14.7
            ],
            [
              127.3,
              -14.7
            ],
            [
              127.3,
              -14.7
            ],
            [
              127.3,
              -14.7
            ],
            [
              127.3,
              -14.7
            ],
            [
              127.3,
              -14.7
            ],
            [
              127.3,
              -14.7
            ],
            [
              127.3,
              -14.7
            ],
            [
              127.3,
              -14.7
            ],
            [
              127.3,
              -14.7
            ],
            [
              127.3,
              -14.7
            ],
            [
              127.3,
              -14.7
            ],
            [
              127.3,
              -14.7
            ],
            [
              127.3,
              -14.7
            ],
            [
              127.3,
              -14.7
            ],
            [
              127.3,
              -14.7
            ],
            [
              127.3,
              -14.7
            ],
            [
              127.3,
              -14.7
            ],
            [
              127.3,
              -14.7
            ],
            [
              127.3,
              -14.7
            ],
            [
              127.3,
              -14.7
            ],
            [
              127.3,
              -14.7
            ],
            [
              127.3,
              -14.7
            ],
            [
              127.3,
              -14.7
            ],
            [
              127.3,
              -14.7
            ],
            [
              127.3,
              -14.7
            ],
            [
              127.3,
              -14.7
            ],
            [
              127.3,
              -14.7
            ],
            [
              127.3,
              -14.7
            ],
            [
              127.3,
              -14.7
            ],
            [
              127.3,
              -14.7
            ],
            [
              127.3,
              -14.7
            ],
            [
              127.3,
              -14.7
            ],
            [
              127.3,
              -14.7
            ],
            [
              127.3,
              -14.7
            ],
            [
              127.3,
              -14.7
            ],
            [
              127.3,
              -14.7
            ],
            [
              127.3,
              -14.7
            ],
            [
              127.3,
              -14.7
            ],
            [
              127.3,
              -14.7
            ],
            [
              127.3,
              -14.7
            ],
            [
              127.3,
              -14.7
            ],
            [
              127.3,
              -14.7
            ],
            [
              127.3,
              -14.7
            ],
            [
              127.3,
              -14.7
            ],
            [
              127.3,
              -14.7
            ],
            [
              127.3,
              -14.7
            ],
            [
              127.3,
              -14.7
            ],
            [
              127.3,
              -14.7
            ],
            [
              127.3,
              -14.7
            ],
            [
              127.3,
              -14.7
            ],
            [
              127.3,
              -14.7
            ],
            [
              127.3,
              -14.7
            ],
            [
              127.3,
              -14.7
            ],
            [
              127.3,
              -14.7
            ],
            [
              127.3,
              -14.7
            ],
            [
              127.3,
              -14.7
            ],
            [
              127.3,
              -14.7
            ],
            [
              127.3,
              -14.7
            ],
            [
              127.3,
              -14.7
            ],
            [
              127.3,
              -14.7
            ],
            [
              127.3,
              -14.7
            ],
            [
              127.3,
              -14.7
            ],
            [
              127.3,
              -14.7
            ],
            [
              127.3,
              -14.7
            ],
            [
              127.3,
              -14.7
            ],
            [
              127.3,
              -14.7
            ],
            [
              127.3,
              -14.7
            ],
            [
              127.3,
              -14.7
            ],
            [
              127.3,
              -14.7
            ],
            [
              127.3,
              -14.7
            ],
            [
              127.3,
              -14.7
            ],
            [
              127.3,
              -14.7
            ],
            [
              127.3,
              -14.7
            ],
            [
              127.3,
              -14.7
            ],
            [
              127.3,
              -14.7
            ],
            [
              127.3,
              -14.7
            ],
            [
              127.3,
              -14.7
            ],
            [
              127.3,
              -14.7
            ],
            [
              127.3,
              -14.7
            ],
            [
              127.3,
              -14.7
            ],
            [
              127.3,
              -14.7
            ],
            [
              127.3,
              -14.7
            ],
            [
              127.3,
              -14.7
            ],
            [
              127.3,
              -14.7
            ],
            [
              127.3,
              -14.7
            ],
            [
              127.3,
              -14.7
            ],
            [
              127.3,
              -14.7
            ],
            [
              127.3,
              -14.7
            ],
            [
              127.3,
              -14.7
            ],
            [
              127.3,
              -14.7
            ],
            [
              127.3,
              -14.7
            ],
            [
              127.3,
              -14.7
            ],
            [
              127.3,
              -14.7
            ],
            [
              127.3,
              -14.7
            ],
            [
              127.3,
              -14.7
            ],
            [
              127.3,
              -14.7
            ],
            [
              127.3,
              -14.7
            ],
            [
              127.3,
              -14.7
            ],
            [
              127.3,
              -14.7
            ],
            [
              127.3,
              -14.7
            ],
            [
              127.3,
              -14.7
            ],
            [
              127.3,
              -14.7
            ],
            [
              127.3,
              -14.7
            ],
            [
              127.3,
              -14.7
            ],
            [
              127.3,
              -14.7
            ],
            [
              127.3,
              -14.7
            ],
            [
              127.3,
              -14.7
            ],
            [
              127.3,
              -14.7
            ],
            [
              127.3,
              -14.7
            ],
            [
              127.3,
              -14.7
            ],
            [
              127.3,
              -14.7
            ],
            [
              127.3,
              -14.7
            ],
            [
              127.3,
              -14.7
            ],
            [
              127.3,
              -14.7
            ],
            [
              127.3,
              -14.7
            ],
            [
              127.3,
              -14.7
            ],
            [
              127.3,
              -14.7
            ],
            [
              127.3,
              -14.7
            ],
            [
              127.3,
              -14.7
            ],
            [
              127.3,
              -14.7
            ],
            [
              127.3,
              -14.7
            ],
            [
              127.3,
              -14.7
            ],
            [
              127.3,
              -14.7
            ],
            [
              127.3,
              -14.7
            ],
            [
              127.3,
              -14.7
            ],
            [
              127.3,
              -14.7
            ],
            [
              127.3,
              -14.7
            ],
            [
              127.3,
              -14.7
            ],
            [
              127.3,
              -14.7
            ],
            [
              127.3,
              -14.7
            ],
            [
              127.3,
              -14.7
            ],
            [
              127.3,
              -14.7
            ],
            [
              127.3,
              -14.7
            ],
            [
              127.3,
              -14.7
            ],
            [
              127.3,
              -14.7
            ],
            [
              127.3,
              -14.7
            ],
            [
              127.3,
              -14.7
            ],
            [
              127.3,
              -14.7
            ],
            [
              127.3,
              -14.7
            ],
            [
              127.3,
              -14.7
            ],
            [
              127.3,
              -14.7
            ],
            [
              127.3,
              -14.7
            ],
            [
              127.3,
              -14.7
            ],
            [
              127.3,
              -14.7
            ],
            [
              127.3,
              -14.7
            ],
            [
              127.3,
              -14.7
            ],
            [
              127.3,
              -14.7
            ],
            [
              127.3,
              -14.7
            ],
            [
              127.3,
              -14.7
            ],
            [
              127.3,
              -14.7
            ],
            [
              127.3,
              -14.7
            ],
            [
              127.3,
              -14.7
            ],
            [
              127.3,
              -14.7
            ],
            [
              127.3,
              -14.7
            ],
            [
              127.3,
              -14.7
            ],
            [
              127.3,
              -14.7
            ],
            [
              127.3,
              -14.7
            ],
            [
              127.3,
              -14.7
            ]
          ]
        ]
      },
      "properties": {
        "id": 75,
        "color": "Green",
        "fillColor": "Green",
        "strokeColor": "green",
        "strokeWidth": 2,
        "borderColor": "green",
        "boderWidth": 2
      }
    },
    {
      "type": "Feature",
      "geometry": {
        "type": "Polygon",
        "coordinates": [
          [
            [
              126.9,
              -15.45
            ],
            [
              126.909,
              -15.4498
            ],
            [
              126.9181,
              -15.4494
            ],
            [
              126.9271,
              -15.4486
            ],
            [
              126.9361,
              -15.4476
            ],
            [
              126.945,
              -15.4462
            ],
            [
              126.9539,
              -15.4445
            ],
            [
              126.9627,
              -15.4426
            ],
            [
              126.9714,
              -15.4403
            ],
            [
              126.9801,
              -15.4378
            ],
            [
              126.9886,
              -15.4349
            ],
            [
              126.997,
              -15.4318
            ],
            [
              127.0054,
              -15.4284
            ],
            [
              127.0136,
              -15.4247
            ],
            [
              127.0216,
              -15.4207
            ],
            [
              127.0295,
              -15.4165
            ],
            [
              127.0373,
              -15.412
            ],
            [
              127.0449,
              -15.4073
            ],
            [
              127.0523,
              -15.4023
            ],
            [
              127.0595,
              -15.397
            ],
            [
              127.0665,
              -15.3915
            ],
            [
              127.4831,
              -15.0426
            ],
            [
              127.7249,
              -14.9851
            ],
            [
              127.7424,
              -14.9806
            ],
            [
              127.7596,
              -14.9755
            ],
            [
              127.7766,
              -14.9698
            ],
            [
              127.7935,
              -14.9636
            ],
            [
              127.8101,
              -14.9568
            ],
            [
              127.8264,
              -14.9494
            ],
            [
              127.8425,
              -14.9415
            ],
            [
              128.2422,
              -14.7415
            ],
            [
              128.258,
              -14.733
            ],
            [
              128.2734,
              -14.724
            ],
            [
              128.2885,
              -14.7145
            ],
            [
              128.3033,
              -14.7045
            ],
            [
              128.3177,
              -14.694
            ],
            [
              128.3317,
              -14.683
            ],
            [
              128.3453,
              -14.6716
            ],
            [
              128.3584,
              -14.6597
            ],
            [
              128.3712,
              -14.6473
            ],
            [
              128.5708,
              -14.4473
            ],
            [
              128.5831,
              -14.4346
            ],
            [
              128.7688,
              -14.2336
            ],
            [
              129.1415,
              -14.0415
            ],
            [
              129.1572,
              -14.033
            ],
            [
              129.1726,
              -14.024
            ],
            [
              129.1877,
              -14.0145
            ],
            [
              129.2024,
              -14.0045
            ],
            [
              129.2167,
              -13.994
            ],
            [
              129.2307,
              -13.983
            ],
            [
              129.2442,
              -13.9716
            ],
            [
              129.2573,
              -13.9597
            ],
            [
              129.27,
              -13.9473
            ],
            [
              129.6134,
              -13.6034
            ],
            [
              130.0211,
              -13.3889
            ],
            [
              130.042,
              -13.3776
            ],
            [
              130.0625,
              -13.3656
            ],
            [
              130.0825,
              -13.353
            ],
            [
              130.102,
              -13.3396
            ],
            [
              130.1211,
              -13.3256
            ],
            [
              130.1397,
              -13.311
            ],
            [
              130.1577,
              -13.2957
            ],
            [
              130.1751,
              -13.2798
            ],
            [
              130.192,
              -13.2633
            ],
            [
              130.2083,
              -13.2463
            ],
            [
              130.224,
              -13.2287
            ],
            [
              130.239,
              -13.2106
            ],
            [
              130.2534,
              -13.1921
            ],
            [
              130.2671,
              -13.173
            ],
            [
              130.2801,
              -13.1535
            ],
            [
              130.2924,
              -13.1335
            ],
            [
              130.3039,
              -13.1131
            ],
            [
              130.3148,
              -13.0924
            ],
            [
              130.3249,
              -13.0713
            ],
            [
              130.3342,
              -13.0499
            ],
            [
              130.3427,
              -13.0281
            ],
            [
              130.3505,
              -13.0061
            ],
            [
              130.3575,
              -12.9839
            ],
            [
              130.3637,
              -12.9614
            ],
            [
              130.3691,
              -12.9387
            ],
            [
              130.3736,
              -12.9158
            ],
            [
              130.3773,
              -12.8928
            ],
            [
              130.3803,
              -12.8697
            ],
            [
              130.3823,
              -12.8465
            ],
            [
              130.3836,
              -12.8233
            ],
            [
              130.384,
              -12.8
            ],
            [
              130.3836,
              -12.7767
            ],
            [
              130.3823,
              -12.7535
            ],
            [
              130.3803,
              -12.7303
            ],
            [
              130.3788,
              -12.7184
            ],
            [
              130.7749,
              -12.5698
            ],
            [
              130.7916,
              -12.5636
            ],
            [
              130.808,
              -12.5568
            ],
            [
              130.8242,
              -12.5494
            ],
            [
              130.8401,
              -12.5415
            ],
            [
              131.1333,
              -12.3948
            ],
            [
              131.4208,
              -12.3826
            ],
            [
              131.4415,
              -12.3816
            ],
            [
              131.4623,
              -12.3798
            ],
            [
              131.4829,
              -12.3773
            ],
            [
              131.5034,
              -12.3741
            ],
            [
              131.5238,
              -12.3703
            ],
            [
              131.5441,
              -12.3657
            ],
            [
              131.5642,
              -12.3604
            ],
            [
              131.584,
              -12.3545
            ],
            [
              131.6037,
              -12.3478
            ],
            [
              131.6231,
              -12.3405
            ],
            [
              131.6422,
              -12.3326
            ],
            [
              131.6611,
              -12.324
            ],
            [
              132.0238,
              -12.1494
            ],
            [
              132.0397,
              -12.1415
            ],
            [
              132.0553,
              -12.133
            ],
            [
              132.0706,
              -12.124
            ],
            [
              132.0855,
              -12.1145
            ],
            [
              132.1001,
              -12.1045
            ],
            [
              132.1144,
              -12.094
            ],
            [
              132.1282,
              -12.083
            ],
            [
              132.1417,
              -12.0716
            ],
            [
              132.1547,
              -12.0597
            ],
            [
              132.1673,
              -12.0473
            ],
            [
              132.1795,
              -12.0346
            ],
            [
              132.1911,
              -12.0214
            ],
            [
              132.2024,
              -12.0078
            ],
            [
              132.2131,
              -11.9939
            ],
            [
              132.2233,
              -11.9796
            ],
            [
              132.6224,
              -11.3796
            ],
            [
              132.6321,
              -11.365
            ],
            [
              132.6413,
              -11.35
            ],
            [
              132.6499,
              -11.3347
            ],
            [
              132.658,
              -11.3192
            ],
            [
              132.8344,
              -10.9653
            ],
            [
              132.9101,
              -10.8688
            ],
            [
              133.131,
              -10.7966
            ],
            [
              133.145,
              -10.7919
            ],
            [
              133.1588,
              -10.7866
            ],
            [
              133.1724,
              -10.7809
            ],
            [
              133.1859,
              -10.7748
            ],
            [
              133.199,
              -10.7682
            ],
            [
              133.212,
              -10.7611
            ],
            [
              133.2247,
              -10.7536
            ],
            [
              133.2371,
              -10.7457
            ],
            [
              133.2492,
              -10.7374
            ],
            [
              133.261,
              -10.7286
            ],
            [
              133.2725,
              -10.7194
            ],
            [
              133.2837,
              -10.7099
            ],
            [
              133.2945,
              -10.7
            ],
            [
              133.305,
              -10.6897
            ],
            [
              133.4246,
              -10.5699
            ],
            [
              133.4432,
              -10.5657
            ],
            [
              133.4632,
              -10.5604
            ],
            [
              133.4829,
              -10.5545
            ],
            [
              133.5025,
              -10.5478
            ],
            [
              133.5218,
              -10.5405
            ],
            [
              133.5408,
              -10.5326
            ],
            [
              133.5595,
              -10.524
            ],
            [
              133.5779,
              -10.5148
            ],
            [
              133.596,
              -10.5049
            ],
            [
              133.6137,
              -10.4944
            ],
            [
              133.631,
              -10.4833
            ],
            [
              133.648,
              -10.4717
            ],
            [
              133.6645,
              -10.4594
            ],
            [
              133.6805,
              -10.4466
            ],
            [
              133.6961,
              -10.4333
            ],
            [
              133.7112,
              -10.4194
            ],
            [
              133.7258,
              -10.405
            ],
            [
              133.7399,
              -10.3901
            ],
            [
              133.7535,
              -10.3747
            ],
            [
              133.7665,
              -10.3589
            ],
            [
              133.7789,
              -10.3427
            ],
            [
              133.7908,
              -10.326
            ],
            [
              133.802,
              -10.3089
            ],
            [
              133.8127,
              -10.2915
            ],
            [
              133.8227,
              -10.2737
            ],
            [
              133.8321,
              -10.2556
            ],
            [
              133.8408,
              -10.2371
            ],
            [
              133.8489,
              -10.2184
            ],
            [
              133.8563,
              -10.1994
            ],
            [
              133.863,
              -10.1802
            ],
            [
              133.8691,
              -10.1607
            ],
            [
              133.8744,
              -10.141
            ],
            [
              133.8791,
              -10.1212
            ],
            [
              133.883,
              -10.1012
            ],
            [
              133.8862,
              -10.0811
            ],
            [
              133.8888,
              -10.0609
            ],
            [
              133.8906,
              -10.0407
            ],
            [
              133.8916,
              -10.0203
            ],
            [
              133.892,
              -10.0
            ],
            [
              133.8916,
              -9.9797
            ],
            [
              133.8906,
              -9.9593
            ],
            [
              133.8888,
              -9.9391
            ],
            [
              133.8862,
              -9.9189
            ],
            [
              133.883,
              -9.8988
            ],
            [
              133.8791,
              -9.8788
            ],
            [
              133.8744,
              -9.859
            ],
            [
              133.8691,
              -9.8393
            ],
            [
              133.863,
              -9.8198
            ],
            [
              133.8563,
              -9.8006
            ],
            [
              133.8489,
              -9.7816
            ],
            [
              133.8408,
              -9.7629
            ],
            [
              133.8321,
              -9.7444
            ],
            [
              133.7318,
              -9.5444
            ],
            [
              133.7224,
              -9.5263
            ],
            [
              133.7124,
              -9.5085
            ],
            [
              133.7017,
              -9.4911
            ],
            [
              133.6905,
              -9.474
            ],
            [
              133.6786,
              -9.4573
            ],
            [
              133.6662,
              -9.4411
            ],
            [
              133.6532,
              -9.4253
            ],
            [
              133.6397,
              -9.4099
            ],
            [
              133.6256,
              -9.395
            ],
            [
              133.611,
              -9.3806
            ],
            [
              133.5959,
              -9.3667
            ],
            [
              133.5803,
              -9.3534
            ],
            [
              133.5642,
              -9.3406
            ],
            [
              133.5478,
              -9.3283
            ],
            [
              133.5308,
              -9.3167
            ],
            [
              133.5135,
              -9.3056
            ],
            [
              133.4958,
              -9.2951
            ],
            [
              133.4778,
              -9.2852
            ],
            [
              133.4594,
              -9.276
            ],
            [
              133.4406,
              -9.2674
            ],
            [
              133.4216,
              -9.2595
            ],
            [
              133.4024,
              -9.2522
            ],
            [
              133.3828,
              -9.2455
            ],
            [
              133.3631,
              -9.2396
            ],
            [
              133.3431,
              -9.2343
            ],
            [
              133.323,
              -9.2297
            ],
            [
              133.0702,
              -9.1743
            ],
            [
              133.0586,
              -9.1721
            ],
            [
              133.047,
              -9.1702
            ],
            [
              133.0353,
              -9.1688
            ],
            [
              133.0236,
              -9.1678
            ],
            [
              133.0118,
              -9.1672
            ],
            [
              133.0,
              -9.167
            ],
            [
              132.6,
              -9.167
            ],
            [
              132.5882,
              -9.1672
            ],
            [
              132.5764,
              -9.1678
            ],
            [
              132.5647,
              -9.1688
            ],
            [
              132.553,
              -9.1702
            ],
            [
              132.5414,
              -9.1721
            ],
            [
              132.5298,
              -9.1743
            ],
            [
              132.5183,
              -9.1769
            ],
            [
              132.5069,
              -9.1799
            ],
            [
              132.4957,
              -9.1833
            ],
            [
              132.4845,
              -9.1871
            ],
            [
              132.4735,
              -9.1912
            ],
            [
              132.4627,
              -9.1958
            ],
            [
              132.452,
              -9.2007
            ],
            [
              132.4415,
              -9.206
            ],
            [
              132.4312,
              -9.2116
            ],
            [
              132.4211,
              -9.2176
            ],
            [
              132.4112,
              -9.2239
            ],
            [
              132.4015,
              -9.2306
            ],
            [
              132.3921,
              -9.2376
            ],
            [
              132.383,
              -9.2449
            ],
            [
              132.3741,
              -9.2525
            ],
            [
              132.3655,
              -9.2605
            ],
            [
              132.3571,
              -9.2687
            ],
            [
              132.3491,
              -9.2772
            ],
            [
              132.3414,
              -9.286
            ],
            [
              132.3339,
              -9.295
            ],
            [
              132.3269,
              -9.3043
            ],
            [
              132.3201,
              -9.3138
            ],
            [
              132.3137,
              -9.3235
            ],
            [
              132.3076,
              -9.3335
            ],
            [
              132.3019,
              -9.3437
            ],
            [
              132.2965,
              -9.354
            ],
            [
              132.2916,
              -9.3646
            ],
            [
              132.287,
              -9.3753
            ],
            [
              132.2827,
              -9.3861
            ],
            [
              132.2789,
              -9.3971
            ],
            [
              132.2754,
              -9.4082
            ],
            [
              132.2724,
              -9.4194
            ],
            [
              132.2697,
              -9.4308
            ],
            [
              132.2675,
              -9.4422
            ],
            [
              132.2657,
              -9.4537
            ],
            [
              132.2642,
              -9.4652
            ],
            [
              132.2632,
              -9.4768
            ],
            [
              132.2626,
              -9.4884
            ],
            [
              132.2624,
              -9.5
            ],
            [
              132.2622,
              -9.6755
            ],
            [
              132.246,
              -9.6816
            ],
            [
              132.2243,
              -9.6907
            ],
            [
              132.2028,
              -9.7005
            ],
            [
              132.1817,
              -9.7111
            ],
            [
              132.161,
              -9.7224
            ],
            [
              132.1408,
              -9.7344
            ],
            [
              132.1209,
              -9.747
            ],
            [
              132.1015,
              -9.7604
            ],
            [
              132.0826,
              -9.7744
            ],
            [
              132.0642,
              -9.789
            ],
            [
              132.0464,
              -9.8043
            ],
            [
              132.0291,
              -9.8202
            ],
            [
              132.0123,
              -9.8367
            ],
            [
              131.9962,
              -9.8537
            ],
            [
              131.9807,
              -9.8713
            ],
            [
              131.9658,
              -9.8894
            ],
            [
              131.9515,
              -9.9079
            ],
            [
              131.938,
              -9.927
            ],
            [
              131.9251,
              -9.9465
            ],
            [
              131.9129,
              -9.9665
            ],
            [
              131.9014,
              -9.9869
            ],
            [
              131.8907,
              -10.0076
            ],
            [
              131.8807,
              -10.0287
            ],
            [
              131.8714,
              -10.0501
            ],
            [
              131.863,
              -10.0719
            ],
            [
              131.8553,
              -10.0939
            ],
            [
              131.8483,
              -10.1161
            ],
            [
              131.8422,
              -10.1386
            ],
            [
              131.8369,
              -10.1613
            ],
            [
              131.8324,
              -10.1842
            ],
            [
              131.8287,
              -10.2072
            ],
            [
              131.8258,
              -10.2303
            ],
            [
              131.8237,
              -10.2535
            ],
            [
              131.8225,
              -10.2767
            ],
            [
              131.8221,
              -10.3
            ],
            [
              131.8225,
              -10.3233
            ],
            [
              131.8237,
              -10.3465
            ],
            [
              131.8258,
              -10.3697
            ],
            [
              131.8287,
              -10.3928
            ],
            [
              131.8324,
              -10.4158
            ],
            [
              131.87,
              -10.6257
            ],
            [
              131.7565,
              -10.8519
            ],
            [
              131.5162,
              -11.2116
            ],
            [
              131.3792,
              -11.2174
            ],
            [
              131.3585,
              -11.2184
            ],
            [
              131.3377,
              -11.2202
            ],
            [
              131.3171,
              -11.2227
            ],
            [
              131.2966,
              -11.2259
            ],
            [
              131.2762,
              -11.2297
            ],
            [
              131.2559,
              -11.2343
            ],
            [
              131.2358,
              -11.2396
            ],
            [
              131.216,
              -11.2455
            ],
            [
              131.1963,
              -11.2522
            ],
            [
              131.1769,
              -11.2595
            ],
            [
              131.1578,
              -11.2674
            ],
            [
              131.1389,
              -11.276
            ],
            [
              130.776,
              -11.4506
            ],
            [
              130.7601,
              -11.4585
            ],
            [
              130.3915,
              -11.6428
            ],
            [
              129.6249,
              -11.9302
            ],
            [
              129.6082,
              -11.9364
            ],
            [
              129.5918,
              -11.9432
            ],
            [
              129.5756,
              -11.9506
            ],
            [
              129.5597,
              -11.9585
            ],
            [
              129.544,
              -11.967
            ],
            [
              129.5287,
              -11.976
            ],
            [
              129.5137,
              -11.9855
            ],
            [
              129.4991,
              -11.9955
            ],
            [
              129.4848,
              -12.006
            ],
            [
              129.4709,
              -12.017
            ],
            [
              129.4574,
              -12.0284
            ],
            [
              129.4444,
              -12.0403
            ],
            [
              129.4317,
              -12.0527
            ],
            [
              129.4196,
              -12.0654
            ],
            [
              129.4078,
              -12.0786
            ],
            [
              129.3966,
              -12.0922
            ],
            [
              129.161,
              -12.3894
            ],
            [
              129.1466,
              -12.4079
            ],
            [
              129.1329,
              -12.427
            ],
            [
              129.1199,
              -12.4465
            ],
            [
              129.1076,
              -12.4665
            ],
            [
              129.0961,
              -12.4869
            ],
            [
              129.0852,
              -12.5076
            ],
            [
              128.8777,
              -12.9054
            ],
            [
              128.53,
              -13.2527
            ],
            [
              128.5177,
              -13.2654
            ],
            [
              128.2523,
              -13.5455
            ],
            [
              128.0237,
              -13.6302
            ],
            [
              128.0069,
              -13.6364
            ],
            [
              127.9903,
              -13.6432
            ],
            [
              127.974,
              -13.6506
            ],
            [
              127.958,
              -13.6585
            ],
            [
              127.9422,
              -13.667
            ],
            [
              127.9268,
              -13.676
            ],
            [
              127.9117,
              -13.6855
            ],
            [
              127.897,
              -13.6955
            ],
            [
              127.8826,
              -13.706
            ],
            [
              127.8686,
              -13.717
            ],
            [
              127.855,
              -13.7284
            ],
            [
              127.8419,
              -13.7403
            ],
            [
              127.8292,
              -13.7527
            ],
            [
              127.6884,
              -13.8932
            ],
            [
              127.3575,
              -14.0585
            ],
            [
              127.3418,
              -14.067
            ],
            [
              127.3263,
              -14.076
            ],
            [
              127.3112,
              -14.0855
            ],
            [
              127.2964,
              -14.0955
            ],
            [
              127.282,
              -14.106
            ],
            [
              127.268,
              -14.117
            ],
            [
              127.2544,
              -14.1284
            ],
            [
              127.2412,
              -14.1403
            ],
            [
              127.2285,
              -14.1527
            ],
            [
              127.2162,
              -14.1654
            ],
            [
              127.2044,
              -14.1786
            ],
            [
              127.193,
              -14.1922
            ],
            [
              127.1822,
              -14.2061
            ],
            [
              127.1718,
              -14.2204
            ],
            [
              126.9786,
              -14.4903
            ],
            [
              126.9712,
              -14.5013
            ],
            [
              126.9643,
              -14.5125
            ],
            [
              126.9577,
              -14.5239
            ],
            [
              126.9515,
              -14.5356
            ],
            [
              126.6672,
              -15.0904
            ],
            [
              126.6633,
              -15.0983
            ],
            [
              126.6598,
              -15.1063
            ],
            [
              126.6566,
              -15.1145
            ],
            [
              126.6536,
              -15.1227
            ],
            [
              126.651,
              -15.1311
            ],
            [
              126.6486,
              -15.1395
            ],
            [
              126.6466,
              -15.148
            ],
            [
              126.6449,
              -15.1566
            ],
            [
              126.6435,
              -15.1652
            ],
            [
              126.6424,
              -15.1739
            ],
            [
              126.6416,
              -15.1826
            ],
            [
              126.6411,
              -15.1913
            ],
            [
              126.6409,
              -15.2
            ],
            [
              126.6411,
              -15.2087
            ],
            [
              126.6416,
              -15.2174
            ],
            [
              126.6424,
              -15.2261
            ],
            [
              126.6435,
              -15.2348
            ],
            [
              126.6449,
              -15.2434
            ],
            [
              126.6466,
              -15.252
            ],
            [
              126.6486,
              -15.2605
            ],
            [
              126.651,
              -15.2689
            ],
            [
              126.6536,
              -15.2773
            ],
            [
              126.6566,
              -15.2855
            ],
            [
              126.6598,
              -15.2937
            ],
            [
              126.6633,
              -15.3017
            ],
            [
              126.6672,
              -15.3096
            ],
            [
              126.6713,
              -15.3174
            ],
            [
              126.6756,
              -15.325
            ],
            [
              126.6803,
              -15.3325
            ],
            [
              126.6852,
              -15.3398
            ],
            [
              126.6904,
              -15.3469
            ],
            [
              126.6959,
              -15.3539
            ],
            [
              126.7015,
              -15.3607
            ],
            [
              126.7075,
              -15.3673
            ],
            [
              126.7136,
              -15.3737
            ],
            [
              126.72,
              -15.3798
            ],
            [
              126.7267,
              -15.3858
            ],
            [
              126.7335,
              -15.3915
            ],
            [
              126.7405,
              -15.397
            ],
            [
              126.7477,
              -15.4023
            ],
            [
              126.7551,
              -15.4073
            ],
            [
              126.7627,
              -15.412
            ],
            [
              126.7705,
              -15.4165
            ],
            [
              126.7784,
              -15.4207
            ],
            [
              126.7864,
              -15.4247
            ],
            [
              126.7946,
              -15.4284
            ],
            [
              126.803,
              -15.4318
            ],
            [
              126.8114,
              -15.4349
            ],
            [
              126.8199,
              -15.4378
            ],
            [
              126.8286,
              -15.4403
            ],
            [
              126.8373,
              -15.4426
            ],
            [
              126.8461,
              -15.4445
            ],
            [
              126.855,
              -15.4462
            ],
            [
              126.8639,
              -15.4476
            ],
            [
              126.8729,
              -15.4486
            ],
            [
              126.8819,
              -15.4494
            ],
            [
              126.891,
              -15.4498
            ],
            [
              126.9,
              -15.45
            ]
          ]
        ]
      },
      "properties": {
        "id": 76,
        "color": "Orange",
        "fillColor": "Orange",
        "strokeColor": "green",
        "strokeWidth": 2,
        "borderColor": "green",
        "boderWidth": 2
      }
    },
    {
      "type": "Feature",
      "geometry": {
        "type": "LineString",
        "coordinates": [
          [
            132.5,
            -10.3
          ],
          [
            132.4,
            -10.7
          ]
        ]
      },
      "properties": {
        "id": 77,
        "color": "green",
        "fillColor": "green",
        "strokeColor": "green",
        "strokeWidth": 2,
        "borderColor": "green",
        "boderWidth": 2
      }
    },
    {
      "type": "Feature",
      "geometry": {
        "type": "Point",
        "coordinates": [
          40.722,
          13.51
        ]
      },
      "properties": {
        "id": 78,
        "color": "green",
        "fillColor": "green",
        "strokeColor": "green",
        "strokeWidth": 2,
        "borderColor": "green",
        "boderWidth": 2
      }
    },
    {
      "type": "Feature",
      "geometry": {
        "type": "LineString",
        "coordinates": [
          [
            131.8,
            -11.7
          ],
          [
            131.4,
            -11.8
          ]
        ]
      },
      "properties": {
        "id": 79,
        "color": "green",
        "fillColor": "green",
        "strokeColor": "green",
        "strokeWidth": 2,
        "borderColor": "green",
        "boderWidth": 2
      }
    },
    {
      "type": "Feature",
      "geometry": {
        "type": "Polygon",
        "coordinates": [
          [
            [
              133.3,
              -10.13
            ],
            [
              133.3015,
              -10.13
            ],
            [
              133.3029,
              -10.1299
            ],
            [
              133.3044,
              -10.1297
            ],
            [
              133.3059,
              -10.1294
            ],
            [
              133.3073,
              -10.1291
            ],
            [
              133.3087,
              -10.1287
            ],
            [
              133.3101,
              -10.1282
            ],
            [
              133.3115,
              -10.1277
            ],
            [
              133.3128,
              -10.1271
            ],
            [
              133.3141,
              -10.1265
            ],
            [
              133.3154,
              -10.1257
            ],
            [
              133.3167,
              -10.1249
            ],
            [
              133.3179,
              -10.1241
            ],
            [
              133.319,
              -10.1232
            ],
            [
              133.3201,
              -10.1222
            ],
            [
              133.3212,
              -10.1212
            ],
            [
              133.3222,
              -10.1201
            ],
            [
              133.3232,
              -10.119
            ],
            [
              133.3241,
              -10.1179
            ],
            [
              133.3249,
              -10.1167
            ],
            [
              133.3257,
              -10.1154
            ],
            [
              133.3265,
              -10.1141
            ],
            [
              133.3271,
              -10.1128
            ],
            [
              133.3277,
              -10.1115
            ],
            [
              133.3282,
              -10.1101
            ],
            [
              133.3287,
              -10.1087
            ],
            [
              133.3291,
              -10.1073
            ],
            [
              133.3294,
              -10.1059
            ],
            [
              133.3297,
              -10.1044
            ],
            [
              133.3299,
              -10.1029
            ],
            [
              133.33,
              -10.1015
            ],
            [
              133.33,
              -10.1
            ],
            [
              133.33,
              -10.0985
            ],
            [
              133.3299,
              -10.0971
            ],
            [
              133.3297,
              -10.0956
            ],
            [
              133.3294,
              -10.0941
            ],
            [
              133.3291,
              -10.0927
            ],
            [
              133.3287,
              -10.0913
            ],
            [
              133.3282,
              -10.0899
            ],
            [
              133.3277,
              -10.0885
            ],
            [
              133.3271,
              -10.0872
            ],
            [
              133.3265,
              -10.0859
            ],
            [
              133.3257,
              -10.0846
            ],
            [
              133.3249,
              -10.0833
            ],
            [
              133.3241,
              -10.0821
            ],
            [
              133.3232,
              -10.081
            ],
            [
              133.3222,
              -10.0799
            ],
            [
              133.3212,
              -10.0788
            ],
            [
              133.3201,
              -10.0778
            ],
            [
              133.319,
              -10.0768
            ],
            [
              133.3179,
              -10.0759
            ],
            [
              133.3167,
              -10.0751
            ],
            [
              133.3154,
              -10.0743
            ],
            [
              133.3141,
              -10.0735
            ],
            [
              133.3128,
              -10.0729
            ],
            [
              133.3115,
              -10.0723
            ],
            [
              133.3101,
              -10.0718
            ],
            [
              133.3087,
              -10.0713
            ],
            [
              133.3073,
              -10.0709
            ],
            [
              133.3059,
              -10.0706
            ],
            [
              133.3044,
              -10.0703
            ],
            [
              133.3029,
              -10.0701
            ],
            [
              133.3015,
              -10.07
            ],
            [
              133.3,
              -10.07
            ],
            [
              133.2985,
              -10.07
            ],
            [
              133.2971,
              -10.0701
            ],
            [
              133.2956,
              -10.0703
            ],
            [
              133.2941,
              -10.0706
            ],
            [
              133.2927,
              -10.0709
            ],
            [
              133.2913,
              -10.0713
            ],
            [
              133.2899,
              -10.0718
            ],
            [
              133.2885,
              -10.0723
            ],
            [
              133.2872,
              -10.0729
            ],
            [
              133.2859,
              -10.0735
            ],
            [
              133.2846,
              -10.0743
            ],
            [
              133.2833,
              -10.0751
            ],
            [
              133.2821,
              -10.0759
            ],
            [
              133.281,
              -10.0768
            ],
            [
              133.2799,
              -10.0778
            ],
            [
              133.2788,
              -10.0788
            ],
            [
              133.2778,
              -10.0799
            ],
            [
              133.2768,
              -10.081
            ],
            [
              133.2759,
              -10.0821
            ],
            [
              133.2751,
              -10.0833
            ],
            [
              133.2743,
              -10.0846
            ],
            [
              133.2735,
              -10.0859
            ],
            [
              133.2729,
              -10.0872
            ],
            [
              133.2723,
              -10.0885
            ],
            [
              133.2718,
              -10.0899
            ],
            [
              133.2713,
              -10.0913
            ],
            [
              133.2709,
              -10.0927
            ],
            [
              133.2706,
              -10.0941
            ],
            [
              133.2703,
              -10.0956
            ],
            [
              133.2701,
              -10.0971
            ],
            [
              133.27,
              -10.0985
            ],
            [
              133.27,
              -10.1
            ],
            [
              133.27,
              -10.1015
            ],
            [
              133.2701,
              -10.1029
            ],
            [
              133.2703,
              -10.1044
            ],
            [
              133.2706,
              -10.1059
            ],
            [
              133.2709,
              -10.1073
            ],
            [
              133.2713,
              -10.1087
            ],
            [
              133.2718,
              -10.1101
            ],
            [
              133.2723,
              -10.1115
            ],
            [
              133.2729,
              -10.1128
            ],
            [
              133.2735,
              -10.1141
            ],
            [
              133.2743,
              -10.1154
            ],
            [
              133.2751,
              -10.1167
            ],
            [
              133.2759,
              -10.1179
            ],
            [
              133.2768,
              -10.119
            ],
            [
              133.2778,
              -10.1201
            ],
            [
              133.2788,
              -10.1212
            ],
            [
              133.2799,
              -10.1222
            ],
            [
              133.281,
              -10.1232
            ],
            [
              133.2821,
              -10.1241
            ],
            [
              133.2833,
              -10.1249
            ],
            [
              133.2846,
              -10.1257
            ],
            [
              133.2859,
              -10.1265
            ],
            [
              133.2872,
              -10.1271
            ],
            [
              133.2885,
              -10.1277
            ],
            [
              133.2899,
              -10.1282
            ],
            [
              133.2913,
              -10.1287
            ],
            [
              133.2927,
              -10.1291
            ],
            [
              133.2941,
              -10.1294
            ],
            [
              133.2956,
              -10.1297
            ],
            [
              133.2971,
              -10.1299
            ],
            [
              133.2985,
              -10.13
            ],
            [
              133.3,
              -10.13
            ]
          ]
        ]
      },
      "properties": {
        "id": 80,
        "color": "green",
        "fillColor": "green",
        "strokeColor": "green",
        "strokeWidth": 2,
        "borderColor": "green",
        "boderWidth": 2
      }
    },
    {
      "type": "Feature",
      "geometry": {
        "type": "Polygon",
        "coordinates": [
          [
            [
              132.5,
              -10.33
            ],
            [
              132.5015,
              -10.33
            ],
            [
              132.5029,
              -10.3299
            ],
            [
              132.5044,
              -10.3297
            ],
            [
              132.5059,
              -10.3294
            ],
            [
              132.5073,
              -10.3291
            ],
            [
              132.5087,
              -10.3287
            ],
            [
              132.5101,
              -10.3282
            ],
            [
              132.5115,
              -10.3277
            ],
            [
              132.5128,
              -10.3271
            ],
            [
              132.5141,
              -10.3265
            ],
            [
              132.5154,
              -10.3257
            ],
            [
              132.5167,
              -10.3249
            ],
            [
              132.5179,
              -10.3241
            ],
            [
              132.519,
              -10.3232
            ],
            [
              132.5201,
              -10.3222
            ],
            [
              132.5212,
              -10.3212
            ],
            [
              132.5222,
              -10.3201
            ],
            [
              132.5232,
              -10.319
            ],
            [
              132.5241,
              -10.3179
            ],
            [
              132.5249,
              -10.3167
            ],
            [
              132.5257,
              -10.3154
            ],
            [
              132.5265,
              -10.3141
            ],
            [
              132.5271,
              -10.3128
            ],
            [
              132.5277,
              -10.3115
            ],
            [
              132.5282,
              -10.3101
            ],
            [
              132.5287,
              -10.3087
            ],
            [
              132.5291,
              -10.3073
            ],
            [
              132.5294,
              -10.3059
            ],
            [
              132.5297,
              -10.3044
            ],
            [
              132.5299,
              -10.3029
            ],
            [
              132.53,
              -10.3015
            ],
            [
              132.53,
              -10.3
            ],
            [
              132.53,
              -10.2985
            ],
            [
              132.5299,
              -10.2971
            ],
            [
              132.5297,
              -10.2956
            ],
            [
              132.5294,
              -10.2941
            ],
            [
              132.5291,
              -10.2927
            ],
            [
              132.5287,
              -10.2913
            ],
            [
              132.5282,
              -10.2899
            ],
            [
              132.5277,
              -10.2885
            ],
            [
              132.5271,
              -10.2872
            ],
            [
              132.5265,
              -10.2859
            ],
            [
              132.5257,
              -10.2846
            ],
            [
              132.5249,
              -10.2833
            ],
            [
              132.5241,
              -10.2821
            ],
            [
              132.5232,
              -10.281
            ],
            [
              132.5222,
              -10.2799
            ],
            [
              132.5212,
              -10.2788
            ],
            [
              132.5201,
              -10.2778
            ],
            [
              132.519,
              -10.2768
            ],
            [
              132.5179,
              -10.2759
            ],
            [
              132.5167,
              -10.2751
            ],
            [
              132.5154,
              -10.2743
            ],
            [
              132.5141,
              -10.2735
            ],
            [
              132.5128,
              -10.2729
            ],
            [
              132.5115,
              -10.2723
            ],
            [
              132.5101,
              -10.2718
            ],
            [
              132.5087,
              -10.2713
            ],
            [
              132.5073,
              -10.2709
            ],
            [
              132.5059,
              -10.2706
            ],
            [
              132.5044,
              -10.2703
            ],
            [
              132.5029,
              -10.2701
            ],
            [
              132.5015,
              -10.27
            ],
            [
              132.5,
              -10.27
            ],
            [
              132.4985,
              -10.27
            ],
            [
              132.4971,
              -10.2701
            ],
            [
              132.4956,
              -10.2703
            ],
            [
              132.4941,
              -10.2706
            ],
            [
              132.4927,
              -10.2709
            ],
            [
              132.4913,
              -10.2713
            ],
            [
              132.4899,
              -10.2718
            ],
            [
              132.4885,
              -10.2723
            ],
            [
              132.4872,
              -10.2729
            ],
            [
              132.4859,
              -10.2735
            ],
            [
              132.4846,
              -10.2743
            ],
            [
              132.4833,
              -10.2751
            ],
            [
              132.4821,
              -10.2759
            ],
            [
              132.481,
              -10.2768
            ],
            [
              132.4799,
              -10.2778
            ],
            [
              132.4788,
              -10.2788
            ],
            [
              132.4778,
              -10.2799
            ],
            [
              132.4768,
              -10.281
            ],
            [
              132.4759,
              -10.2821
            ],
            [
              132.4751,
              -10.2833
            ],
            [
              132.4743,
              -10.2846
            ],
            [
              132.4735,
              -10.2859
            ],
            [
              132.4729,
              -10.2872
            ],
            [
              132.4723,
              -10.2885
            ],
            [
              132.4718,
              -10.2899
            ],
            [
              132.4713,
              -10.2913
            ],
            [
              132.4709,
              -10.2927
            ],
            [
              132.4706,
              -10.2941
            ],
            [
              132.4703,
              -10.2956
            ],
            [
              132.4701,
              -10.2971
            ],
            [
              132.47,
              -10.2985
            ],
            [
              132.47,
              -10.3
            ],
            [
              132.47,
              -10.3015
            ],
            [
              132.4701,
              -10.3029
            ],
            [
              132.4703,
              -10.3044
            ],
            [
              132.4706,
              -10.3059
            ],
            [
              132.4709,
              -10.3073
            ],
            [
              132.4713,
              -10.3087
            ],
            [
              132.4718,
              -10.3101
            ],
            [
              132.4723,
              -10.3115
            ],
            [
              132.4729,
              -10.3128
            ],
            [
              132.4735,
              -10.3141
            ],
            [
              132.4743,
              -10.3154
            ],
            [
              132.4751,
              -10.3167
            ],
            [
              132.4759,
              -10.3179
            ],
            [
              132.4768,
              -10.319
            ],
            [
              132.4778,
              -10.3201
            ],
            [
              132.4788,
              -10.3212
            ],
            [
              132.4799,
              -10.3222
            ],
            [
              132.481,
              -10.3232
            ],
            [
              132.4821,
              -10.3241
            ],
            [
              132.4833,
              -10.3249
            ],
            [
              132.4846,
              -10.3257
            ],
            [
              132.4859,
              -10.3265
            ],
            [
              132.4872,
              -10.3271
            ],
            [
              132.4885,
              -10.3277
            ],
            [
              132.4899,
              -10.3282
            ],
            [
              132.4913,
              -10.3287
            ],
            [
              132.4927,
              -10.3291
            ],
            [
              132.4941,
              -10.3294
            ],
            [
              132.4956,
              -10.3297
            ],
            [
              132.4971,
              -10.3299
            ],
            [
              132.4985,
              -10.33
            ],
            [
              132.5,
              -10.33
            ]
          ]
        ]
      },
      "properties": {
        "id": 81,
        "color": "green",
        "fillColor": "green",
        "strokeColor": "green",
        "strokeWidth": 2,
        "borderColor": "green",
        "boderWidth": 2
      }
    },
    {
      "type": "Feature",
      "geometry": {
        "type": "Polygon",
        "coordinates": [
          [
            [
              126.8,
              -15.8
            ],
            [
              126.8,
              -15.8
            ],
            [
              126.8,
              -15.8
            ],
            [
              126.8,
              -15.8
            ],
            [
              126.8,
              -15.8
            ],
            [
              126.8,
              -15.8
            ],
            [
              126.8,
              -15.8
            ],
            [
              126.8,
              -15.8
            ],
            [
              126.8,
              -15.8
            ],
            [
              126.8,
              -15.8
            ],
            [
              126.8,
              -15.8
            ],
            [
              126.8,
              -15.8
            ],
            [
              126.8,
              -15.8
            ],
            [
              126.8,
              -15.8
            ],
            [
              126.8,
              -15.8
            ],
            [
              126.8,
              -15.8
            ],
            [
              126.8,
              -15.8
            ],
            [
              126.8,
              -15.8
            ],
            [
              126.8,
              -15.8
            ],
            [
              126.8,
              -15.8
            ],
            [
              126.8,
              -15.8
            ],
            [
              126.8,
              -15.8
            ],
            [
              126.8,
              -15.8
            ],
            [
              126.8,
              -15.8
            ],
            [
              126.8,
              -15.8
            ],
            [
              126.8,
              -15.8
            ],
            [
              126.8,
              -15.8
            ],
            [
              126.8,
              -15.8
            ],
            [
              126.8,
              -15.8
            ],
            [
              126.8,
              -15.8
            ],
            [
              126.8,
              -15.8
            ],
            [
              126.8,
              -15.8
            ],
            [
              126.8,
              -15.8
            ],
            [
              126.8,
              -15.8
            ],
            [
              126.8,
              -15.8
            ],
            [
              126.8,
              -15.8
            ],
            [
              126.8,
              -15.8
            ],
            [
              126.8,
              -15.8
            ],
            [
              126.8,
              -15.8
            ],
            [
              126.8,
              -15.8
            ],
            [
              126.8,
              -15.8
            ],
            [
              126.8,
              -15.8
            ],
            [
              126.8,
              -15.8
            ],
            [
              126.8,
              -15.8
            ],
            [
              126.8,
              -15.8
            ],
            [
              126.8,
              -15.8
            ],
            [
              126.8,
              -15.8
            ],
            [
              126.8,
              -15.8
            ],
            [
              126.8,
              -15.8
            ],
            [
              126.8,
              -15.8
            ],
            [
              126.8,
              -15.8
            ],
            [
              126.8,
              -15.8
            ],
            [
              126.8,
              -15.8
            ],
            [
              126.8,
              -15.8
            ],
            [
              126.8,
              -15.8
            ],
            [
              126.8,
              -15.8
            ],
            [
              126.8,
              -15.8
            ],
            [
              126.8,
              -15.8
            ],
            [
              126.8,
              -15.8
            ],
            [
              126.8,
              -15.8
            ],
            [
              126.8,
              -15.8
            ],
            [
              126.8,
              -15.8
            ],
            [
              126.8,
              -15.8
            ],
            [
              126.8,
              -15.8
            ],
            [
              126.8,
              -15.8
            ],
            [
              126.8,
              -15.8
            ],
            [
              126.8,
              -15.8
            ],
            [
              126.8,
              -15.8
            ],
            [
              126.8,
              -15.8
            ],
            [
              126.8,
              -15.8
            ],
            [
              126.8,
              -15.8
            ],
            [
              126.8,
              -15.8
            ],
            [
              126.8,
              -15.8
            ],
            [
              126.8,
              -15.8
            ],
            [
              126.8,
              -15.8
            ],
            [
              126.8,
              -15.8
            ],
            [
              126.8,
              -15.8
            ],
            [
              126.8,
              -15.8
            ],
            [
              126.8,
              -15.8
            ],
            [
              126.8,
              -15.8
            ],
            [
              126.8,
              -15.8
            ],
            [
              126.8,
              -15.8
            ],
            [
              126.8,
              -15.8
            ],
            [
              126.8,
              -15.8
            ],
            [
              126.8,
              -15.8
            ],
            [
              126.8,
              -15.8
            ],
            [
              126.8,
              -15.8
            ],
            [
              126.8,
              -15.8
            ],
            [
              126.8,
              -15.8
            ],
            [
              126.8,
              -15.8
            ],
            [
              126.8,
              -15.8
            ],
            [
              126.8,
              -15.8
            ],
            [
              126.8,
              -15.8
            ],
            [
              126.8,
              -15.8
            ],
            [
              126.8,
              -15.8
            ],
            [
              126.8,
              -15.8
            ],
            [
              126.8,
              -15.8
            ],
            [
              126.8,
              -15.8
            ],
            [
              126.8,
              -15.8
            ],
            [
              126.8,
              -15.8
            ],
            [
              126.8,
              -15.8
            ],
            [
              126.8,
              -15.8
            ],
            [
              126.8,
              -15.8
            ],
            [
              126.8,
              -15.8
            ],
            [
              126.8,
              -15.8
            ],
            [
              126.8,
              -15.8
            ],
            [
              126.8,
              -15.8
            ],
            [
              126.8,
              -15.8
            ],
            [
              126.8,
              -15.8
            ],
            [
              126.8,
              -15.8
            ],
            [
              126.8,
              -15.8
            ],
            [
              126.8,
              -15.8
            ],
            [
              126.8,
              -15.8
            ],
            [
              126.8,
              -15.8
            ],
            [
              126.8,
              -15.8
            ],
            [
              126.8,
              -15.8
            ],
            [
              126.8,
              -15.8
            ],
            [
              126.8,
              -15.8
            ],
            [
              126.8,
              -15.8
            ],
            [
              126.8,
              -15.8
            ],
            [
              126.8,
              -15.8
            ],
            [
              126.8,
              -15.8
            ],
            [
              126.8,
              -15.8
            ],
            [
              126.8,
              -15.8
            ],
            [
              126.8,
              -15.8
            ],
            [
              126.8,
              -15.8
            ],
            [
              126.8,
              -15.8
            ],
            [
              126.8,
              -15.8
            ],
            [
              126.8,
              -15.8
            ],
            [
              126.8,
              -15.8
            ],
            [
              126.8,
              -15.8
            ],
            [
              126.8,
              -15.8
            ],
            [
              126.8,
              -15.8
            ],
            [
              126.8,
              -15.8
            ],
            [
              126.8,
              -15.8
            ],
            [
              126.8,
              -15.8
            ],
            [
              126.8,
              -15.8
            ],
            [
              126.8,
              -15.8
            ],
            [
              126.8,
              -15.8
            ],
            [
              126.8,
              -15.8
            ],
            [
              126.8,
              -15.8
            ],
            [
              126.8,
              -15.8
            ],
            [
              126.8,
              -15.8
            ],
            [
              126.8,
              -15.8
            ],
            [
              126.8,
              -15.8
            ],
            [
              126.8,
              -15.8
            ],
            [
              126.8,
              -15.8
            ],
            [
              126.8,
              -15.8
            ],
            [
              126.8,
              -15.8
            ],
            [
              126.8,
              -15.8
            ],
            [
              126.8,
              -15.8
            ],
            [
              126.8,
              -15.8
            ],
            [
              126.8,
              -15.8
            ],
            [
              126.8,
              -15.8
            ],
            [
              126.8,
              -15.8
            ],
            [
              126.8,
              -15.8
            ],
            [
              126.8,
              -15.8
            ],
            [
              126.8,
              -15.8
            ],
            [
              126.8,
              -15.8
            ],
            [
              126.8,
              -15.8
            ],
            [
              126.8,
              -15.8
            ],
            [
              126.8,
              -15.8
            ],
            [
              126.8,
              -15.8
            ],
            [
              126.8,
              -15.8
            ],
            [
              126.8,
              -15.8
            ],
            [
              126.8,
              -15.8
            ],
            [
              126.8,
              -15.8
            ],
            [
              126.8,
              -15.8
            ],
            [
              126.8,
              -15.8
            ],
            [
              126.8,
              -15.8
            ],
            [
              126.8,
              -15.8
            ],
            [
              126.8,
              -15.8
            ],
            [
              126.8,
              -15.8
            ],
            [
              126.8,
              -15.8
            ],
            [
              126.8,
              -15.8
            ],
            [
              126.8,
              -15.8
            ],
            [
              126.8,
              -15.8
            ],
            [
              126.8,
              -15.8
            ],
            [
              126.8,
              -15.8
            ],
            [
              126.8,
              -15.8
            ],
            [
              126.8,
              -15.8
            ],
            [
              126.8,
              -15.8
            ],
            [
              126.8,
              -15.8
            ],
            [
              126.8,
              -15.8
            ],
            [
              126.8,
              -15.8
            ],
            [
              126.8,
              -15.8
            ],
            [
              126.8,
              -15.8
            ],
            [
              126.8,
              -15.8
            ],
            [
              126.8,
              -15.8
            ],
            [
              126.8,
              -15.8
            ],
            [
              126.8,
              -15.8
            ],
            [
              126.8,
              -15.8
            ],
            [
              126.8,
              -15.8
            ],
            [
              126.8,
              -15.8
            ],
            [
              126.8,
              -15.8
            ],
            [
              126.8,
              -15.8
            ],
            [
              126.8,
              -15.8
            ],
            [
              126.8,
              -15.8
            ],
            [
              126.8,
              -15.8
            ],
            [
              126.8,
              -15.8
            ],
            [
              126.8,
              -15.8
            ],
            [
              126.8,
              -15.8
            ],
            [
              126.8,
              -15.8
            ],
            [
              126.8,
              -15.8
            ],
            [
              126.8,
              -15.8
            ],
            [
              126.8,
              -15.8
            ],
            [
              126.8,
              -15.8
            ],
            [
              126.8,
              -15.8
            ],
            [
              126.8,
              -15.8
            ],
            [
              126.8,
              -15.8
            ],
            [
              126.8,
              -15.8
            ],
            [
              126.8,
              -15.8
            ],
            [
              126.8,
              -15.8
            ],
            [
              126.8,
              -15.8
            ],
            [
              126.8,
              -15.8
            ],
            [
              126.8,
              -15.8
            ],
            [
              126.8,
              -15.8
            ],
            [
              126.8,
              -15.8
            ],
            [
              126.8,
              -15.8
            ],
            [
              126.8,
              -15.8
            ],
            [
              126.8,
              -15.8
            ],
            [
              126.8,
              -15.8
            ],
            [
              126.8,
              -15.8
            ],
            [
              126.8,
              -15.8
            ],
            [
              126.8,
              -15.8
            ],
            [
              126.8,
              -15.8
            ],
            [
              126.8,
              -15.8
            ],
            [
              126.8,
              -15.8
            ],
            [
              126.8,
              -15.8
            ],
            [
              126.8,
              -15.8
            ],
            [
              126.8,
              -15.8
            ],
            [
              126.8,
              -15.8
            ],
            [
              126.8,
              -15.8
            ],
            [
              126.8,
              -15.8
            ],
            [
              126.8,
              -15.8
            ],
            [
              126.8,
              -15.8
            ],
            [
              126.8,
              -15.8
            ],
            [
              126.8,
              -15.8
            ],
            [
              126.8,
              -15.8
            ],
            [
              126.8,
              -15.8
            ],
            [
              126.8,
              -15.8
            ],
            [
              126.8,
              -15.8
            ],
            [
              126.8,
              -15.8
            ],
            [
              126.8,
              -15.8
            ],
            [
              126.8,
              -15.8
            ],
            [
              126.8,
              -15.8
            ],
            [
              126.8,
              -15.8
            ],
            [
              126.8,
              -15.8
            ],
            [
              126.8,
              -15.8
            ],
            [
              126.8,
              -15.8
            ],
            [
              126.8,
              -15.8
            ],
            [
              126.8,
              -15.8
            ],
            [
              126.8,
              -15.8
            ],
            [
              126.8,
              -15.8
            ],
            [
              126.8,
              -15.8
            ],
            [
              126.8,
              -15.8
            ],
            [
              126.8,
              -15.8
            ],
            [
              126.8,
              -15.8
            ],
            [
              126.8,
              -15.8
            ],
            [
              126.8,
              -15.8
            ],
            [
              126.8,
              -15.8
            ],
            [
              126.8,
              -15.8
            ],
            [
              126.8,
              -15.8
            ],
            [
              126.8,
              -15.8
            ],
            [
              126.8,
              -15.8
            ],
            [
              126.8,
              -15.8
            ],
            [
              126.8,
              -15.8
            ],
            [
              126.8,
              -15.8
            ],
            [
              126.8,
              -15.8
            ],
            [
              126.8,
              -15.8
            ],
            [
              126.8,
              -15.8
            ],
            [
              126.8,
              -15.8
            ],
            [
              126.8,
              -15.8
            ],
            [
              126.8,
              -15.8
            ],
            [
              126.8,
              -15.8
            ],
            [
              126.8,
              -15.8
            ],
            [
              126.8,
              -15.8
            ],
            [
              126.8,
              -15.8
            ],
            [
              126.8,
              -15.8
            ],
            [
              126.8,
              -15.8
            ],
            [
              126.8,
              -15.8
            ],
            [
              126.8,
              -15.8
            ],
            [
              126.8,
              -15.8
            ],
            [
              126.8,
              -15.8
            ],
            [
              126.8,
              -15.8
            ],
            [
              126.8,
              -15.8
            ],
            [
              126.8,
              -15.8
            ],
            [
              126.8,
              -15.8
            ],
            [
              126.8,
              -15.8
            ],
            [
              126.8,
              -15.8
            ],
            [
              126.8,
              -15.8
            ],
            [
              126.8,
              -15.8
            ],
            [
              126.8,
              -15.8
            ],
            [
              126.8,
              -15.8
            ],
            [
              126.8,
              -15.8
            ],
            [
              126.8,
              -15.8
            ],
            [
              126.8,
              -15.8
            ],
            [
              126.8,
              -15.8
            ],
            [
              126.8,
              -15.8
            ],
            [
              126.8,
              -15.8
            ],
            [
              126.8,
              -15.8
            ],
            [
              126.8,
              -15.8
            ],
            [
              126.8,
              -15.8
            ],
            [
              126.8,
              -15.8
            ],
            [
              126.8,
              -15.8
            ],
            [
              126.8,
              -15.8
            ],
            [
              126.8,
              -15.8
            ],
            [
              126.8,
              -15.8
            ],
            [
              126.8,
              -15.8
            ],
            [
              126.8,
              -15.8
            ],
            [
              126.8,
              -15.8
            ],
            [
              126.8,
              -15.8
            ],
            [
              126.8,
              -15.8
            ],
            [
              126.8,
              -15.8
            ],
            [
              126.8,
              -15.8
            ],
            [
              126.8,
              -15.8
            ],
            [
              126.8,
              -15.8
            ],
            [
              126.8,
              -15.8
            ],
            [
              126.8,
              -15.8
            ],
            [
              126.8,
              -15.8
            ],
            [
              126.8,
              -15.8
            ],
            [
              126.8,
              -15.8
            ],
            [
              126.8,
              -15.8
            ],
            [
              126.8,
              -15.8
            ],
            [
              126.8,
              -15.8
            ],
            [
              126.8,
              -15.8
            ],
            [
              126.8,
              -15.8
            ],
            [
              126.8,
              -15.8
            ],
            [
              126.8,
              -15.8
            ],
            [
              126.8,
              -15.8
            ],
            [
              126.8,
              -15.8
            ],
            [
              126.8,
              -15.8
            ],
            [
              126.8,
              -15.8
            ],
            [
              126.8,
              -15.8
            ],
            [
              126.8,
              -15.8
            ],
            [
              126.8,
              -15.8
            ],
            [
              126.8,
              -15.8
            ],
            [
              126.8,
              -15.8
            ],
            [
              126.8,
              -15.8
            ],
            [
              126.8,
              -15.8
            ],
            [
              126.8,
              -15.8
            ],
            [
              126.8,
              -15.8
            ],
            [
              126.8,
              -15.8
            ],
            [
              126.8,
              -15.8
            ],
            [
              126.8,
              -15.8
            ],
            [
              126.8,
              -15.8
            ],
            [
              126.8,
              -15.8
            ],
            [
              126.8,
              -15.8
            ],
            [
              126.8,
              -15.8
            ],
            [
              126.8,
              -15.8
            ],
            [
              126.8,
              -15.8
            ],
            [
              126.8,
              -15.8
            ],
            [
              126.8,
              -15.8
            ],
            [
              126.8,
              -15.8
            ],
            [
              126.8,
              -15.8
            ],
            [
              126.8,
              -15.8
            ],
            [
              126.8,
              -15.8
            ],
            [
              126.8,
              -15.8
            ],
            [
              126.8,
              -15.8
            ],
            [
              126.8,
              -15.8
            ],
            [
              126.8,
              -15.8
            ],
            [
              126.8,
              -15.8
            ],
            [
              126.8,
              -15.8
            ],
            [
              126.8,
              -15.8
            ],
            [
              126.8,
              -15.8
            ]
          ]
        ]
      },
      "properties": {
        "id": 82,
        "color": "Orange",
        "fillColor": "Orange",
        "strokeColor": "green",
        "strokeWidth": 2,
        "borderColor": "green",
        "boderWidth": 2
      }
    },
    {
      "type": "Feature",
      "geometry": {
        "type": "Polygon",
        "coordinates": [
          [
            [
              128.9,
              -13.63
            ],
            [
              128.9015,
              -13.63
            ],
            [
              128.9029,
              -13.6299
            ],
            [
              128.9044,
              -13.6297
            ],
            [
              128.9059,
              -13.6294
            ],
            [
              128.9073,
              -13.6291
            ],
            [
              128.9087,
              -13.6287
            ],
            [
              128.9101,
              -13.6282
            ],
            [
              128.9115,
              -13.6277
            ],
            [
              128.9128,
              -13.6271
            ],
            [
              128.9141,
              -13.6265
            ],
            [
              128.9154,
              -13.6257
            ],
            [
              128.9167,
              -13.6249
            ],
            [
              128.9179,
              -13.6241
            ],
            [
              128.919,
              -13.6232
            ],
            [
              128.9201,
              -13.6222
            ],
            [
              128.9212,
              -13.6212
            ],
            [
              128.9222,
              -13.6201
            ],
            [
              128.9232,
              -13.619
            ],
            [
              128.9241,
              -13.6179
            ],
            [
              128.9249,
              -13.6167
            ],
            [
              128.9257,
              -13.6154
            ],
            [
              128.9265,
              -13.6141
            ],
            [
              128.9271,
              -13.6128
            ],
            [
              128.9277,
              -13.6115
            ],
            [
              128.9282,
              -13.6101
            ],
            [
              128.9287,
              -13.6087
            ],
            [
              128.9291,
              -13.6073
            ],
            [
              128.9294,
              -13.6059
            ],
            [
              128.9297,
              -13.6044
            ],
            [
              128.9299,
              -13.6029
            ],
            [
              128.93,
              -13.6015
            ],
            [
              128.93,
              -13.6
            ],
            [
              128.93,
              -13.5985
            ],
            [
              128.9299,
              -13.5971
            ],
            [
              128.9297,
              -13.5956
            ],
            [
              128.9294,
              -13.5941
            ],
            [
              128.9291,
              -13.5927
            ],
            [
              128.9287,
              -13.5913
            ],
            [
              128.9282,
              -13.5899
            ],
            [
              128.9277,
              -13.5885
            ],
            [
              128.9271,
              -13.5872
            ],
            [
              128.9265,
              -13.5859
            ],
            [
              128.9257,
              -13.5846
            ],
            [
              128.9249,
              -13.5833
            ],
            [
              128.9241,
              -13.5821
            ],
            [
              128.9232,
              -13.581
            ],
            [
              128.9222,
              -13.5799
            ],
            [
              128.9212,
              -13.5788
            ],
            [
              128.9201,
              -13.5778
            ],
            [
              128.919,
              -13.5768
            ],
            [
              128.9179,
              -13.5759
            ],
            [
              128.9167,
              -13.5751
            ],
            [
              128.9154,
              -13.5743
            ],
            [
              128.9141,
              -13.5735
            ],
            [
              128.9128,
              -13.5729
            ],
            [
              128.9115,
              -13.5723
            ],
            [
              128.9101,
              -13.5718
            ],
            [
              128.9087,
              -13.5713
            ],
            [
              128.9073,
              -13.5709
            ],
            [
              128.9059,
              -13.5706
            ],
            [
              128.9044,
              -13.5703
            ],
            [
              128.9029,
              -13.5701
            ],
            [
              128.9015,
              -13.57
            ],
            [
              128.9,
              -13.57
            ],
            [
              128.8985,
              -13.57
            ],
            [
              128.8971,
              -13.5701
            ],
            [
              128.8956,
              -13.5703
            ],
            [
              128.8941,
              -13.5706
            ],
            [
              128.8927,
              -13.5709
            ],
            [
              128.8913,
              -13.5713
            ],
            [
              128.8899,
              -13.5718
            ],
            [
              128.8885,
              -13.5723
            ],
            [
              128.8872,
              -13.5729
            ],
            [
              128.8859,
              -13.5735
            ],
            [
              128.8846,
              -13.5743
            ],
            [
              128.8833,
              -13.5751
            ],
            [
              128.8821,
              -13.5759
            ],
            [
              128.881,
              -13.5768
            ],
            [
              128.8799,
              -13.5778
            ],
            [
              128.8788,
              -13.5788
            ],
            [
              128.8778,
              -13.5799
            ],
            [
              128.8768,
              -13.581
            ],
            [
              128.8759,
              -13.5821
            ],
            [
              128.8751,
              -13.5833
            ],
            [
              128.8743,
              -13.5846
            ],
            [
              128.8735,
              -13.5859
            ],
            [
              128.8729,
              -13.5872
            ],
            [
              128.8723,
              -13.5885
            ],
            [
              128.8718,
              -13.5899
            ],
            [
              128.8713,
              -13.5913
            ],
            [
              128.8709,
              -13.5927
            ],
            [
              128.8706,
              -13.5941
            ],
            [
              128.8703,
              -13.5956
            ],
            [
              128.8701,
              -13.5971
            ],
            [
              128.87,
              -13.5985
            ],
            [
              128.87,
              -13.6
            ],
            [
              128.87,
              -13.6015
            ],
            [
              128.8701,
              -13.6029
            ],
            [
              128.8703,
              -13.6044
            ],
            [
              128.8706,
              -13.6059
            ],
            [
              128.8709,
              -13.6073
            ],
            [
              128.8713,
              -13.6087
            ],
            [
              128.8718,
              -13.6101
            ],
            [
              128.8723,
              -13.6115
            ],
            [
              128.8729,
              -13.6128
            ],
            [
              128.8735,
              -13.6141
            ],
            [
              128.8743,
              -13.6154
            ],
            [
              128.8751,
              -13.6167
            ],
            [
              128.8759,
              -13.6179
            ],
            [
              128.8768,
              -13.619
            ],
            [
              128.8778,
              -13.6201
            ],
            [
              128.8788,
              -13.6212
            ],
            [
              128.8799,
              -13.6222
            ],
            [
              128.881,
              -13.6232
            ],
            [
              128.8821,
              -13.6241
            ],
            [
              128.8833,
              -13.6249
            ],
            [
              128.8846,
              -13.6257
            ],
            [
              128.8859,
              -13.6265
            ],
            [
              128.8872,
              -13.6271
            ],
            [
              128.8885,
              -13.6277
            ],
            [
              128.8899,
              -13.6282
            ],
            [
              128.8913,
              -13.6287
            ],
            [
              128.8927,
              -13.6291
            ],
            [
              128.8941,
              -13.6294
            ],
            [
              128.8956,
              -13.6297
            ],
            [
              128.8971,
              -13.6299
            ],
            [
              128.8985,
              -13.63
            ],
            [
              128.9,
              -13.63
            ]
          ]
        ]
      },
      "properties": {
        "id": 83,
        "color": "green",
        "fillColor": "green",
        "strokeColor": "green",
        "strokeWidth": 2,
        "borderColor": "green",
        "boderWidth": 2
      }
    },
    {
      "type": "Feature",
      "geometry": {
        "type": "LineString",
        "coordinates": [
          [
            129.7,
            -12.8
          ],
          [
            129.3,
            -13.2
          ]
        ]
      },
      "properties": {
        "id": 84,
        "color": "green",
        "fillColor": "green",
        "strokeColor": "green",
        "strokeWidth": 2,
        "borderColor": "green",
        "boderWidth": 2
      }
    },
    {
      "type": "Feature",
      "geometry": {
        "type": "Polygon",
        "coordinates": [
          [
            [
              132.6,
              -9.73
            ],
            [
              132.6015,
              -9.73
            ],
            [
              132.6029,
              -9.7299
            ],
            [
              132.6044,
              -9.7297
            ],
            [
              132.6059,
              -9.7294
            ],
            [
              132.6073,
              -9.7291
            ],
            [
              132.6087,
              -9.7287
            ],
            [
              132.6101,
              -9.7282
            ],
            [
              132.6115,
              -9.7277
            ],
            [
              132.6128,
              -9.7271
            ],
            [
              132.6141,
              -9.7265
            ],
            [
              132.6154,
              -9.7257
            ],
            [
              132.6167,
              -9.7249
            ],
            [
              132.6179,
              -9.7241
            ],
            [
              132.619,
              -9.7232
            ],
            [
              132.6201,
              -9.7222
            ],
            [
              132.6212,
              -9.7212
            ],
            [
              132.6222,
              -9.7201
            ],
            [
              132.6232,
              -9.719
            ],
            [
              132.6241,
              -9.7179
            ],
            [
              132.6249,
              -9.7167
            ],
            [
              132.6257,
              -9.7154
            ],
            [
              132.6265,
              -9.7141
            ],
            [
              132.6271,
              -9.7128
            ],
            [
              132.6277,
              -9.7115
            ],
            [
              132.6282,
              -9.7101
            ],
            [
              132.6287,
              -9.7087
            ],
            [
              132.6291,
              -9.7073
            ],
            [
              132.6294,
              -9.7059
            ],
            [
              132.6297,
              -9.7044
            ],
            [
              132.6299,
              -9.7029
            ],
            [
              132.63,
              -9.7015
            ],
            [
              132.63,
              -9.7
            ],
            [
              132.63,
              -9.6985
            ],
            [
              132.6299,
              -9.6971
            ],
            [
              132.6297,
              -9.6956
            ],
            [
              132.6294,
              -9.6941
            ],
            [
              132.6291,
              -9.6927
            ],
            [
              132.6287,
              -9.6913
            ],
            [
              132.6282,
              -9.6899
            ],
            [
              132.6277,
              -9.6885
            ],
            [
              132.6271,
              -9.6872
            ],
            [
              132.6265,
              -9.6859
            ],
            [
              132.6257,
              -9.6846
            ],
            [
              132.6249,
              -9.6833
            ],
            [
              132.6241,
              -9.6821
            ],
            [
              132.6232,
              -9.681
            ],
            [
              132.6222,
              -9.6799
            ],
            [
              132.6212,
              -9.6788
            ],
            [
              132.6201,
              -9.6778
            ],
            [
              132.619,
              -9.6768
            ],
            [
              132.6179,
              -9.6759
            ],
            [
              132.6167,
              -9.6751
            ],
            [
              132.6154,
              -9.6743
            ],
            [
              132.6141,
              -9.6735
            ],
            [
              132.6128,
              -9.6729
            ],
            [
              132.6115,
              -9.6723
            ],
            [
              132.6101,
              -9.6718
            ],
            [
              132.6087,
              -9.6713
            ],
            [
              132.6073,
              -9.6709
            ],
            [
              132.6059,
              -9.6706
            ],
            [
              132.6044,
              -9.6703
            ],
            [
              132.6029,
              -9.6701
            ],
            [
              132.6015,
              -9.67
            ],
            [
              132.6,
              -9.67
            ],
            [
              132.5985,
              -9.67
            ],
            [
              132.5971,
              -9.6701
            ],
            [
              132.5956,
              -9.6703
            ],
            [
              132.5941,
              -9.6706
            ],
            [
              132.5927,
              -9.6709
            ],
            [
              132.5913,
              -9.6713
            ],
            [
              132.5899,
              -9.6718
            ],
            [
              132.5885,
              -9.6723
            ],
            [
              132.5872,
              -9.6729
            ],
            [
              132.5859,
              -9.6735
            ],
            [
              132.5846,
              -9.6743
            ],
            [
              132.5833,
              -9.6751
            ],
            [
              132.5821,
              -9.6759
            ],
            [
              132.581,
              -9.6768
            ],
            [
              132.5799,
              -9.6778
            ],
            [
              132.5788,
              -9.6788
            ],
            [
              132.5778,
              -9.6799
            ],
            [
              132.5768,
              -9.681
            ],
            [
              132.5759,
              -9.6821
            ],
            [
              132.5751,
              -9.6833
            ],
            [
              132.5743,
              -9.6846
            ],
            [
              132.5735,
              -9.6859
            ],
            [
              132.5729,
              -9.6872
            ],
            [
              132.5723,
              -9.6885
            ],
            [
              132.5718,
              -9.6899
            ],
            [
              132.5713,
              -9.6913
            ],
            [
              132.5709,
              -9.6927
            ],
            [
              132.5706,
              -9.6941
            ],
            [
              132.5703,
              -9.6956
            ],
            [
              132.5701,
              -9.6971
            ],
            [
              132.57,
              -9.6985
            ],
            [
              132.57,
              -9.7
            ],
            [
              132.57,
              -9.7015
            ],
            [
              132.5701,
              -9.7029
            ],
            [
              132.5703,
              -9.7044
            ],
            [
              132.5706,
              -9.7059
            ],
            [
              132.5709,
              -9.7073
            ],
            [
              132.5713,
              -9.7087
            ],
            [
              132.5718,
              -9.7101
            ],
            [
              132.5723,
              -9.7115
            ],
            [
              132.5729,
              -9.7128
            ],
            [
              132.5735,
              -9.7141
            ],
            [
              132.5743,
              -9.7154
            ],
            [
              132.5751,
              -9.7167
            ],
            [
              132.5759,
              -9.7179
            ],
            [
              132.5768,
              -9.719
            ],
            [
              132.5778,
              -9.7201
            ],
            [
              132.5788,
              -9.7212
            ],
            [
              132.5799,
              -9.7222
            ],
            [
              132.581,
              -9.7232
            ],
            [
              132.5821,
              -9.7241
            ],
            [
              132.5833,
              -9.7249
            ],
            [
              132.5846,
              -9.7257
            ],
            [
              132.5859,
              -9.7265
            ],
            [
              132.5872,
              -9.7271
            ],
            [
              132.5885,
              -9.7277
            ],
            [
              132.5899,
              -9.7282
            ],
            [
              132.5913,
              -9.7287
            ],
            [
              132.5927,
              -9.7291
            ],
            [
              132.5941,
              -9.7294
            ],
            [
              132.5956,
              -9.7297
            ],
            [
              132.5971,
              -9.7299
            ],
            [
              132.5985,
              -9.73
            ],
            [
              132.6,
              -9.73
            ]
          ]
        ]
      },
      "properties": {
        "id": 85,
        "color": "green",
        "fillColor": "green",
        "strokeColor": "green",
        "strokeWidth": 2,
        "borderColor": "green",
        "boderWidth": 2
      }
    }
  ]
}